employee_id,date_of_birth,date_of_joining,exit_date,employment_status,exit_reason,retirement_age,spouse_eligible_flag,spouse_date_of_birth,superannuation_join_date,diagnostic_attained_age_years,diagnostic_joining_age_years,diagnostic_service_years,missing_date_of_birth_flag,missing_date_of_joining_flag,missing_retirement_age_flag,spouse_eligible_missing_dob_flag,dob_after_valuation_flag,doj_after_valuation_flag,doj_on_or_before_dob_flag,exit_before_joining_flag,active_with_exit_date_flag,inactive_without_exit_date_flag,active_with_exit_reason_flag,inactive_without_exit_reason_flag,status_exit_reason_mismatch_flag,superannuation_join_before_company_join_flag,superannuation_join_after_valuation_flag,unusual_joining_age_flag,impossible_attained_age_flag,active_past_retirement_age_flag
E00033,1966-03-04,2022-10-30,,Active,,60,Yes,1968-01-02,,60.49555099247091,56.6570841889117,3.838466803559206,False,False,False,False,False,False,False,False,False,False,False,False,False,False,False,False,False,True
E00039,,2021-12-16,,Active,,60,Yes,1973-03-13,2022-06-11,,,4.7091033538672145,True,False,False,False,False,False,False,False,False,False,False,False,False,False,False,False,False,False
E00048,,2026-01-08,2026-02-28,Exited,Withdrawal,60,No,,,,,0.13963039014373715,True,False,False,False,False,False,False,False,False,False,False,False,False,False,False,False,False,False
E00057,1999-06-04,,,Active,,60,No,,2024-07-30,27.24435318275154,,,False,True,False,False,False,False,False,False,False,False,False,False,False,False,False,False,False,False
E00058,1991-01-31,2018-06-26,,Exited,Withdrawal,60,Yes,1988-09-26,2018-08-28,35.58384668035592,27.40041067761807,8.183436002737851,False,False,False,False,False,False,False,False,False,True,False,False,False,False,False,False,False,False
E00105,1997-06-30,2019-07-01,,Exited,Withdrawal,60,No,,,29.17180013689254,22.001368925393567,7.170431211498974,False,False,False,False,False,False,False,False,False,True,False,False,False,False,False,False,False,False
E00127,,2017-02-10,2024-11-18,Exited,Withdrawal,60,Yes,1980-06-25,,,,7.770020533880904,True,False,False,False,False,False,False,False,False,False,False,False,False,False,False,False,False,False
E00135,,2017-07-27,,Active,,60,No,,2018-02-20,,,9.097878165639973,True,False,False,False,False,False,False,False,False,False,False,False,False,False,False,False,False,False
E00136,,2021-10-17,2025-12-24,Exited,Withdrawal,60,No,,2022-09-24,,,4.186173853524983,True,False,False,False,False,False,False,False,False,False,False,False,False,False,False,False,False,False
E00147,1965-05-16,2020-07-23,,Active,,60,Yes,1968-04-08,2021-02-14,61.295003422313485,55.186858316221766,6.108145106091718,False,False,False,False,False,False,False,False,False,False,False,False,False,False,False,False,False,True
E00151,2000-06-27,2018-06-27,2024-04-28,Exited,Withdrawal,60,No,,,26.17932922655715,17.998631074606433,5.83709787816564,False,False,False,False,False,False,False,False,False,False,False,False,False,False,False,True,False,False
E00166,1980-07-02,2025-02-22,,Retired,Retirement,60,No,,2025-09-30,46.16563997262149,44.643394934976044,1.5222450376454484,False,False,False,False,False,False,False,False,False,True,False,False,False,False,False,False,False,False
E00167,1985-10-14,,,Active,,60,Yes,1987-01-18,,40.88158795345654,,,False,True,False,False,False,False,False,False,False,False,False,False,False,False,False,False,False,False
E00174,2005-08-23,2023-08-23,,Active,,60,No,,2024-03-28,21.023956194387406,17.998631074606433,3.025325119780972,False,False,False,False,False,False,False,False,False,False,False,False,False,False,False,True,False,False
E00184,1965-04-30,2013-06-01,,Active,,60,Yes,1966-09-11,2013-08-19,61.3388090349076,48.087611225188226,13.25119780971937,False,False,False,False,False,False,False,False,False,False,False,False,False,False,False,False,False,True
E00214,1984-08-30,2023-03-07,,Exited,Withdrawal,60,No,,,42.0041067761807,38.5160848733744,3.488021902806297,False,False,False,False,False,False,False,False,False,True,False,False,False,False,False,False,False,False
E00234,1980-06-21,2009-04-27,,Exited,Withdrawal,60,Yes,1979-02-07,2014-12-17,46.195756331279945,28.84873374401095,17.347022587268995,False,False,False,False,False,False,False,False,False,True,False,False,False,False,False,False,False,False
E00244,1997-06-05,2015-06-05,,Active,,60,No,,2015-12-16,29.240246406570844,17.998631074606433,11.241615331964407,False,False,False,False,False,False,False,False,False,False,False,False,False,False,False,True,False,False
E00245,1997-08-10,2015-10-11,,Early Retired,Early Retirement,60,Yes,2005-03-04,,29.059548254620122,18.168377823408623,10.8911704312115,False,False,False,False,False,False,False,False,False,True,False,False,False,False,False,False,False,False
E00310,2006-02-25,2024-02-25,2026-08-11,Exited,Withdrawal,60,No,,2024-12-03,20.514715947980836,17.998631074606433,2.458590006844627,False,False,False,False,False,False,False,False,False,False,False,False,False,False,False,True,False,False
E00327,,2021-02-22,,Active,,60,No,,2021-10-27,,,5.522245037645448,True,False,False,False,False,False,False,False,False,False,False,False,False,False,False,False,False,False
E00332,1988-03-19,2006-03-19,,Active,,60,Yes,1986-02-16,,38.45311430527036,17.998631074606433,20.45448323066393,False,False,False,False,False,False,False,False,False,False,False,False,False,False,False,True,False,False
E00346,2002-01-30,2020-01-30,,Active,,60,No,,2020-07-21,24.58590006844627,17.998631074606433,6.587268993839836,False,False,False,False,False,False,False,False,False,False,False,False,False,False,False,True,False,False
E00396,1988-09-19,2017-04-22,,Exited,Withdrawal,60,Yes,1988-12-20,,37.949349760438054,28.588637919233403,9.360711841204655,False,False,False,False,False,False,False,False,False,True,False,False,False,False,False,False,False,False
E00423,1996-10-01,2014-10-01,,Active,,60,No,,2014-12-02,29.916495550992472,17.998631074606433,11.917864476386036,False,False,False,False,False,False,False,False,False,False,False,False,False,False,False,True,False,False
E00440,1988-12-09,,,Active,,60,Yes,1993-12-01,2021-03-12,37.72758384668035,,,False,True,False,False,False,False,False,False,False,False,False,False,False,False,False,False,False,False
E00451,1996-09-03,2014-09-03,,Active,,60,No,,2014-11-08,29.99315537303217,17.998631074606433,11.994524298425736,False,False,False,False,False,False,False,False,False,False,False,False,False,False,False,True,False,False
E00455,1997-06-26,2023-10-19,,Deceased,Death,60,No,,,29.182751540041068,26.313483915126625,2.869267624914442,False,False,False,False,False,False,False,False,False,True,False,False,False,False,False,False,False,False
E00501,2005-06-20,2023-06-20,,Active,,60,No,,,21.19917864476386,17.998631074606433,3.2005475701574264,False,False,False,False,False,False,False,False,False,False,False,False,False,False,False,True,False,False
E00566,2005-06-24,2023-06-24,,Active,,60,No,,,21.188227241615333,17.998631074606433,3.189596167008898,False,False,False,False,False,False,False,False,False,False,False,False,False,False,False,True,False,False
E00606,1996-08-23,2014-08-23,,Active,,60,Yes,1996-11-28,2014-08-26,30.023271731690624,17.998631074606433,12.02464065708419,False,False,False,False,False,False,False,False,False,False,False,False,False,False,False,True,False,False
E00653,,2018-04-20,2025-08-17,Retired,Retirement,60,No,,2019-02-19,,,7.326488706365503,True,False,False,False,False,False,False,False,False,False,False,False,False,False,False,False,False,False
E00656,1997-06-20,2015-06-20,,Active,,60,No,,2015-12-18,29.19917864476386,17.998631074606433,11.200547570157427,False,False,False,False,False,False,False,False,False,False,False,False,False,False,False,True,False,False
E00657,1991-08-18,2003-08-18,,Active,,60,Yes,1994-10-12,2025-03-09,35.03901437371663,12.0,23.039014373716633,False,False,False,False,False,False,False,False,False,False,False,False,False,False,False,True,False,False
E00660,1980-07-23,,,Active,,60,Yes,1976-08-28,,46.10814510609172,,,False,True,False,False,False,False,False,False,False,False,False,False,False,False,False,False,False,False
E00707,1976-01-19,2017-10-01,,Exited,Withdrawal,62,Yes,1978-05-19,2017-12-15,50.61738535249829,41.700205338809035,8.917180013689254,False,False,False,False,False,False,False,False,False,True,False,False,False,False,False,False,False,False
E00763,,2018-04-25,,Active,,60,Yes,1983-02-18,,,,8.353182751540041,True,False,False,False,False,False,False,False,False,False,False,False,False,False,False,False,False,False
E00795,1977-09-11,,,Active,,60,Yes,1975-10-01,2019-12-19,48.9719370294319,,,False,True,False,False,False,False,False,False,False,False,False,False,False,False,False,False,False,False
E00820,1975-01-22,,,Active,,60,Yes,1977-05-05,2023-10-22,51.60848733744011,,,False,True,False,False,False,False,False,False,False,False,False,False,False,False,False,False,False,False
E00825,1992-05-31,2005-05-31,2023-12-14,Exited,Withdrawal,60,No,,,34.25325119780972,12.999315537303216,18.537987679671456,False,False,False,False,False,False,False,False,False,False,False,False,False,False,False,True,False,False
E00831,1997-01-20,,2025-04-16,Exited,Withdrawal,60,No,,,29.61259411362081,,,False,True,False,False,False,False,False,False,False,False,False,False,False,False,False,False,False,False
E00870,1966-01-19,2018-10-09,,Active,,60,No,,,60.616016427104725,52.720054757015745,7.8959616700889805,False,False,False,False,False,False,False,False,False,False,False,False,False,False,False,False,False,True
E00875,1992-07-24,,,Active,,60,No,,2021-08-06,34.105407255304584,,,False,True,False,False,False,False,False,False,False,False,False,False,False,False,False,False,False,False
E00886,2000-10-20,2018-10-20,,Active,,60,No,,2019-05-21,25.864476386036962,17.998631074606433,7.865845311430527,False,False,False,False,False,False,False,False,False,False,False,False,False,False,False,True,False,False
E00896,1995-06-25,2023-07-16,,Deceased,Death,60,No,,,31.186858316221766,28.057494866529773,3.1293634496919918,False,False,False,False,False,False,False,False,False,True,False,False,False,False,False,False,False,False
E00909,2004-12-13,2022-12-13,,Active,,60,No,,,21.71663244353183,17.998631074606433,3.7180013689253935,False,False,False,False,False,False,False,False,False,False,False,False,False,False,False,True,False,False
E00928,2000-11-13,2018-11-13,,Active,,60,Yes,2003-07-25,2018-12-04,25.79876796714579,17.998631074606433,7.800136892539356,False,False,False,False,False,False,False,False,False,False,False,False,False,False,False,True,False,False
E00950,1989-08-23,,,Active,,60,Yes,1993-01-05,,37.02395619438741,,,False,True,False,False,False,False,False,False,False,False,False,False,False,False,False,False,False,False
E00953,1965-04-21,2014-08-09,,Active,,60,No,,,61.36344969199179,49.30047912388775,12.062970568104038,False,False,False,False,False,False,False,False,False,False,False,False,False,False,False,False,False,True
E00963,1986-10-07,2021-07-22,,Exited,Withdrawal,60,No,,2022-01-17,39.90143737166324,34.789869952087614,5.111567419575633,False,False,False,False,False,False,False,False,False,True,False,False,False,False,False,False,False,False
E00984,1984-10-21,2002-10-21,,Active,,60,No,,2010-12-30,41.86173853524983,17.998631074606433,23.863107460643395,False,False,False,False,False,False,False,False,False,False,False,False,False,False,False,True,False,False
E01012,1997-08-23,2015-08-23,,Active,,60,Yes,1996-11-12,2016-03-26,29.023956194387406,17.998631074606433,11.025325119780971,False,False,False,False,False,False,False,False,False,False,False,False,False,False,False,True,False,False
E01013,1994-01-10,2012-01-10,,Active,,60,No,,2014-10-11,32.64065708418891,17.998631074606433,14.642026009582478,False,False,False,False,False,False,False,False,False,False,False,False,False,False,False,True,False,False
E01066,,2020-05-15,,Active,,60,No,,,,,6.297056810403833,True,False,False,False,False,False,False,False,False,False,False,False,False,False,False,False,False,False
E01082,,2024-06-25,,Active,,60,Yes,1990-03-25,2024-09-11,,,2.184804928131417,True,False,False,False,False,False,False,False,False,False,False,False,False,False,False,False,False,False
E01107,,2021-05-13,,Active,,60,No,,2021-07-28,,,5.30321697467488,True,False,False,False,False,False,False,False,False,False,False,False,False,False,False,False,False,False
E01131,1982-05-08,,,Active,,60,Yes,1982-10-24,2017-03-02,44.31759069130732,,,False,True,False,False,False,False,False,False,False,False,False,False,False,False,False,False,False,False
E01162,,2022-01-07,,Active,,60,Yes,1999-08-06,2022-10-22,,,4.648870636550308,True,False,False,False,False,False,False,False,False,False,False,False,False,False,False,False,False,False
E01203,1984-08-03,,,Active,,60,No,,2024-07-15,42.078028747433265,,,False,True,False,False,False,False,False,False,False,False,False,False,False,False,False,False,False,False
E01225,1981-12-30,2021-08-05,,Exited,Withdrawal,60,Yes,1982-07-18,2021-10-22,44.67077344284736,39.59753593429158,5.073237508555784,False,False,False,False,False,False,False,False,False,True,False,False,False,False,False,False,False,False
E01234,1996-07-24,2014-07-24,,Active,,60,No,,2015-01-06,30.105407255304584,17.998631074606433,12.106776180698152,False,False,False,False,False,False,False,False,False,False,False,False,False,False,False,True,False,False
E01248,,2016-03-31,,Active,,60,Yes,1998-02-20,2016-09-05,,,10.420260095824778,True,False,False,False,False,False,False,False,False,False,False,False,False,False,False,False,False,False
E01252,1997-09-23,2015-09-23,2024-12-28,Exited,Withdrawal,60,Yes,1996-02-03,,28.93908281998631,17.998631074606433,9.264887063655031,False,False,False,False,False,False,False,False,False,False,False,False,False,False,False,True,False,False
E01297,1996-09-17,2014-09-17,,Active,,60,No,,2015-07-28,29.95482546201232,17.998631074606433,11.956194387405887,False,False,False,False,False,False,False,False,False,False,False,False,False,False,False,True,False,False
E01306,1992-05-04,2010-05-04,,Active,,60,No,,,34.327173169062284,17.998631074606433,16.32854209445585,False,False,False,False,False,False,False,False,False,False,False,False,False,False,False,True,False,False
E01313,1997-04-11,2015-04-11,2022-11-06,Early Retired,Early Retirement,60,No,,,29.39082819986311,17.998631074606433,7.572895277207392,False,False,False,False,False,False,False,False,False,False,False,False,False,False,False,True,False,False
E01320,2005-12-25,2023-12-25,,Active,,60,Yes,2004-03-18,2024-01-02,20.684462696783026,17.998631074606433,2.6858316221765914,False,False,False,False,False,False,False,False,False,False,False,False,False,False,False,True,False,False
E01328,,2020-08-11,,Active,,60,Yes,1988-02-22,2021-03-25,,,6.056125941136208,True,False,False,False,False,False,False,False,False,False,False,False,False,False,False,False,False,False
E01338,2006-06-17,2024-09-01,2024-11-13,Deceased,Withdrawal,60,No,,2024-12-14,20.20807665982204,18.209445585215605,0.1998631074606434,False,False,False,False,False,False,False,False,False,False,False,False,True,False,False,False,False,False
E01341,1988-11-10,2024-03-26,,Deceased,Death,60,No,,2025-03-24,37.80698151950719,35.37303216974675,2.433949349760438,False,False,False,False,False,False,False,False,False,True,False,False,False,False,False,False,False,False
E01370,2003-02-03,,,Active,,60,No,,,23.575633127994525,,,False,True,False,False,False,False,False,False,False,False,False,False,False,False,False,False,False,False
E01373,1966-02-03,2016-11-05,,Active,,60,Yes,1963-12-08,2016-11-20,60.57494866529774,50.75427789185489,9.820670773442847,False,False,False,False,False,False,False,False,False,False,False,False,False,False,False,False,False,True
E01390,1965-08-03,2014-01-31,,Active,,60,Yes,1961-06-15,2014-04-28,61.07871321013005,48.49555099247091,12.583162217659138,False,False,False,False,False,False,False,False,False,False,False,False,False,False,False,False,False,True
E01395,2001-12-11,2019-12-11,,Active,,60,No,,2020-11-08,24.722792607802873,17.998631074606433,6.72416153319644,False,False,False,False,False,False,False,False,False,False,False,False,False,False,False,True,False,False
E01396,1997-05-02,2015-05-02,2024-02-28,Disabled,Disability,60,No,,,29.333333333333332,17.998631074606433,8.826830937713895,False,False,False,False,False,False,False,False,False,False,False,False,False,False,False,True,False,False
E01408,2006-10-27,2024-10-27,,Exited,Withdrawal,60,No,,,19.8466803559206,18.001368925393567,1.8453114305270362,False,False,False,False,False,False,False,False,False,True,False,False,False,False,False,False,False,False
E01413,,2019-09-11,,Active,,60,Yes,1982-10-21,,,,6.973305954825462,True,False,False,False,False,False,False,False,False,False,False,False,False,False,False,False,False,False
E01423,1985-09-05,2019-08-24,,Retired,Retirement,60,No,,,40.988364134154686,33.96577686516085,7.02258726899384,False,False,False,False,False,False,False,False,False,True,False,False,False,False,False,False,False,False
E01424,1992-10-30,2020-04-11,2024-04-29,Active,Withdrawal,60,No,,2020-09-29,33.83709787816564,27.446954140999317,4.049281314168378,False,False,False,False,False,False,False,False,True,False,True,False,False,False,False,False,False,False
E01429,1992-12-23,2010-12-23,,Active,,60,No,,,33.68925393566051,17.998631074606433,15.690622861054072,False,False,False,False,False,False,False,False,False,False,False,False,False,False,False,True,False,False
E01435,2005-06-20,2023-06-20,,Active,,60,No,,,21.19917864476386,17.998631074606433,3.2005475701574264,False,False,False,False,False,False,False,False,False,False,False,False,False,False,False,True,False,False
E01439,,2023-03-22,,Active,,60,Yes,1978-07-07,,,,3.4469541409993156,True,False,False,False,False,False,False,False,False,False,False,False,False,False,False,False,False,False
E01442,2005-06-07,2023-06-07,,Active,,60,No,,2023-10-21,21.234770704996578,17.998631074606433,3.2361396303901437,False,False,False,False,False,False,False,False,False,False,False,False,False,False,False,True,False,False
E01458,1986-10-15,2012-09-12,2023-09-16,Deceased,Withdrawal,60,No,,,39.879534565366185,25.911019849418206,11.008898015058179,False,False,False,False,False,False,False,False,False,False,False,False,True,False,False,False,False,False
E01460,,2024-10-26,,Active,,60,Yes,1982-05-25,2025-09-07,,,1.8480492813141685,True,False,False,False,False,False,False,False,False,False,False,False,False,False,False,False,False,False
E01488,1996-11-09,2023-08-11,,Exited,Withdrawal,60,Yes,1998-12-01,2024-04-17,29.809719370294317,26.751540041067763,3.058179329226557,False,False,False,False,False,False,False,False,False,True,False,False,False,False,False,False,False,False
E01508,1998-01-25,2016-01-25,,Active,,60,Yes,1995-11-13,,28.59958932238193,17.998631074606433,10.600958247775496,False,False,False,False,False,False,False,False,False,False,False,False,False,False,False,True,False,False
E01511,,2021-12-05,,Active,,60,Yes,1979-04-14,2022-08-27,,,4.739219712525667,True,False,False,False,False,False,False,False,False,False,False,False,False,False,False,False,False,False
E01512,1993-01-08,,,Active,,60,Yes,1989-12-06,2021-06-01,33.64544832306639,,,False,True,False,False,False,False,False,False,False,False,False,False,False,False,False,False,False,False
E01519,1995-12-21,,,Active,,60,No,,2015-03-29,30.69678302532512,,,False,True,False,False,False,False,False,False,False,False,False,False,False,False,False,False,False,False
E01523,1999-05-11,2017-05-11,2025-12-04,Active,Withdrawal,60,No,,2018-02-05,27.310061601642712,18.001368925393567,8.566735112936344,False,False,False,False,False,False,False,False,True,False,True,False,False,False,False,False,False,False
E01525,1988-05-09,2023-01-17,,Early Retired,Early Retirement,60,No,,,38.313483915126625,34.691307323750856,3.62217659137577,False,False,False,False,False,False,False,False,False,True,False,False,False,False,False,False,False,False
E01536,1997-06-14,2015-06-14,,Active,,60,Yes,1998-02-07,2016-05-30,29.215605749486652,17.998631074606433,11.21697467488022,False,False,False,False,False,False,False,False,False,False,False,False,False,False,False,True,False,False
E01545,1997-03-20,2015-03-20,,Active,,60,Yes,1995-08-30,2016-02-01,29.451060917180012,17.998631074606433,11.45242984257358,False,False,False,False,False,False,False,False,False,False,False,False,False,False,False,True,False,False
E01548,2004-12-10,2022-12-10,,Active,,60,No,,,21.724845995893222,17.998631074606433,3.7262149212867897,False,False,False,False,False,False,False,False,False,False,False,False,False,False,False,True,False,False
E01551,2001-03-14,2019-03-14,,Active,,60,No,,,25.467488021902806,17.998631074606433,7.468856947296373,False,False,False,False,False,False,False,False,False,False,False,False,False,False,False,True,False,False
E01560,1988-03-20,2000-03-20,2026-07-23,Active,Withdrawal,60,Yes,1984-05-30,,38.450376454483234,12.0,26.340862422997947,False,False,False,False,False,False,False,False,True,False,True,False,False,False,False,True,False,False
E01572,1968-12-03,1981-12-03,,Active,,60,No,,,57.74401095140315,12.999315537303216,44.74469541409993,False,False,False,False,False,False,False,False,False,False,False,False,False,False,False,True,False,False
E01609,1984-09-28,,,Active,,60,Yes,1983-04-13,2012-08-07,41.92470910335387,,,False,True,False,False,False,False,False,False,False,False,False,False,False,False,False,False,False,False
E01612,,2017-08-07,,Active,,60,No,,2018-01-08,,,9.067761806981519,True,False,False,False,False,False,False,False,False,False,False,False,False,False,False,False,False,False
E01684,1975-09-22,,,Active,,60,Yes,1977-06-02,2022-12-18,50.94318959616701,,,False,True,False,False,False,False,False,False,False,False,False,False,False,False,False,False,False,False
E01690,2004-07-22,2022-07-22,,Active,,60,Yes,2007-11-28,2023-01-26,22.11088295687885,17.998631074606433,4.112251882272417,False,False,False,False,False,False,False,False,False,False,False,False,False,False,False,True,False,False
E01714,1996-04-28,2014-04-28,,Active,,60,No,,2015-03-07,30.34360027378508,17.998631074606433,12.344969199178644,False,False,False,False,False,False,False,False,False,False,False,False,False,False,False,True,False,False
E01752,1998-01-18,2016-01-18,,Active,,60,Yes,2007-01-11,2016-02-04,28.618754277891856,17.998631074606433,10.620123203285422,False,False,False,False,False,False,False,False,False,False,False,False,False,False,False,True,False,False
E01775,2004-04-28,2022-04-28,,Active,,60,No,,2023-01-21,22.34360027378508,17.998631074606433,4.344969199178645,False,False,False,False,False,False,False,False,False,False,False,False,False,False,False,True,False,False
E01777,1984-03-19,,,Active,,60,Yes,1983-10-28,2021-12-26,42.45311430527036,,,False,True,False,False,False,False,False,False,False,False,False,False,False,False,False,False,False,False
E01802,1971-01-08,2019-07-30,2025-06-24,Deceased,Withdrawal,60,Yes,1973-08-13,2020-05-10,55.64681724845996,48.55578370978782,5.90280629705681,False,False,False,False,False,False,False,False,False,False,False,False,True,False,False,False,False,False
E01804,1984-03-29,,,Active,,60,No,,,42.42573579739904,,,False,True,False,False,False,False,False,False,False,False,False,False,False,False,False,False,False,False
E01813,2004-08-12,2022-08-12,,Active,,60,No,,2022-12-02,22.053388090349078,17.998631074606433,4.054757015742642,False,False,False,False,False,False,False,False,False,False,False,False,False,False,False,True,False,False
E01820,1965-06-10,2022-12-09,,Active,,60,Yes,1971-10-31,2023-05-20,61.22655715263518,57.497604380561256,3.728952772073922,False,False,False,False,False,False,False,False,False,False,False,False,False,False,False,False,False,True
E01877,,2024-09-17,,Active,,60,Yes,1996-06-04,,,,1.9548254620123204,True,False,False,False,False,False,False,False,False,False,False,False,False,False,False,False,False,False
E01878,1989-03-09,2007-03-09,,Active,,60,Yes,1986-12-07,,37.48117727583847,17.998631074606433,19.482546201232033,False,False,False,False,False,False,False,False,False,False,False,False,False,False,False,True,False,False
E01889,1980-06-05,,2022-05-02,Deceased,Death,60,Yes,1976-08-20,,46.23956194387406,,,False,True,False,False,False,False,False,False,False,False,False,False,False,False,False,False,False,False
E01914,1993-01-25,2011-01-25,,Active,,60,No,,2014-05-01,33.59890485968515,17.998631074606433,15.600273785078713,False,False,False,False,False,False,False,False,False,False,False,False,False,False,False,True,False,False
E01923,2000-09-01,,,Active,,60,No,,,25.998631074606433,,,False,True,False,False,False,False,False,False,False,False,False,False,False,False,False,False,False,False
E01928,,2024-11-18,,Active,,60,No,,2025-05-05,,,1.78507871321013,True,False,False,False,False,False,False,False,False,False,False,False,False,False,False,False,False,False
E01939,1996-12-16,2014-12-16,,Active,,60,No,,2015-06-22,29.70841889117043,17.998631074606433,11.709787816563997,False,False,False,False,False,False,False,False,False,False,False,False,False,False,False,True,False,False
E01953,1965-04-29,2009-04-07,,Active,,60,Yes,1972-04-23,2011-01-25,61.34154688569473,43.93976728268309,17.401779603011637,False,False,False,False,False,False,False,False,False,False,False,False,False,False,False,False,False,True
E01984,1992-09-19,2010-09-19,,Active,,60,No,,2014-11-28,33.949349760438054,17.998631074606433,15.950718685831623,False,False,False,False,False,False,False,False,False,False,False,False,False,False,False,True,False,False
E02015,,2024-10-28,,Active,,60,No,,,,,1.842573579739904,True,False,False,False,False,False,False,False,False,False,False,False,False,False,False,False,False,False
E02197,,2023-04-17,,Active,,60,Yes,1985-08-11,,,,3.375770020533881,True,False,False,False,False,False,False,False,False,False,False,False,False,False,False,False,False,False
E02222,,2022-08-23,,Active,,60,Yes,2002-07-22,,,,4.024640657084189,True,False,False,False,False,False,False,False,False,False,False,False,False,False,False,False,False,False
E02232,2005-08-19,2023-08-19,,Active,,60,No,,2023-09-19,21.034907597535934,17.998631074606433,3.0362765229295,False,False,False,False,False,False,False,False,False,False,False,False,False,False,False,True,False,False
E02248,1978-12-11,,,Active,,60,Yes,1974-09-11,2014-05-22,47.723477070499655,,,False,True,False,False,False,False,False,False,False,False,False,False,False,False,False,False,False,False
E02302,,2019-03-16,,Active,,60,No,,2020-02-06,,,7.4633812457221085,True,False,False,False,False,False,False,False,False,False,False,False,False,False,False,False,False,False
E02323,1996-11-15,2014-11-15,,Active,,60,No,,2015-01-21,29.793292265571527,17.998631074606433,11.794661190965092,False,False,False,False,False,False,False,False,False,False,False,False,False,False,False,True,False,False
E02359,1965-04-15,2003-01-01,,Exited,Withdrawal,60,Yes,1970-12-10,2010-04-29,61.379876796714576,37.713894592744694,23.665982203969882,False,False,False,False,False,False,False,False,False,True,False,False,False,False,False,False,False,False
E02368,1983-07-25,1996-07-25,,Active,,60,No,,2015-03-15,43.1047227926078,13.00205338809035,30.102669404517453,False,False,False,False,False,False,False,False,False,False,False,False,False,False,False,True,False,False
E02435,,2021-05-04,,Active,,60,No,,2022-04-24,,,5.327857631759069,True,False,False,False,False,False,False,False,False,False,False,False,False,False,False,False,False,False
E02436,1985-09-08,2020-03-14,2024-04-18,Active,Withdrawal,60,Yes,1985-01-20,2020-11-25,40.98015058179329,34.51334702258727,4.095824777549623,False,False,False,False,False,False,False,False,True,False,True,False,False,False,False,False,False,False
E02443,,2017-08-11,,Active,,60,Yes,1994-02-14,,,,9.05681040383299,True,False,False,False,False,False,False,False,False,False,False,False,False,False,False,False,False,False
E02455,1997-12-23,2015-12-23,,Exited,Withdrawal,60,No,,,28.689938398357288,17.998631074606433,10.691307323750856,False,False,False,False,False,False,False,False,False,True,False,False,False,False,False,True,False,False
E02469,1998-10-11,2021-04-04,,Exited,Withdrawal,60,No,,2021-08-15,27.890485968514717,22.480492813141684,5.409993155373032,False,False,False,False,False,False,False,False,False,True,False,False,False,False,False,False,False,False
E02477,2004-03-12,2022-03-12,,Active,,60,No,,,22.472279260780287,17.998631074606433,4.473648186173854,False,False,False,False,False,False,False,False,False,False,False,False,False,False,False,True,False,False
E02511,1981-06-21,,,Active,,60,Yes,1980-09-27,2024-09-26,45.19644079397673,,,False,True,False,False,False,False,False,False,False,False,False,False,False,False,False,False,False,False
E02513,2004-09-07,2022-09-07,,Active,,60,No,,,21.982203969883642,17.998631074606433,3.9835728952772076,False,False,False,False,False,False,False,False,False,False,False,False,False,False,False,True,False,False
E02517,1980-06-09,2019-06-07,,Exited,Withdrawal,60,Yes,1987-10-22,2019-06-18,46.22861054072553,38.992470910335385,7.236139630390143,False,False,False,False,False,False,False,False,False,True,False,False,False,False,False,False,False,False
E02523,1996-04-23,2014-04-23,,Active,,60,No,,,30.357289527720738,17.998631074606433,12.358658453114305,False,False,False,False,False,False,False,False,False,False,False,False,False,False,False,True,False,False
E02533,,2022-08-12,2025-10-30,Exited,Withdrawal,60,No,,,,,3.216974674880219,True,False,False,False,False,False,False,False,False,False,False,False,False,False,False,False,False,False
E02534,2000-04-10,2018-04-10,,Active,,60,No,,,26.392881587953458,17.998631074606433,8.394250513347023,False,False,False,False,False,False,False,False,False,False,False,False,False,False,False,True,False,False
E02548,1979-04-23,,,Active,,60,Yes,1979-03-07,,47.35934291581109,,,False,True,False,False,False,False,False,False,False,False,False,False,False,False,False,False,False,False
E02565,,2016-02-15,,Active,,60,Yes,1994-10-12,2016-03-13,,,10.543463381245722,True,False,False,False,False,False,False,False,False,False,False,False,False,False,False,False,False,False
E02587,2004-07-31,2022-07-31,,Active,,60,No,,2023-05-09,22.086242299794662,17.998631074606433,4.087611225188227,False,False,False,False,False,False,False,False,False,False,False,False,False,False,False,True,False,False
E02647,1981-03-08,1999-03-08,,Active,,60,Yes,1986-09-29,,45.4839151266256,17.998631074606433,27.485284052019164,False,False,False,False,False,False,False,False,False,False,False,False,False,False,False,True,False,False
E02671,1996-08-15,,,Active,,60,No,,,30.04517453798768,,,False,True,False,False,False,False,False,False,False,False,False,False,False,False,False,False,False,False
E02675,2004-05-23,2022-05-23,,Active,,60,No,,2023-01-29,22.275154004106778,17.998631074606433,4.276522929500342,False,False,False,False,False,False,False,False,False,False,False,False,False,False,False,True,False,False
E02687,2004-09-12,,,Active,,60,No,,,21.968514715947983,,,False,True,False,False,False,False,False,False,False,False,False,False,False,False,False,False,False,False
E02704,1993-02-20,,,Active,,60,No,,2014-06-15,33.52772073921971,,,False,True,False,False,False,False,False,False,False,False,False,False,False,False,False,False,False,False
E02707,,2021-02-13,,Active,,60,No,,,,,5.546885694729637,True,False,False,False,False,False,False,False,False,False,False,False,False,False,False,False,False,False
E02710,,2020-03-07,,Active,,60,No,,,,,6.485968514715948,True,False,False,False,False,False,False,False,False,False,False,False,False,False,False,False,False,False
E02711,1981-02-18,2020-06-16,,Early Retired,Early Retirement,60,Yes,1987-09-26,2021-03-17,45.53319644079398,39.32375085557837,6.209445585215605,False,False,False,False,False,False,False,False,False,True,False,False,False,False,False,False,False,False
E02718,1988-05-15,2006-05-15,,Active,,60,Yes,1992-04-06,2014-12-09,38.29705681040383,17.998631074606433,20.298425735797398,False,False,False,False,False,False,False,False,False,False,False,False,False,False,False,True,False,False
E02758,,2018-09-23,,Active,,60,No,,,,,7.939767282683094,True,False,False,False,False,False,False,False,False,False,False,False,False,False,False,False,False,False
E02759,1965-09-09,2022-05-26,,Active,,60,Yes,1967-11-24,,60.97741273100616,56.709103353867214,4.268309377138946,False,False,False,False,False,False,False,False,False,False,False,False,False,False,False,False,False,True
E02764,1997-12-06,2015-12-06,2022-12-02,Exited,Withdrawal,60,No,,2016-01-24,28.736481861738536,17.998631074606433,6.9897330595482545,False,False,False,False,False,False,False,False,False,False,False,False,False,False,False,True,False,False
E02766,1996-06-12,2014-06-12,,Active,,60,Yes,2001-06-15,2014-07-24,30.220396988364133,17.998631074606433,12.2217659137577,False,False,False,False,False,False,False,False,False,False,False,False,False,False,False,True,False,False
E02805,2001-05-28,2019-05-28,,Active,,60,Yes,2004-08-12,,25.2621492128679,17.998631074606433,7.263518138261465,False,False,False,False,False,False,False,False,False,False,False,False,False,False,False,True,False,False
E02807,1998-01-01,2016-01-01,,Active,,60,No,,2016-04-19,28.6652977412731,17.998631074606433,10.666666666666666,False,False,False,False,False,False,False,False,False,False,False,False,False,False,False,True,False,False
E02813,1965-09-20,2020-01-23,,Active,,60,Yes,1968-03-22,2020-12-07,60.94729637234771,54.340862422997944,6.606433949349761,False,False,False,False,False,False,False,False,False,False,False,False,False,False,False,False,False,True
E02817,2004-06-27,2022-06-27,,Active,,60,No,,,22.17932922655715,17.998631074606433,4.180698151950718,False,False,False,False,False,False,False,False,False,False,False,False,False,False,False,True,False,False
E02819,2001-05-06,2019-05-06,,Active,,60,No,,2020-03-07,25.322381930184804,17.998631074606433,7.323750855578371,False,False,False,False,False,False,False,False,False,False,False,False,False,False,False,True,False,False
E02823,1983-06-25,,,Active,,60,Yes,1978-12-30,,43.186858316221766,,,False,True,False,False,False,False,False,False,False,False,False,False,False,False,False,False,False,False
E02838,1982-09-06,,,Active,,60,No,,,43.98631074606434,,,False,True,False,False,False,False,False,False,False,False,False,False,False,False,False,False,False,False
E02843,1998-02-05,2016-02-05,,Exited,Withdrawal,60,Yes,1997-11-03,,28.569472963723477,17.998631074606433,10.570841889117043,False,False,False,False,False,False,False,False,False,True,False,False,False,False,False,True,False,False
E02866,2005-02-24,2023-02-24,,Active,,60,No,,2023-12-28,21.516769336071185,17.998631074606433,3.5181382614647503,False,False,False,False,False,False,False,False,False,False,False,False,False,False,False,True,False,False
E02882,1997-04-08,2015-04-08,,Active,,60,No,,2015-08-06,29.399041752224505,17.998631074606433,11.40041067761807,False,False,False,False,False,False,False,False,False,False,False,False,False,False,False,True,False,False
E02889,1989-09-24,2019-06-17,,Exited,Withdrawal,60,Yes,1993-11-24,2020-04-19,36.936344969199176,29.727583846680357,7.208761122518823,False,False,False,False,False,False,False,False,False,True,False,False,False,False,False,False,False,False
E02899,1965-04-12,2020-06-10,,Active,,60,Yes,1965-09-27,2021-02-18,61.38809034907597,55.162217659137575,6.225872689938399,False,False,False,False,False,False,False,False,False,False,False,False,False,False,False,False,False,True
E02908,2004-10-04,2022-10-04,,Active,,60,No,,,21.908281998631075,17.998631074606433,3.909650924024641,False,False,False,False,False,False,False,False,False,False,False,False,False,False,False,True,False,False
E02923,,2019-12-21,,Active,,60,Yes,1996-06-24,2020-02-14,,,6.69678302532512,True,False,False,False,False,False,False,False,False,False,False,False,False,False,False,False,False,False
E02925,1993-05-09,,,Active,,60,No,,2014-09-27,33.31416837782341,,,False,True,False,False,False,False,False,False,False,False,False,False,False,False,False,False,False,False
E02929,1980-10-09,1998-10-09,,Active,,60,Yes,1984-02-09,2010-07-02,45.894592744695416,17.998631074606433,27.89596167008898,False,False,False,False,False,False,False,False,False,False,False,False,False,False,False,True,False,False
E02943,2002-02-01,2020-02-01,,Active,,60,No,,2020-07-07,24.580424366872005,17.998631074606433,6.581793292265571,False,False,False,False,False,False,False,False,False,False,False,False,False,False,False,True,False,False
E02973,2001-03-18,2019-03-18,,Active,,60,No,,2020-03-04,25.456536618754278,17.998631074606433,7.457905544147844,False,False,False,False,False,False,False,False,False,False,False,False,False,False,False,True,False,False
E02990,1965-12-05,2013-10-21,,Active,,60,Yes,1963-04-17,2014-07-11,60.73921971252567,47.87679671457906,12.862422997946611,False,False,False,False,False,False,False,False,False,False,False,False,False,False,False,False,False,True
E03064,1966-01-16,2025-01-24,,Active,,60,Yes,1969-04-13,,60.62422997946612,59.02258726899384,1.6016427104722792,False,False,False,False,False,False,False,False,False,False,False,False,False,False,False,False,False,True
E03066,,2017-02-25,,Active,,60,Yes,1998-10-22,2017-03-21,,,9.514031485284052,True,False,False,False,False,False,False,False,False,False,False,False,False,False,False,False,False,False
E03079,2001-07-25,2019-07-25,,Active,,60,No,,2020-04-15,25.10335386721424,17.998631074606433,7.104722792607803,False,False,False,False,False,False,False,False,False,False,False,False,False,False,False,True,False,False
E03096,1997-05-20,2015-05-20,,Active,,60,No,,,29.284052019164957,17.998631074606433,11.285420944558522,False,False,False,False,False,False,False,False,False,False,False,False,False,False,False,True,False,False
E03106,1990-06-29,,2024-10-13,Exited,Withdrawal,60,No,,,36.17522245037645,,,False,True,False,False,False,False,False,False,False,False,False,False,False,False,False,False,False,False
E03127,,2025-01-08,,Active,,60,Yes,1997-09-22,2025-12-11,,,1.6454483230663928,True,False,False,False,False,False,False,False,False,False,False,False,False,False,False,False,False,False
E03148,1965-04-05,2015-01-28,,Active,,60,Yes,1966-04-15,2015-10-28,61.4072553045859,49.81519507186858,11.592060232717317,False,False,False,False,False,False,False,False,False,False,False,False,False,False,False,False,False,True
E03159,,2021-04-06,,Active,,60,Yes,1999-09-27,,,,5.404517453798768,True,False,False,False,False,False,False,False,False,False,False,False,False,False,False,False,False,False
E03188,2004-12-11,2022-12-11,,Active,,60,No,,2023-07-12,21.72210814510609,17.998631074606433,3.7234770704996576,False,False,False,False,False,False,False,False,False,False,False,False,False,False,False,True,False,False
E03189,,2017-10-05,,Active,,60,Yes,1979-03-28,,,,8.906228610540726,True,False,False,False,False,False,False,False,False,False,False,False,False,False,False,False,False,False
E03206,1993-09-05,,,Active,,60,Yes,1993-07-04,2023-04-15,32.988364134154686,,,False,True,False,False,False,False,False,False,False,False,False,False,False,False,False,False,False,False
E03239,1978-04-14,,,Active,,60,Yes,1976-09-18,,48.38329911019849,,,False,True,False,False,False,False,False,False,False,False,False,False,False,False,False,False,False,False
E03270,1981-09-26,1999-09-26,,Active,,60,Yes,1983-12-12,,44.930869267624914,17.998631074606433,26.93223819301848,False,False,False,False,False,False,False,False,False,False,False,False,False,False,False,True,False,False
E03289,2002-02-23,2020-02-23,,Active,,60,No,,,24.520191649555098,17.998631074606433,6.521560574948666,False,False,False,False,False,False,False,False,False,False,False,False,False,False,False,True,False,False
E03296,2000-06-24,,,Active,,60,Yes,1996-02-20,2022-04-29,26.187542778918548,,,False,True,False,False,False,False,False,False,False,False,False,False,False,False,False,False,False,False
E03297,1993-03-17,2011-03-17,,Active,,60,No,,,33.45927446954141,17.998631074606433,15.460643394934976,False,False,False,False,False,False,False,False,False,False,False,False,False,False,False,True,False,False
E03298,2000-08-12,2018-08-12,,Active,,60,Yes,2001-12-08,2019-03-15,26.053388090349078,17.998631074606433,8.054757015742641,False,False,False,False,False,False,False,False,False,False,False,False,False,False,False,True,False,False
E03313,1997-07-31,2015-07-31,,Active,,60,No,,,29.086926762491444,17.998631074606433,11.08829568788501,False,False,False,False,False,False,False,False,False,False,False,False,False,False,False,True,False,False
E03323,1979-10-09,2015-11-04,,Early Retired,Early Retirement,60,Yes,1980-03-27,2016-03-02,46.89664613278576,36.07118412046543,10.825462012320328,False,False,False,False,False,False,False,False,False,True,False,False,False,False,False,False,False,False
E03332,1998-02-20,2016-02-20,,Active,,60,Yes,1999-07-20,,28.528405201916495,17.998631074606433,10.529774127310061,False,False,False,False,False,False,False,False,False,False,False,False,False,False,False,True,False,False
E03356,2004-05-29,2022-05-29,,Active,,60,No,,,22.258726899383984,17.998631074606433,4.26009582477755,False,False,False,False,False,False,False,False,False,False,False,False,False,False,False,True,False,False
E03369,1999-04-27,,2025-05-24,Retired,Retirement,60,No,,2017-07-18,27.34839151266256,,,False,True,False,False,False,False,False,False,False,False,False,False,False,False,False,False,False,False
E03381,1992-11-30,2015-05-30,,Exited,Withdrawal,60,Yes,1991-09-07,2015-10-28,33.752224503764545,22.494182067077343,11.2580424366872,False,False,False,False,False,False,False,False,False,True,False,False,False,False,False,False,False,False
E03399,1988-10-11,2006-10-11,,Active,,60,No,,2010-05-11,37.889117043121146,17.998631074606433,19.890485968514717,False,False,False,False,False,False,False,False,False,False,False,False,False,False,False,True,False,False
E03402,,2014-02-22,,Active,,60,No,,,,,12.522929500342231,True,False,False,False,False,False,False,False,False,False,False,False,False,False,False,False,False,False
E03405,1993-01-01,2011-01-01,,Active,,60,No,,,33.66461327857632,17.998631074606433,15.665982203969884,False,False,False,False,False,False,False,False,False,False,False,False,False,False,False,True,False,False
E03422,2005-03-11,2023-03-11,,Active,,60,Yes,2004-06-19,2023-09-21,21.475701574264203,17.998631074606433,3.477070499657769,False,False,False,False,False,False,False,False,False,False,False,False,False,False,False,True,False,False
E03432,2004-07-30,2022-07-30,,Active,,60,Yes,1999-03-19,2023-05-27,22.088980150581794,17.998631074606433,4.090349075975359,False,False,False,False,False,False,False,False,False,False,False,False,False,False,False,True,False,False
E03438,2002-03-09,,,Active,,60,No,,2020-09-20,24.48186173853525,,,False,True,False,False,False,False,False,False,False,False,False,False,False,False,False,False,False,False
E03441,1997-05-11,2015-05-11,,Active,,60,No,,,29.308692676249144,17.998631074606433,11.31006160164271,False,False,False,False,False,False,False,False,False,False,False,False,False,False,False,True,False,False
E03459,2005-12-25,2023-12-25,,Active,,60,No,,,20.684462696783026,17.998631074606433,2.6858316221765914,False,False,False,False,False,False,False,False,False,False,False,False,False,False,False,True,False,False
E03484,1996-07-17,2014-07-17,,Active,,60,No,,2014-08-14,30.12457221081451,17.998631074606433,12.125941136208077,False,False,False,False,False,False,False,False,False,False,False,False,False,False,False,True,False,False
E03511,1996-05-12,2014-05-12,,Active,,60,No,,,30.305270362765228,17.998631074606433,12.306639288158795,False,False,False,False,False,False,False,False,False,False,False,False,False,False,False,True,False,False
E03517,1992-08-08,2010-08-08,,Active,,60,No,,,34.064339493497606,17.998631074606433,16.06570841889117,False,False,False,False,False,False,False,False,False,False,False,False,False,False,False,True,False,False
E03519,1984-01-29,2025-04-19,2025-12-08,Deceased,Withdrawal,60,No,,,42.59000684462697,41.22108145106092,0.6379192334017796,False,False,False,False,False,False,False,False,False,False,False,False,True,False,False,False,False,False
E03543,,2020-02-01,,Active,,60,Yes,1989-08-25,2020-10-11,,,6.581793292265571,True,False,False,False,False,False,False,False,False,False,False,False,False,False,False,False,False,False
E03546,1965-10-09,2018-03-10,,Active,,60,Yes,1963-12-30,2019-02-03,60.8952772073922,52.41615331964408,8.479123887748118,False,False,False,False,False,False,False,False,False,False,False,False,False,False,False,False,False,True
E03550,1990-02-18,2024-02-14,2025-09-13,Active,Withdrawal,60,Yes,1989-10-28,2025-02-12,36.53388090349076,33.987679671457904,1.5797399041752225,False,False,False,False,False,False,False,False,True,False,True,False,False,False,False,False,False,False
E03551,,2021-04-21,,Active,,60,No,,2021-07-01,,,5.363449691991787,True,False,False,False,False,False,False,False,False,False,False,False,False,False,False,False,False,False
E03572,1992-11-16,2011-02-19,2024-03-29,Active,Withdrawal,60,No,,2014-11-25,33.790554414784395,18.258726899383984,13.10609171800137,False,False,False,False,False,False,False,False,True,False,True,False,False,False,False,False,False,False
E03593,1998-01-05,2016-01-05,,Active,,60,No,,2016-01-06,28.654346338124572,17.998631074606433,10.655715263518138,False,False,False,False,False,False,False,False,False,False,False,False,False,False,False,True,False,False
E03648,1993-12-19,2011-12-19,,Active,,60,No,,2014-04-06,32.70088980150582,17.998631074606433,14.702258726899384,False,False,False,False,False,False,False,False,False,False,False,False,False,False,False,True,False,False
E03652,1991-03-03,,2026-07-05,Exited,Withdrawal,60,No,,2024-03-16,35.49897330595483,,,False,True,False,False,False,False,False,False,False,False,False,False,False,False,False,False,False,False
E03673,1965-10-30,2023-07-17,,Active,,60,Yes,1966-08-10,2023-08-06,60.837782340862425,57.711156741957566,3.1266255989048597,False,False,False,False,False,False,False,False,False,False,False,False,False,False,False,False,False,True
E03676,2005-01-05,2023-01-05,,Retired,Retirement,60,No,,2023-07-24,21.65366187542779,17.998631074606433,3.6550308008213555,False,False,False,False,False,False,False,False,False,True,False,False,False,False,False,True,False,False
E03677,1990-03-26,2003-03-26,,Active,,60,No,,2017-04-28,36.435318275154,12.999315537303216,23.43600273785079,False,False,False,False,False,False,False,False,False,False,False,False,False,False,False,True,False,False
E03690,1965-09-30,2026-03-07,,Active,,60,Yes,1963-07-05,2026-07-09,60.91991786447639,60.43258042436687,0.487337440109514,False,False,False,False,False,False,False,False,False,False,False,False,False,False,False,False,False,True
E03700,1997-10-13,2015-10-13,,Active,,60,No,,2016-08-16,28.88432580424367,17.998631074606433,10.885694729637235,False,False,False,False,False,False,False,False,False,False,False,False,False,False,False,True,False,False
E03710,,2011-12-14,,Active,,60,Yes,1982-08-21,,,,14.715947980835045,True,False,False,False,False,False,False,False,False,False,False,False,False,False,False,False,False,False
E03788,1965-09-14,2021-11-03,,Active,,60,Yes,1967-04-05,2022-05-27,60.9637234770705,56.1368925393566,4.826830937713894,False,False,False,False,False,False,False,False,False,False,False,False,False,False,False,False,False,True
E03802,1978-10-13,,,Active,,60,Yes,1980-05-02,2023-05-08,47.885010266940455,,,False,True,False,False,False,False,False,False,False,False,False,False,False,False,False,False,False,False
E03808,,2018-03-16,,Active,,60,No,,2018-08-09,,,8.462696783025326,True,False,False,False,False,False,False,False,False,False,False,False,False,False,False,False,False,False
E03884,2000-12-20,2018-12-20,,Active,,60,No,,,25.697467488021903,17.998631074606433,7.698836413415469,False,False,False,False,False,False,False,False,False,False,False,False,False,False,False,True,False,False
E03885,1985-08-18,,,Active,,60,Yes,1988-05-14,,41.03764544832307,,,False,True,False,False,False,False,False,False,False,False,False,False,False,False,False,False,False,False
E03927,1984-08-28,2023-03-15,,Exited,Withdrawal,60,Yes,1981-12-08,2023-05-12,42.00958247775496,38.54346338124572,3.46611909650924,False,False,False,False,False,False,False,False,False,True,False,False,False,False,False,False,False,False
E03935,1965-04-30,2014-10-07,,Active,,60,Yes,1971-04-13,2015-09-05,61.3388090349076,49.437371663244356,11.901437371663244,False,False,False,False,False,False,False,False,False,False,False,False,False,False,False,False,False,True
E03944,1985-09-26,2016-05-08,,Retired,Retirement,60,Yes,1987-12-19,2017-02-01,40.930869267624914,30.614647501711158,10.316221765913758,False,False,False,False,False,False,False,False,False,True,False,False,False,False,False,False,False,False
E03968,2003-10-24,,,Active,,60,No,,2022-10-14,22.855578370978783,,,False,True,False,False,False,False,False,False,False,False,False,False,False,False,False,False,False,False
E03974,2003-04-19,2017-04-19,,Active,,60,No,,2021-10-16,23.370294318959616,14.001368925393566,9.36892539356605,False,False,False,False,False,False,False,False,False,False,False,False,False,False,False,True,False,False
E03994,1983-01-04,2012-12-28,,Exited,Withdrawal,60,No,,2014-04-19,43.657768651608485,29.982203969883642,13.675564681724847,False,False,False,False,False,False,False,False,False,True,False,False,False,False,False,False,False,False
E04014,1995-09-26,2013-11-17,2025-07-20,Active,Withdrawal,60,Yes,1996-03-19,2013-12-04,30.93223819301848,18.143737166324435,11.671457905544148,False,False,False,False,False,False,False,False,True,False,True,False,False,False,False,False,False,False
E04021,1993-08-29,2023-02-28,,Exited,Withdrawal,60,Yes,1997-05-02,,33.007529089664615,29.50034223134839,3.5071868583162216,False,False,False,False,False,False,False,False,False,True,False,False,False,False,False,False,False,False
E04033,,2025-05-16,2025-06-12,Exited,Withdrawal,60,No,,2025-09-19,,,0.07392197125256673,True,False,False,False,False,False,False,False,False,False,False,False,False,False,False,False,False,False
E04051,1996-04-29,2014-04-29,2023-12-23,Retired,Retirement,60,Yes,1997-06-26,,30.340862422997947,17.998631074606433,9.650924024640657,False,False,False,False,False,False,False,False,False,False,False,False,False,False,False,True,False,False
E04063,1983-05-10,2023-10-23,,Exited,Withdrawal,60,No,,2024-07-25,43.31279945242984,40.45448323066393,2.858316221765914,False,False,False,False,False,False,False,False,False,True,False,False,False,False,False,False,False,False
E04094,1966-04-28,2024-08-25,,Active,,60,Yes,1972-10-21,2025-01-09,60.34496919917864,58.327173169062284,2.0177960301163584,False,False,False,False,False,False,False,False,False,False,False,False,False,False,False,False,False,True
E04097,2000-09-24,2018-09-24,,Active,,60,Yes,1998-07-31,2019-03-30,25.935660506502394,17.998631074606433,7.9370294318959616,False,False,False,False,False,False,False,False,False,False,False,False,False,False,False,True,False,False
E04104,2002-12-04,,,Active,,60,No,,,23.742642026009584,,,False,True,False,False,False,False,False,False,False,False,False,False,False,False,False,False,False,False
E04134,,2021-02-23,,Active,,60,Yes,1994-04-09,2021-12-17,,,5.519507186858316,True,False,False,False,False,False,False,False,False,False,False,False,False,False,False,False,False,False
E04136,1994-01-05,2012-01-05,,Active,,60,Yes,1993-09-05,2012-09-06,32.65434633812457,17.998631074606433,14.655715263518138,False,False,False,False,False,False,False,False,False,False,False,False,False,False,False,True,False,False
E04160,1988-12-30,2006-12-30,,Active,,60,No,,2014-11-22,37.67008898015058,17.998631074606433,19.67145790554415,False,False,False,False,False,False,False,False,False,False,False,False,False,False,False,True,False,False
E04161,2004-08-30,2022-08-30,,Active,,60,Yes,2001-10-22,,22.0041067761807,17.998631074606433,4.005475701574264,False,False,False,False,False,False,False,False,False,False,False,False,False,False,False,True,False,False
E04184,1998-07-08,,,Active,,60,Yes,1999-09-08,,28.150581793292265,,,False,True,False,False,False,False,False,False,False,False,False,False,False,False,False,False,False,False
E04196,,2026-01-08,,Active,,60,No,,2026-08-28,,,0.6461327857631759,True,False,False,False,False,False,False,False,False,False,False,False,False,False,False,False,False,False
E04206,2002-01-02,2020-01-02,,Active,,60,No,,2020-12-18,24.66255989048597,17.998631074606433,6.663928815879535,False,False,False,False,False,False,False,False,False,False,False,False,False,False,False,True,False,False
E04207,2000-10-24,2018-10-24,,Active,,60,No,,2019-08-02,25.853524982888434,17.998631074606433,7.854893908281999,False,False,False,False,False,False,False,False,False,False,False,False,False,False,False,True,False,False
E04209,2005-03-24,2023-03-24,,Active,,60,No,,,21.440109514031484,17.998631074606433,3.4414784394250515,False,False,False,False,False,False,False,False,False,False,False,False,False,False,False,True,False,False
E04217,1975-06-13,2019-08-23,,Exited,Withdrawal,60,Yes,1976-07-05,2020-05-07,51.219712525667354,44.19438740588638,7.025325119780972,False,False,False,False,False,False,False,False,False,True,False,False,False,False,False,False,False,False
E04242,1984-12-18,2020-09-25,2025-01-10,Active,Withdrawal,60,Yes,1985-08-31,,41.70294318959617,35.7700205338809,4.292950034223135,False,False,False,False,False,False,False,False,True,False,True,False,False,False,False,False,False,False
E04256,1982-03-24,,,Active,,60,No,,,44.440793976728266,,,False,True,False,False,False,False,False,False,False,False,False,False,False,False,False,False,False,False
E04259,1989-08-01,2020-10-21,2025-03-23,Active,Withdrawal,60,Yes,1990-06-04,2021-08-18,37.08418891170431,31.222450376454482,4.418891170431212,False,False,False,False,False,False,False,False,True,False,True,False,False,False,False,False,False,False
E04300,,2019-08-08,,Active,,60,Yes,1986-01-25,,,,7.066392881587953,True,False,False,False,False,False,False,False,False,False,False,False,False,False,False,False,False,False
E04306,1965-04-27,2021-03-20,,Active,,60,Yes,1959-04-03,,61.347022587268995,55.89596167008898,5.451060917180014,False,False,False,False,False,False,False,False,False,False,False,False,False,False,False,False,False,True
E04344,2004-07-21,2022-07-21,,Active,,60,No,,,22.11362080766598,17.998631074606433,4.114989733059549,False,False,False,False,False,False,False,False,False,False,False,False,False,False,False,True,False,False
E04346,,2012-01-17,,Active,,60,Yes,1985-10-06,,,,14.622861054072553,True,False,False,False,False,False,False,False,False,False,False,False,False,False,False,False,False,False
E04350,1980-06-01,,,Active,,60,No,,,46.25051334702259,,,False,True,False,False,False,False,False,False,False,False,False,False,False,False,False,False,False,False
E04365,1966-01-26,2019-02-24,,Active,,60,Yes,1960-04-28,,60.596851471594796,53.07871321013005,7.51813826146475,False,False,False,False,False,False,False,False,False,False,False,False,False,False,False,False,False,True
E04376,,2024-07-10,,Active,,60,Yes,1984-06-08,2025-03-13,,,2.1437371663244353,True,False,False,False,False,False,False,False,False,False,False,False,False,False,False,False,False,False
E04397,1985-08-05,2003-08-05,,Active,,60,No,,2014-09-04,41.073237508555785,17.998631074606433,23.07460643394935,False,False,False,False,False,False,False,False,False,False,False,False,False,False,False,True,False,False
E04400,2000-11-08,2018-11-08,,Active,,60,Yes,1999-04-03,2019-02-12,25.812457221081452,17.998631074606433,7.813826146475017,False,False,False,False,False,False,False,False,False,False,False,False,False,False,False,True,False,False
E04406,2005-08-04,2023-08-04,,Active,,60,No,,,21.075975359342916,17.998631074606433,3.077344284736482,False,False,False,False,False,False,False,False,False,False,False,False,False,False,False,True,False,False
E04417,1997-05-30,2015-05-30,,Active,,60,No,,2015-12-18,29.256673511293634,17.998631074606433,11.2580424366872,False,False,False,False,False,False,False,False,False,False,False,False,False,False,False,True,False,False
E04424,,2022-01-09,,Active,,60,No,,,,,4.643394934976044,True,False,False,False,False,False,False,False,False,False,False,False,False,False,False,False,False,False
E04436,2006-02-26,2024-02-26,,Active,,60,Yes,2005-09-20,,20.511978097193705,17.998631074606433,2.513347022587269,False,False,False,False,False,False,False,False,False,False,False,False,False,False,False,True,False,False
E04439,2000-08-26,2018-08-26,2024-10-05,Exited,Withdrawal,60,Yes,1999-04-30,,26.015058179329227,17.998631074606433,6.11088295687885,False,False,False,False,False,False,False,False,False,False,False,False,False,False,False,True,False,False
E04448,,2012-06-23,,Active,,60,Yes,1993-10-26,2012-09-03,,,14.190280629705681,True,False,False,False,False,False,False,False,False,False,False,False,False,False,False,False,False,False
E04478,2004-10-01,2022-10-01,,Active,,60,No,,,21.916495550992472,17.998631074606433,3.917864476386037,False,False,False,False,False,False,False,False,False,False,False,False,False,False,False,True,False,False
E04482,1983-09-12,2018-03-31,,Exited,Withdrawal,60,Yes,1979-06-15,2018-10-17,42.97056810403833,34.548939082819984,8.421629021218344,False,False,False,False,False,False,False,False,False,True,False,False,False,False,False,False,False,False
E04484,,2013-07-27,,Active,,60,Yes,1987-03-15,,,,13.097878165639973,True,False,False,False,False,False,False,False,False,False,False,False,False,False,False,False,False,False
E04491,1965-04-03,2023-04-17,,Active,,60,Yes,1967-06-22,2023-07-18,61.412731006160165,58.03696098562629,3.375770020533881,False,False,False,False,False,False,False,False,False,False,False,False,False,False,False,False,False,True
E04505,,2023-03-19,,Active,,60,Yes,1988-02-25,2023-04-20,,,3.455167693360712,True,False,False,False,False,False,False,False,False,False,False,False,False,False,False,False,False,False
E04512,1985-12-17,2003-12-17,,Active,,60,No,,2010-11-12,40.70636550308008,17.998631074606433,22.70773442847365,False,False,False,False,False,False,False,False,False,False,False,False,False,False,False,True,False,False
E04513,2004-12-03,2022-12-03,,Active,,60,Yes,2004-05-07,,21.744010951403148,17.998631074606433,3.7453798767967146,False,False,False,False,False,False,False,False,False,False,False,False,False,False,False,True,False,False
E04525,2001-02-16,,,Active,,60,No,,2023-12-10,25.53867214236824,,,False,True,False,False,False,False,False,False,False,False,False,False,False,False,False,False,False,False
E04579,1965-09-01,2013-12-06,,Active,,60,Yes,1963-03-10,2013-12-27,60.99931553730322,48.26283367556468,12.736481861738536,False,False,False,False,False,False,False,False,False,False,False,False,False,False,False,False,False,True
E04583,,2022-11-28,,Active,,60,Yes,1980-12-16,2022-11-28,,,3.759069130732375,True,False,False,False,False,False,False,False,False,False,False,False,False,False,False,False,False,False
E04619,1985-10-23,,,Active,,60,Yes,1981-08-15,,40.85694729637235,,,False,True,False,False,False,False,False,False,False,False,False,False,False,False,False,False,False,False
E04653,,2019-06-25,2025-12-28,Early Retired,Early Retirement,60,Yes,2003-12-02,,,,6.510609171800137,True,False,False,False,False,False,False,False,False,False,False,False,False,False,False,False,False,False
E04682,,2023-03-29,,Active,,60,No,,2023-04-17,,,3.4277891854893907,True,False,False,False,False,False,False,False,False,False,False,False,False,False,False,False,False,False
E04690,2004-03-30,2022-03-30,,Active,,60,Yes,2005-09-30,2022-09-04,22.42299794661191,17.998631074606433,4.424366872005476,False,False,False,False,False,False,False,False,False,False,False,False,False,False,False,True,False,False
E04712,,2017-07-18,,Active,,60,Yes,1987-02-05,2017-10-06,,,9.122518822724162,True,False,False,False,False,False,False,False,False,False,False,False,False,False,False,False,False,False
E04714,2000-08-31,2018-08-31,,Active,,60,Yes,2008-12-01,2018-11-13,26.001368925393567,17.998631074606433,8.002737850787133,False,False,False,False,False,False,False,False,False,False,False,False,False,False,False,True,False,False
E04733,,2020-10-08,,Active,,60,No,,2021-06-08,,,5.897330595482546,True,False,False,False,False,False,False,False,False,False,False,False,False,False,False,False,False,False
E04737,1984-12-22,,,Active,,60,No,,2013-11-21,41.69199178644764,,,False,True,False,False,False,False,False,False,False,False,False,False,False,False,False,False,False,False
E04745,1997-07-26,2015-07-26,,Active,,60,No,,,29.100616016427104,17.998631074606433,11.101984941820671,False,False,False,False,False,False,False,False,False,False,False,False,False,False,False,True,False,False
E04747,1966-02-04,2019-09-19,,Active,,60,Yes,1965-11-21,2020-06-18,60.57221081451061,53.620807665982205,6.951403148528406,False,False,False,False,False,False,False,False,False,False,False,False,False,False,False,False,False,True
E04757,2001-12-23,2019-12-23,,Active,,60,No,,2020-03-15,24.689938398357288,17.998631074606433,6.691307323750856,False,False,False,False,False,False,False,False,False,False,False,False,False,False,False,True,False,False
E04763,1983-04-02,,,Active,,60,Yes,1981-05-02,2017-12-11,43.41683778234086,,,False,True,False,False,False,False,False,False,False,False,False,False,False,False,False,False,False,False
E04783,1996-05-10,2014-05-10,,Active,,60,No,,,30.310746064339494,17.998631074606433,12.31211498973306,False,False,False,False,False,False,False,False,False,False,False,False,False,False,False,True,False,False
E04787,2006-10-27,2025-08-01,,Exited,Withdrawal,60,No,,2026-05-29,19.8466803559206,18.76249144421629,1.0841889117043122,False,False,False,False,False,False,False,False,False,True,False,False,False,False,False,False,False,False
E04799,,2024-04-11,,Active,,60,No,,2024-05-19,,,2.3901437371663246,True,False,False,False,False,False,False,False,False,False,False,False,False,False,False,False,False,False
E04805,2001-09-13,2019-09-13,,Active,,60,No,,2019-10-21,24.966461327857633,17.998631074606433,6.967830253251198,False,False,False,False,False,False,False,False,False,False,False,False,False,False,False,True,False,False
E04816,,2023-08-19,,Active,,60,No,,,,,3.0362765229295,True,False,False,False,False,False,False,False,False,False,False,False,False,False,False,False,False,False
E04817,1974-03-21,,,Active,,62,Yes,1982-05-05,2023-01-04,52.44900752908966,,,False,True,False,False,False,False,False,False,False,False,False,False,False,False,False,False,False,False
E04831,2001-02-18,2019-02-18,,Active,,60,No,,,25.533196440793976,17.998631074606433,7.534565366187543,False,False,False,False,False,False,False,False,False,False,False,False,False,False,False,True,False,False
E04860,1966-01-30,2015-09-23,,Active,,60,Yes,1965-11-03,,60.58590006844627,49.64544832306639,10.940451745379876,False,False,False,False,False,False,False,False,False,False,False,False,False,False,False,False,False,True
E04902,1996-04-17,2014-04-17,,Active,,60,Yes,1995-03-11,2014-06-15,30.373716632443532,17.998631074606433,12.375085557837098,False,False,False,False,False,False,False,False,False,False,False,False,False,False,False,True,False,False
E04903,1993-09-25,2011-09-25,,Active,,60,No,,,32.93360711841205,17.998631074606433,14.934976043805612,False,False,False,False,False,False,False,False,False,False,False,False,False,False,False,True,False,False
E04921,1965-10-30,2024-09-14,,Active,,60,Yes,1960-07-04,,60.837782340862425,58.874743326488705,1.9630390143737166,False,False,False,False,False,False,False,False,False,False,False,False,False,False,False,False,False,True
E04925,1965-12-19,2022-03-15,,Active,,60,Yes,1971-04-24,2023-01-25,60.70088980150582,56.23545516769336,4.465434633812457,False,False,False,False,False,False,False,False,False,False,False,False,False,False,False,False,False,True
E04943,,2024-09-01,,Active,,60,No,,2025-06-29,,,1.998631074606434,True,False,False,False,False,False,False,False,False,False,False,False,False,False,False,False,False,False
E04946,,2020-03-12,,Active,,60,No,,2020-07-07,,,6.4722792607802875,True,False,False,False,False,False,False,False,False,False,False,False,False,False,False,False,False,False
E04957,2005-12-11,2023-12-11,,Active,,60,No,,2024-02-01,20.722792607802873,17.998631074606433,2.724161533196441,False,False,False,False,False,False,False,False,False,False,False,False,False,False,False,True,False,False
E04964,1982-11-07,2020-02-09,,Retired,Retirement,60,Yes,1983-05-14,2020-06-20,43.81656399726215,37.256673511293634,6.5598904859685145,False,False,False,False,False,False,False,False,False,True,False,False,False,False,False,False,False,False
E04969,,2012-01-24,2022-05-22,Exited,Withdrawal,60,Yes,1991-04-11,2015-01-24,,,10.324435318275153,True,False,False,False,False,False,False,False,False,False,False,False,False,False,False,False,False,False
E04975,2002-01-07,2020-01-07,2023-01-01,Retired,Retirement,60,Yes,1995-04-09,2020-09-27,24.648870636550306,17.998631074606433,2.9842573579739904,False,False,False,False,False,False,False,False,False,False,False,False,False,False,False,True,False,False
E04987,1982-09-11,2015-10-30,,Exited,Withdrawal,60,Yes,1982-05-14,2016-04-15,43.97262149212868,33.13347022587269,10.839151266255989,False,False,False,False,False,False,False,False,False,True,False,False,False,False,False,False,False,False
E05056,2001-09-12,2019-09-12,,Active,,60,No,,,24.969199178644764,17.998631074606433,6.97056810403833,False,False,False,False,False,False,False,False,False,False,False,False,False,False,False,True,False,False
E05060,2001-01-26,,2026-08-18,Exited,Withdrawal,60,No,,,25.596167008898014,,,False,True,False,False,False,False,False,False,False,False,False,False,False,False,False,False,False,False
E05075,1996-12-10,2014-12-10,,Active,,60,No,,2015-06-05,29.724845995893222,17.998631074606433,11.72621492128679,False,False,False,False,False,False,False,False,False,False,False,False,False,False,False,True,False,False
E05087,1966-01-26,2015-06-18,,Active,,60,Yes,1962-10-21,,60.596851471594796,49.39082819986311,11.206023271731691,False,False,False,False,False,False,False,False,False,False,False,False,False,False,False,False,False,True
E05088,2001-10-21,2019-10-21,,Active,,60,Yes,2001-07-27,2020-04-12,24.862422997946613,17.998631074606433,6.863791923340178,False,False,False,False,False,False,False,False,False,False,False,False,False,False,False,True,False,False
E05093,,2022-01-26,,Active,,62,No,,,,,4.596851471594798,True,False,False,False,False,False,False,False,False,False,False,False,False,False,False,False,False,False
E05097,1989-08-01,2007-08-01,,Active,,60,Yes,1987-11-23,,37.08418891170431,17.998631074606433,19.085557837097877,False,False,False,False,False,False,False,False,False,False,False,False,False,False,False,True,False,False
E05106,1997-08-03,2015-08-03,,Active,,60,No,,,29.078713210130047,17.998631074606433,11.080082135523615,False,False,False,False,False,False,False,False,False,False,False,False,False,False,False,True,False,False
E05107,1997-07-15,2015-07-15,,Active,,60,Yes,1997-10-07,2015-07-24,29.130732375085557,17.998631074606433,11.132101300479125,False,False,False,False,False,False,False,False,False,False,False,False,False,False,False,True,False,False
E05111,,2011-05-01,,Active,,60,No,,2011-12-13,,,15.33744010951403,True,False,False,False,False,False,False,False,False,False,False,False,False,False,False,False,False,False
E05129,2001-08-02,2019-08-02,,Active,,60,No,,2020-04-24,25.08145106091718,17.998631074606433,7.082819986310746,False,False,False,False,False,False,False,False,False,False,False,False,False,False,False,True,False,False
E05134,1992-10-27,,,Active,,60,Yes,1995-02-15,,33.84531143052703,,,False,True,False,False,False,False,False,False,False,False,False,False,False,False,False,False,False,False
E05146,1980-06-05,,,Active,,60,Yes,1978-11-25,2021-09-16,46.23956194387406,,,False,True,False,False,False,False,False,False,False,False,False,False,False,False,False,False,False,False
E05148,1989-01-22,2016-03-14,,Exited,Withdrawal,60,Yes,1991-08-18,2017-02-04,37.607118412046546,27.140314852840522,10.466803559206022,False,False,False,False,False,False,False,False,False,True,False,False,False,False,False,False,False,False
E05182,2004-06-28,2022-06-28,,Active,,60,No,,2023-02-04,22.17659137577002,17.998631074606433,4.177960301163586,False,False,False,False,False,False,False,False,False,False,False,False,False,False,False,True,False,False
E05191,,2025-12-24,,Active,,60,No,,2026-02-17,,,0.6872005475701575,True,False,False,False,False,False,False,False,False,False,False,False,False,False,False,False,False,False
E05225,2000-07-24,2018-07-24,,Active,,60,Yes,2001-01-31,2018-12-18,26.105407255304584,17.998631074606433,8.106776180698152,False,False,False,False,False,False,False,False,False,False,False,False,False,False,False,True,False,False
E05260,1989-02-24,,,Active,,60,No,,2016-02-05,37.516769336071185,,,False,True,False,False,False,False,False,False,False,False,False,False,False,False,False,False,False,False
E05268,1965-11-19,2009-10-16,,Active,,60,Yes,1966-05-03,2014-07-15,60.78302532511978,43.90691307323751,16.876112251882272,False,False,False,False,False,False,False,False,False,False,False,False,False,False,False,False,False,True
E05362,1992-09-29,2010-09-29,,Active,,60,Yes,1990-02-26,,33.921971252566735,17.998631074606433,15.9233401779603,False,False,False,False,False,False,False,False,False,False,False,False,False,False,False,True,False,False
E05408,2004-07-06,2022-07-06,,Active,,60,No,,,22.154688569472963,17.998631074606433,4.15605749486653,False,False,False,False,False,False,False,False,False,False,False,False,False,False,False,True,False,False
E05489,1966-05-19,2024-07-16,,Active,,60,Yes,1971-09-22,2025-04-03,60.28747433264887,58.16016427104723,2.127310061601643,False,False,False,False,False,False,False,False,False,False,False,False,False,False,False,False,False,True
E05539,1992-10-27,2010-10-27,,Active,,60,No,,2014-12-09,33.84531143052703,17.998631074606433,15.846680355920602,False,False,False,False,False,False,False,False,False,False,False,False,False,False,False,True,False,False
E05551,1977-05-05,,,Active,,60,No,,2025-02-03,49.32511978097194,,,False,True,False,False,False,False,False,False,False,False,False,False,False,False,False,False,False,False
E05584,2005-06-17,2023-06-17,,Active,,60,No,,,21.207392197125255,17.998631074606433,3.2087611225188226,False,False,False,False,False,False,False,False,False,False,False,False,False,False,False,True,False,False
E05600,1989-04-24,,,Active,,60,No,,2022-11-12,37.35523613963039,,,False,True,False,False,False,False,False,False,False,False,False,False,False,False,False,False,False,False
E05616,1965-06-27,2025-09-30,,Active,,60,No,,2026-02-21,61.18001368925393,60.26009582477755,0.919917864476386,False,False,False,False,False,False,False,False,False,False,False,False,False,False,False,False,False,True
E05656,1977-12-28,,,Active,,60,Yes,1973-04-30,,48.67624914442163,,,False,True,False,False,False,False,False,False,False,False,False,False,False,False,False,False,False,False
E05668,1989-05-30,2007-05-30,,Active,,60,Yes,1988-08-07,2014-07-26,37.256673511293634,17.998631074606433,19.2580424366872,False,False,False,False,False,False,False,False,False,False,False,False,False,False,False,True,False,False
E05685,,2024-02-12,,Active,,60,No,,2024-03-07,,,2.5516769336071183,True,False,False,False,False,False,False,False,False,False,False,False,False,False,False,False,False,False
E05696,,2020-10-23,,Active,,60,Yes,1981-06-12,2021-02-01,,,5.856262833675565,True,False,False,False,False,False,False,False,False,False,False,False,False,False,False,False,False,False
E05700,2005-04-19,2023-04-19,,Active,,60,No,,2024-01-08,21.36892539356605,17.998631074606433,3.370294318959617,False,False,False,False,False,False,False,False,False,False,False,False,False,False,False,True,False,False
E05733,2001-05-24,2019-05-24,,Active,,60,No,,,25.27310061601643,17.998631074606433,7.274469541409993,False,False,False,False,False,False,False,False,False,False,False,False,False,False,False,True,False,False
E05742,1996-08-21,2014-08-21,2024-03-10,Exited,Withdrawal,60,No,,,30.028747433264886,17.998631074606433,9.552361396303901,False,False,False,False,False,False,False,False,False,False,False,False,False,False,False,True,False,False
E05763,1965-08-17,2017-03-17,,Active,,60,Yes,1962-01-15,2017-09-19,61.040383299110196,51.58110882956879,9.45927446954141,False,False,False,False,False,False,False,False,False,False,False,False,False,False,False,False,False,True
E05767,2000-02-15,2018-02-15,,Exited,Withdrawal,60,No,,2019-02-04,26.543463381245722,18.001368925393567,8.542094455852157,False,False,False,False,False,False,False,False,False,True,False,False,False,False,False,False,False,False
E05794,1992-03-04,2016-09-23,,Exited,Withdrawal,60,Yes,1988-12-01,2017-04-11,34.49418206707735,24.555783709787818,9.938398357289527,False,False,False,False,False,False,False,False,False,True,False,False,False,False,False,False,False,False
E05800,1992-05-29,2010-05-29,,Active,,60,No,,2011-04-09,34.25872689938399,17.998631074606433,16.26009582477755,False,False,False,False,False,False,False,False,False,False,False,False,False,False,False,True,False,False
E05812,,2021-05-14,,Active,,60,No,,,,,5.300479123887748,True,False,False,False,False,False,False,False,False,False,False,False,False,False,False,False,False,False
E05831,1992-06-12,2024-03-14,,Exited,Withdrawal,60,No,,,34.220396988364136,31.753593429158112,2.4668035592060233,False,False,False,False,False,False,False,False,False,True,False,False,False,False,False,False,False,False
E05836,1985-01-04,,,Active,,60,No,,2020-08-27,41.65639972621492,,,False,True,False,False,False,False,False,False,False,False,False,False,False,False,False,False,False,False
E05878,2001-10-26,2019-10-26,,Active,,60,Yes,2000-10-29,,24.84873374401095,17.998631074606433,6.850102669404517,False,False,False,False,False,False,False,False,False,False,False,False,False,False,False,True,False,False
E05888,1997-04-24,2015-04-24,,Active,,60,No,,,29.35523613963039,17.998631074606433,11.356605065023956,False,False,False,False,False,False,False,False,False,False,False,False,False,False,False,True,False,False
E05895,2002-03-22,2021-01-30,,Early Retired,Early Retirement,60,No,,2021-06-24,24.44626967830253,18.861054072553046,5.585215605749487,False,False,False,False,False,False,False,False,False,True,False,False,False,False,False,False,False,False
E05899,1993-10-05,2011-10-05,,Active,,60,No,,2014-08-10,32.90622861054072,17.998631074606433,14.907597535934292,False,False,False,False,False,False,False,False,False,False,False,False,False,False,False,True,False,False
E05908,2006-02-22,2024-02-22,,Active,,60,Yes,2002-11-14,,20.522929500342233,17.998631074606433,2.524298425735797,False,False,False,False,False,False,False,False,False,False,False,False,False,False,False,True,False,False
E05928,1987-05-27,,2024-11-30,Active,Withdrawal,60,Yes,1985-07-22,,39.266255989048595,,,False,True,False,False,False,False,False,False,True,False,True,False,False,False,False,False,False,False
E05937,1995-05-04,2015-09-22,,Exited,Withdrawal,60,No,,,31.329226557152634,20.386036960985628,10.94318959616701,False,False,False,False,False,False,False,False,False,True,False,False,False,False,False,False,False,False
E05946,1996-07-16,2014-07-16,,Active,,60,Yes,1999-02-11,2015-06-15,30.127310061601644,17.998631074606433,12.128678986995208,False,False,False,False,False,False,False,False,False,False,False,False,False,False,False,True,False,False
E05987,1997-06-20,2015-06-20,,Active,,60,No,,2015-11-26,29.19917864476386,17.998631074606433,11.200547570157427,False,False,False,False,False,False,False,False,False,False,False,False,False,False,False,True,False,False
E05988,1984-01-29,,,Active,,60,Yes,1987-03-31,2021-02-04,42.59000684462697,,,False,True,False,False,False,False,False,False,False,False,False,False,False,False,False,False,False,False
E05999,1978-03-05,2016-09-19,,Exited,Withdrawal,60,Yes,1981-03-14,2017-09-06,48.492813141683776,38.54346338124572,9.949349760438055,False,False,False,False,False,False,False,False,False,True,False,False,False,False,False,False,False,False
E06046,1993-05-11,2007-05-11,2026-02-13,Exited,Withdrawal,60,Yes,1992-09-04,,33.308692676249144,13.998631074606434,18.76249144421629,False,False,False,False,False,False,False,False,False,False,False,False,False,False,False,True,False,False
E06049,,2021-11-03,,Active,,60,No,,,,,4.826830937713894,True,False,False,False,False,False,False,False,False,False,False,False,False,False,False,False,False,False
E06053,,2013-10-27,,Active,,60,Yes,1982-06-20,2015-03-10,,,12.845995893223819,True,False,False,False,False,False,False,False,False,False,False,False,False,False,False,False,False,False
E06054,1965-12-25,2022-10-15,,Active,,60,Yes,1968-11-20,,60.68446269678302,56.80492813141684,3.8795345653661877,False,False,False,False,False,False,False,False,False,False,False,False,False,False,False,False,False,True
E06082,1988-11-30,,,Active,,60,Yes,1993-06-08,,37.752224503764545,,,False,True,False,False,False,False,False,False,False,False,False,False,False,False,False,False,False,False
E06086,,2019-09-12,,Active,,60,No,,,,,6.97056810403833,True,False,False,False,False,False,False,False,False,False,False,False,False,False,False,False,False,False
E06126,1987-11-23,2013-04-22,,Exited,Withdrawal,60,No,,2014-06-21,38.77344284736482,25.412731006160165,13.360711841204655,False,False,False,False,False,False,False,False,False,True,False,False,False,False,False,False,False,False
E06149,1994-02-13,2012-02-13,,Active,,60,No,,,32.54757015742642,17.998631074606433,14.548939082819986,False,False,False,False,False,False,False,False,False,False,False,False,False,False,False,True,False,False
E06164,1979-12-24,,,Active,,60,Yes,1979-10-22,,46.68856947296372,,,False,True,False,False,False,False,False,False,False,False,False,False,False,False,False,False,False,False
E06178,1997-02-06,2015-02-06,,Active,,60,Yes,2000-06-26,2015-05-05,29.56605065023956,17.998631074606433,11.567419575633128,False,False,False,False,False,False,False,False,False,False,False,False,False,False,False,True,False,False
E06185,2001-04-29,2019-04-29,,Active,,60,No,,2019-07-23,25.34154688569473,17.998631074606433,7.342915811088296,False,False,False,False,False,False,False,False,False,False,False,False,False,False,False,True,False,False
E06195,,2012-03-18,,Active,,60,Yes,1995-05-23,2012-09-13,,,14.455852156057494,True,False,False,False,False,False,False,False,False,False,False,False,False,False,False,False,False,False
E06196,1989-10-05,2007-10-05,,Active,,60,Yes,1991-06-18,2014-09-06,36.90622861054072,17.998631074606433,18.90759753593429,False,False,False,False,False,False,False,False,False,False,False,False,False,False,False,True,False,False
E06207,,2016-03-17,,Active,,60,Yes,1990-06-05,2017-03-03,,,10.458590006844627,True,False,False,False,False,False,False,False,False,False,False,False,False,False,False,False,False,False
E06209,,2022-06-26,,Active,,60,Yes,2001-02-16,2023-03-24,,,4.183436002737851,True,False,False,False,False,False,False,False,False,False,False,False,False,False,False,False,False,False
E06217,2001-08-22,2019-08-22,,Active,,60,Yes,1999-10-07,,25.026694045174537,17.998631074606433,7.028062970568104,False,False,False,False,False,False,False,False,False,False,False,False,False,False,False,True,False,False
E06240,,2021-03-06,,Active,,60,No,,,,,5.489390828199863,True,False,False,False,False,False,False,False,False,False,False,False,False,False,False,False,False,False
E06249,,2021-09-26,,Active,,60,No,,2021-12-10,,,4.930869267624915,True,False,False,False,False,False,False,False,False,False,False,False,False,False,False,False,False,False
E06259,1996-11-17,2014-11-17,,Active,,60,Yes,2000-01-16,2015-07-22,29.78781656399726,17.998631074606433,11.789185489390828,False,False,False,False,False,False,False,False,False,False,False,False,False,False,False,True,False,False
E06323,2000-11-24,2018-11-24,,Active,,60,No,,,25.76865160848734,17.998631074606433,7.770020533880904,False,False,False,False,False,False,False,False,False,False,False,False,False,False,False,True,False,False
E06334,1992-06-21,2010-06-21,,Active,,60,No,,,34.195756331279945,17.998631074606433,16.197125256673512,False,False,False,False,False,False,False,False,False,False,False,False,False,False,False,True,False,False
E06337,1965-12-18,2023-06-22,,Active,,60,Yes,1962-05-08,,60.70362765229295,57.50855578370979,3.1950718685831623,False,False,False,False,False,False,False,False,False,False,False,False,False,False,False,False,False,True
E06358,1965-05-13,2022-05-11,,Active,,60,Yes,1967-03-11,2022-05-12,61.30321697467488,56.993839835728956,4.309377138945927,False,False,False,False,False,False,False,False,False,False,False,False,False,False,False,False,False,True
E06359,2005-09-24,2023-09-24,,Active,,60,No,,,20.93634496919918,17.998631074606433,2.937713894592745,False,False,False,False,False,False,False,False,False,False,False,False,False,False,False,True,False,False
E06405,1988-10-29,2006-10-29,,Active,,60,Yes,1982-11-22,2010-04-03,37.83983572895277,17.998631074606433,19.84120465434634,False,False,False,False,False,False,False,False,False,False,False,False,False,False,False,True,False,False
E06425,1994-01-25,2012-01-25,,Active,,60,Yes,1993-06-16,2014-04-06,32.59958932238193,17.998631074606433,14.600958247775496,False,False,False,False,False,False,False,False,False,False,False,False,False,False,False,True,False,False
E06433,,2017-05-10,,Active,,60,No,,,,,9.311430527036277,True,False,False,False,False,False,False,False,False,False,False,False,False,False,False,False,False,False
E06453,,2020-11-08,,Active,,60,No,,,,,5.812457221081451,True,False,False,False,False,False,False,False,False,False,False,False,False,False,False,False,False,False
E06491,,2023-08-19,,Active,,60,No,,2023-09-20,,,3.0362765229295,True,False,False,False,False,False,False,False,False,False,False,False,False,False,False,False,False,False
E06494,1966-02-09,2022-10-27,,Active,,60,No,,2023-07-29,60.558521560574945,56.71184120465435,3.8466803559206024,False,False,False,False,False,False,False,False,False,False,False,False,False,False,False,False,False,True
E06510,1979-11-10,,,Active,,62,Yes,1978-01-22,2023-09-02,46.809034907597535,,,False,True,False,False,False,False,False,False,False,False,False,False,False,False,False,False,False,False
E06520,1974-07-15,1989-07-15,,Active,,60,No,,2023-03-28,52.13141683778234,15.000684462696784,37.13073237508556,False,False,False,False,False,False,False,False,False,False,False,False,False,False,False,True,False,False
E06532,1981-05-18,,,Exited,Withdrawal,60,Yes,1983-11-09,2010-12-12,45.28952772073922,,,False,True,False,False,False,False,False,False,False,True,False,False,False,False,False,False,False,False
E06545,1983-10-24,,,Active,,62,Yes,1984-11-18,,42.85557837097878,,,False,True,False,False,False,False,False,False,False,False,False,False,False,False,False,False,False,False
E06563,1984-12-27,,,Active,,60,Yes,1988-07-02,2017-12-29,41.67830253251198,,,False,True,False,False,False,False,False,False,False,False,False,False,False,False,False,False,False,False
E06572,1994-04-05,2023-05-01,,Retired,Retirement,60,Yes,1994-02-21,,32.407939767282684,29.07049965776865,3.3374401095140316,False,False,False,False,False,False,False,False,False,True,False,False,False,False,False,False,False,False
E06574,,2016-12-07,,Active,,60,Yes,1981-05-12,2017-09-01,,,9.73305954825462,True,False,False,False,False,False,False,False,False,False,False,False,False,False,False,False,False,False
E06587,2001-05-13,2019-05-13,,Active,,60,No,,2020-01-20,25.30321697467488,17.998631074606433,7.304585900068446,False,False,False,False,False,False,False,False,False,False,False,False,False,False,False,True,False,False
E06612,2000-05-15,2018-05-15,,Active,,60,Yes,2003-04-12,,26.297056810403834,17.998631074606433,8.2984257357974,False,False,False,False,False,False,False,False,False,False,False,False,False,False,False,True,False,False
E06628,1997-02-08,2015-02-08,,Active,,60,Yes,2004-01-28,,29.560574948665298,17.998631074606433,11.561943874058864,False,False,False,False,False,False,False,False,False,False,False,False,False,False,False,True,False,False
E06642,1980-02-01,2025-02-09,,Exited,Withdrawal,60,No,,,46.58179329226557,45.02395619438741,1.5578370978781657,False,False,False,False,False,False,False,False,False,True,False,False,False,False,False,False,False,False
E06678,2000-09-22,2018-09-22,,Active,,60,No,,2018-10-22,25.94113620807666,17.998631074606433,7.942505133470226,False,False,False,False,False,False,False,False,False,False,False,False,False,False,False,True,False,False
E06680,,2024-11-09,,Active,,60,No,,2024-11-29,,,1.809719370294319,True,False,False,False,False,False,False,False,False,False,False,False,False,False,False,False,False,False
E06707,1988-05-24,2019-05-10,,Exited,Withdrawal,60,Yes,1992-09-11,,38.27241615331965,30.9596167008898,7.312799452429843,False,False,False,False,False,False,False,False,False,True,False,False,False,False,False,False,False,False
E06717,1985-04-07,,,Active,,60,No,,2015-03-26,41.40177960301163,,,False,True,False,False,False,False,False,False,False,False,False,False,False,False,False,False,False,False
E06750,,2010-09-20,2025-09-27,Exited,Withdrawal,60,Yes,1988-11-18,,,,15.019849418206707,True,False,False,False,False,False,False,False,False,False,False,False,False,False,False,False,False,False
E06752,,2023-07-24,,Active,,60,Yes,1987-05-26,,,,3.1074606433949348,True,False,False,False,False,False,False,False,False,False,False,False,False,False,False,False,False,False
E06754,,2018-02-26,,Active,,60,No,,2018-12-29,,,8.511978097193703,True,False,False,False,False,False,False,False,False,False,False,False,False,False,False,False,False,False
E06757,1994-12-18,,,Active,,60,No,,,31.704312114989733,,,False,True,False,False,False,False,False,False,False,False,False,False,False,False,False,False,False,False
E06810,1984-08-21,2002-08-21,,Active,,60,Yes,1983-04-29,,42.02874743326489,17.998631074606433,24.030116358658454,False,False,False,False,False,False,False,False,False,False,False,False,False,False,False,True,False,False
E06837,1993-07-29,2011-07-29,,Active,,60,Yes,1995-05-26,2014-04-27,33.09240246406571,17.998631074606433,15.093771389459274,False,False,False,False,False,False,False,False,False,False,False,False,False,False,False,True,False,False
E06859,,2016-02-24,,Active,,60,Yes,1981-04-10,2016-09-18,,,10.518822724161533,True,False,False,False,False,False,False,False,False,False,False,False,False,False,False,False,False,False
E06863,1993-06-27,2011-06-27,,Active,,60,No,,2011-11-18,33.18001368925393,17.998631074606433,15.181382614647502,False,False,False,False,False,False,False,False,False,False,False,False,False,False,False,True,False,False
E06891,,2022-01-08,,Active,,60,Yes,1984-01-31,2022-12-20,,,4.646132785763176,True,False,False,False,False,False,False,False,False,False,False,False,False,False,False,False,False,False
E06893,1980-02-16,,,Active,,60,Yes,1985-03-18,2024-02-20,46.54072553045859,,,False,True,False,False,False,False,False,False,False,False,False,False,False,False,False,False,False,False
E06899,1965-04-09,2013-10-26,,Active,,60,Yes,1964-04-06,,61.39630390143737,48.54757015742642,12.848733744010952,False,False,False,False,False,False,False,False,False,False,False,False,False,False,False,False,False,True
E06903,1965-12-18,2008-09-30,,Active,,60,Yes,1974-06-26,2010-05-30,60.70362765229295,42.784394250513344,17.919233401779604,False,False,False,False,False,False,False,False,False,False,False,False,False,False,False,False,False,True
E06923,1993-04-22,2015-11-04,,Early Retired,Early Retirement,60,No,,,33.360711841204655,22.535249828884325,10.825462012320328,False,False,False,False,False,False,False,False,False,True,False,False,False,False,False,False,False,False
E06926,1979-03-24,,,Active,,60,No,,2025-01-21,47.441478439425055,,,False,True,False,False,False,False,False,False,False,False,False,False,False,False,False,False,False,False
E06929,1966-02-05,2011-02-20,,Active,,60,Yes,1965-09-08,2015-02-22,60.56947296372348,45.040383299110196,15.529089664613279,False,False,False,False,False,False,False,False,False,False,False,False,False,False,False,False,False,True
E06958,1992-05-28,2024-02-11,,Exited,Withdrawal,60,Yes,1993-09-30,2024-05-14,34.261464750171115,31.707049965776864,2.5544147843942504,False,False,False,False,False,False,False,False,False,True,False,False,False,False,False,False,False,False
E06964,1986-12-13,,,Active,,60,No,,2016-12-13,39.71800136892539,,,False,True,False,False,False,False,False,False,False,False,False,False,False,False,False,False,False,False
E06980,1996-12-08,2014-12-08,,Active,,60,No,,,29.730321697467488,17.998631074606433,11.731690622861054,False,False,False,False,False,False,False,False,False,False,False,False,False,False,False,True,False,False
E06982,2001-11-30,2019-11-30,,Active,,60,No,,,24.752908966461327,17.998631074606433,6.754277891854894,False,False,False,False,False,False,False,False,False,False,False,False,False,False,False,True,False,False
E06998,1973-06-21,2018-09-08,,Exited,Withdrawal,60,Yes,1970-06-06,2019-05-13,53.19644079397673,45.215605749486656,7.9808350444900755,False,False,False,False,False,False,False,False,False,True,False,False,False,False,False,False,False,False
E07002,2000-11-12,2018-11-12,,Active,,60,No,,2019-01-19,25.801505817932924,17.998631074606433,7.8028747433264884,False,False,False,False,False,False,False,False,False,False,False,False,False,False,False,True,False,False
E07007,1996-08-18,2014-08-18,,Active,,60,Yes,1997-09-15,,30.036960985626283,17.998631074606433,12.038329911019849,False,False,False,False,False,False,False,False,False,False,False,False,False,False,False,True,False,False
E07025,1965-05-31,2018-06-24,,Active,,60,Yes,1971-08-30,2018-11-23,61.2539356605065,53.06502395619439,8.188911704312115,False,False,False,False,False,False,False,False,False,False,False,False,False,False,False,False,False,True
E07059,1982-07-26,,,Active,,60,No,,2017-06-05,44.101300479123886,,,False,True,False,False,False,False,False,False,False,False,False,False,False,False,False,False,False,False
E07091,2006-02-28,2024-02-28,,Active,,60,No,,2024-04-03,20.50650239561944,17.998631074606433,2.507871321013005,False,False,False,False,False,False,False,False,False,False,False,False,False,False,False,True,False,False
E07117,2001-05-08,2019-05-08,,Active,,60,Yes,2001-07-24,,25.31690622861054,17.998631074606433,7.318275154004107,False,False,False,False,False,False,False,False,False,False,False,False,False,False,False,True,False,False
E07157,1997-07-24,2015-07-24,,Active,,60,No,,,29.10609171800137,17.998631074606433,11.107460643394935,False,False,False,False,False,False,False,False,False,False,False,False,False,False,False,True,False,False
E07204,1989-08-23,,,Active,,60,Yes,1989-12-27,2021-02-18,37.02395619438741,,,False,True,False,False,False,False,False,False,False,False,False,False,False,False,False,False,False,False
E07208,2000-04-13,2018-04-13,,Active,,60,Yes,2002-03-09,2019-03-22,26.38466803559206,17.998631074606433,8.386036960985626,False,False,False,False,False,False,False,False,False,False,False,False,False,False,False,True,False,False
E07218,2006-10-12,2024-10-12,,Exited,Withdrawal,60,No,,2025-08-02,19.887748117727583,18.001368925393567,1.8863791923340179,False,False,False,False,False,False,False,False,False,True,False,False,False,False,False,False,False,False
E07241,2005-09-19,2023-09-19,,Active,,60,No,,2024-01-12,20.95003422313484,17.998631074606433,2.951403148528405,False,False,False,False,False,False,False,False,False,False,False,False,False,False,False,True,False,False
E07245,,2016-06-20,,Active,,60,Yes,1958-05-28,2016-10-01,,,10.198494182067078,True,False,False,False,False,False,False,False,False,False,False,False,False,False,False,False,False,False
E07249,1989-09-03,2023-01-01,,Retired,Retirement,60,No,,2023-10-17,36.993839835728956,33.327857631759066,3.6659822039698837,False,False,False,False,False,False,False,False,False,True,False,False,False,False,False,False,False,False
E07277,2005-10-30,2023-10-30,,Active,,60,No,,,20.83778234086242,17.998631074606433,2.839151266255989,False,False,False,False,False,False,False,False,False,False,False,False,False,False,False,True,False,False
E07290,1983-12-16,2024-10-07,,Deceased,Death,60,Yes,1985-05-08,2025-07-06,42.71047227926078,40.8104038329911,1.9000684462696784,False,False,False,False,False,False,False,False,False,True,False,False,False,False,False,False,False,False
E07305,2005-12-16,2023-12-16,,Active,,60,No,,,20.709103353867214,17.998631074606433,2.7104722792607805,False,False,False,False,False,False,False,False,False,False,False,False,False,False,False,True,False,False
E07330,1997-04-02,2015-04-02,,Active,,60,Yes,1999-09-20,2016-03-15,29.415468856947296,17.998631074606433,11.416837782340862,False,False,False,False,False,False,False,False,False,False,False,False,False,False,False,True,False,False
E07350,1997-07-07,2015-07-07,,Active,,60,No,,2015-11-16,29.152635181382614,17.998631074606433,11.154004106776181,False,False,False,False,False,False,False,False,False,False,False,False,False,False,False,True,False,False
E07355,2005-11-04,2023-11-04,,Active,,60,No,,,20.824093086926762,17.998631074606433,2.8254620123203287,False,False,False,False,False,False,False,False,False,False,False,False,False,False,False,True,False,False
E07358,2005-07-21,2023-07-21,,Active,,60,No,,2023-10-25,21.114305270362767,17.998631074606433,3.1156741957563314,False,False,False,False,False,False,False,False,False,False,False,False,False,False,False,True,False,False
E07370,1981-05-06,2013-12-31,,Exited,Withdrawal,60,Yes,1983-08-08,,45.322381930184804,32.65434633812457,12.668035592060233,False,False,False,False,False,False,False,False,False,True,False,False,False,False,False,False,False,False
E07403,1987-02-08,,,Active,,60,Yes,1987-03-31,2014-11-23,39.56194387405886,,,False,True,False,False,False,False,False,False,False,False,False,False,False,False,False,False,False,False
E07407,2004-09-10,2022-09-10,2023-03-08,Early Retired,Early Retirement,60,Yes,2004-01-11,,21.973990417522245,17.998631074606433,0.49007529089664614,False,False,False,False,False,False,False,False,False,False,False,False,False,False,False,True,False,False
E07459,1996-04-09,,,Active,,60,Yes,1996-04-23,,30.39561943874059,,,False,True,False,False,False,False,False,False,False,False,False,False,False,False,False,False,False,False
E07469,1984-09-01,2019-06-24,,Exited,Withdrawal,60,Yes,1983-07-03,,41.998631074606436,34.809034907597535,7.189596167008898,False,False,False,False,False,False,False,False,False,True,False,False,False,False,False,False,False,False
E07473,1996-07-07,2014-07-07,2023-06-23,Exited,Withdrawal,60,Yes,1993-02-22,,30.151950718685832,17.998631074606433,8.960985626283367,False,False,False,False,False,False,False,False,False,False,False,False,False,False,False,True,False,False
E07518,1991-04-02,,,Active,,60,Yes,1988-11-29,2017-12-18,35.41683778234086,,,False,True,False,False,False,False,False,False,False,False,False,False,False,False,False,False,False,False
E07563,2004-11-13,2022-11-13,,Active,,60,Yes,2002-01-06,,21.79876796714579,17.998631074606433,3.800136892539357,False,False,False,False,False,False,False,False,False,False,False,False,False,False,False,True,False,False
E07573,1985-06-20,2017-09-16,,Exited,Withdrawal,60,Yes,1989-09-22,,41.19917864476386,32.24093086926762,8.958247775496236,False,False,False,False,False,False,False,False,False,True,False,False,False,False,False,False,False,False
E07612,2001-06-27,2019-06-27,,Active,,60,Yes,2005-02-03,2020-05-11,25.180013689253936,17.998631074606433,7.181382614647502,False,False,False,False,False,False,False,False,False,False,False,False,False,False,False,True,False,False
E07620,2001-03-15,2019-03-15,,Active,,60,No,,,25.464750171115675,17.998631074606433,7.4661190965092405,False,False,False,False,False,False,False,False,False,False,False,False,False,False,False,True,False,False
E07632,,2017-04-03,,Active,,60,Yes,1980-04-12,2017-06-26,,,9.412731006160165,True,False,False,False,False,False,False,False,False,False,False,False,False,False,False,False,False,False
E07646,2005-07-06,2023-07-06,,Active,,60,No,,,21.155373032169745,17.998631074606433,3.156741957563313,False,False,False,False,False,False,False,False,False,False,False,False,False,False,False,True,False,False
E07658,,2019-02-15,2023-05-03,Exited,Withdrawal,60,Yes,1972-02-11,,,,4.210814510609172,True,False,False,False,False,False,False,False,False,False,False,False,False,False,False,False,False,False
E07668,1992-11-08,2010-11-08,,Active,,60,Yes,1995-09-17,2015-02-17,33.81245722108145,17.998631074606433,15.813826146475018,False,False,False,False,False,False,False,False,False,False,False,False,False,False,False,True,False,False
E07671,1997-02-04,2023-10-12,2026-05-15,Active,Withdrawal,60,No,,,29.571526351813826,26.68309377138946,2.5900068446269677,False,False,False,False,False,False,False,False,True,False,True,False,False,False,False,False,False,False
E07691,1969-09-07,,,Active,,60,Yes,1968-11-06,2020-12-28,56.982888432580424,,,False,True,False,False,False,False,False,False,False,False,False,False,False,False,False,False,False,False
E07709,,2025-05-25,2026-08-13,Exited,Withdrawal,60,No,,2026-01-12,,,1.218343600273785,True,False,False,False,False,False,False,False,False,False,False,False,False,False,False,False,False,False
E07712,1965-10-26,2021-09-20,,Active,,60,Yes,1964-03-04,,60.84873374401095,55.90143737166324,4.947296372347707,False,False,False,False,False,False,False,False,False,False,False,False,False,False,False,False,False,True
E07725,2002-01-24,2021-05-26,,Exited,Withdrawal,60,No,,,24.602327173169062,19.3347022587269,5.2676249144421625,False,False,False,False,False,False,False,False,False,True,False,False,False,False,False,False,False,False
E07742,2000-08-02,2018-08-02,,Active,,60,No,,2019-02-10,26.080766598220396,17.998631074606433,8.082135523613964,False,False,False,False,False,False,False,False,False,False,False,False,False,False,False,True,False,False
E07785,1993-06-17,2011-06-17,,Active,,60,No,,,33.20739219712526,17.998631074606433,15.208761122518823,False,False,False,False,False,False,False,False,False,False,False,False,False,False,False,True,False,False
E07788,2001-08-20,2019-08-20,,Active,,60,No,,,25.032169746748803,17.998631074606433,7.0335386721423685,False,False,False,False,False,False,False,False,False,False,False,False,False,False,False,True,False,False
E07789,1997-02-26,2015-02-26,,Active,,60,Yes,1994-03-18,,29.51129363449692,17.998631074606433,11.512662559890487,False,False,False,False,False,False,False,False,False,False,False,False,False,False,False,True,False,False
E07807,1981-10-28,,,Active,,60,Yes,1983-05-03,2019-01-20,44.84325804243669,,,False,True,False,False,False,False,False,False,False,False,False,False,False,False,False,False,False,False
E07811,1992-04-28,2010-04-28,,Active,,60,No,,2014-10-29,34.34360027378508,17.998631074606433,16.344969199178646,False,False,False,False,False,False,False,False,False,False,False,False,False,False,False,True,False,False
E07914,,2023-08-12,,Retired,Retirement,60,No,,,,,3.055441478439425,True,False,False,False,False,False,False,False,False,True,False,False,False,False,False,False,False,False
E07916,2004-05-30,2022-05-30,,Active,,60,No,,2022-08-23,22.255989048596852,17.998631074606433,4.257357973990418,False,False,False,False,False,False,False,False,False,False,False,False,False,False,False,True,False,False
E07931,1992-03-02,,,Active,,60,No,,,34.49965776865161,,,False,True,False,False,False,False,False,False,False,False,False,False,False,False,False,False,False,False
E07942,1997-07-27,2015-07-27,2023-03-22,Deceased,Death,60,Yes,1990-06-13,,29.097878165639973,17.998631074606433,7.652292950034223,False,False,False,False,False,False,False,False,False,False,False,False,False,False,False,True,False,False
E07949,1989-04-14,2023-02-05,,Deceased,Death,60,Yes,1991-12-29,,37.38261464750171,33.81245722108145,3.57015742642026,False,False,False,False,False,False,False,False,False,True,False,False,False,False,False,False,False,False
E07996,2001-12-09,2019-12-09,,Active,,60,No,,2020-01-04,24.72826830937714,17.998631074606433,6.729637234770705,False,False,False,False,False,False,False,False,False,False,False,False,False,False,False,True,False,False
E08005,1986-11-14,2013-02-03,,Exited,Withdrawal,60,No,,2014-12-19,39.79739904175222,26.223134839151268,13.574264202600958,False,False,False,False,False,False,False,False,False,True,False,False,False,False,False,False,False,False
E08011,,2013-03-18,,Active,,60,No,,,,,13.456536618754278,True,False,False,False,False,False,False,False,False,False,False,False,False,False,False,False,False,False
E08018,2002-02-26,2020-02-26,,Active,,60,No,,2020-08-11,24.511978097193705,17.998631074606433,6.513347022587269,False,False,False,False,False,False,False,False,False,False,False,False,False,False,False,True,False,False
E08055,1986-07-14,2011-02-13,,Exited,Withdrawal,60,Yes,1992-04-09,,40.134154688569474,24.58590006844627,15.548254620123203,False,False,False,False,False,False,False,False,False,True,False,False,False,False,False,False,False,False
E08080,1979-03-13,,,Active,,60,No,,2020-02-10,47.4715947980835,,,False,True,False,False,False,False,False,False,False,False,False,False,False,False,False,False,False,False
E08096,,2024-06-16,,Active,,60,Yes,1998-11-10,2024-10-20,,,2.209445585215606,True,False,False,False,False,False,False,False,False,False,False,False,False,False,False,False,False,False
E08104,2000-07-07,2018-07-07,,Active,,60,Yes,2008-07-09,2018-10-19,26.151950718685832,17.998631074606433,8.153319644079398,False,False,False,False,False,False,False,False,False,False,False,False,False,False,False,True,False,False
E08115,1998-01-19,2016-01-19,,Active,,60,No,,2016-04-06,28.61601642710472,17.998631074606433,10.617385352498289,False,False,False,False,False,False,False,False,False,False,False,False,False,False,False,True,False,False
E08191,,2024-09-14,2025-11-24,Retired,Retirement,60,Yes,2007-01-02,2025-08-29,,,1.1937029431895962,True,False,False,False,False,False,False,False,False,False,False,False,False,False,False,False,False,False
E08193,2005-01-19,2023-01-19,,Active,,60,No,,2023-09-30,21.61533196440794,17.998631074606433,3.6167008898015056,False,False,False,False,False,False,False,False,False,False,False,False,False,False,False,True,False,False
E08196,,2011-01-17,,Active,,60,No,,,,,15.62217659137577,True,False,False,False,False,False,False,False,False,False,False,False,False,False,False,False,False,False
E08197,1996-06-28,2014-06-28,,Active,,60,Yes,1994-12-21,,30.17659137577002,17.998631074606433,12.177960301163587,False,False,False,False,False,False,False,False,False,False,False,False,False,False,False,True,False,False
E08206,1984-09-16,2019-02-04,,Disabled,Disability,60,No,,2020-01-19,41.95756331279945,34.38466803559206,7.572895277207392,False,False,False,False,False,False,False,False,False,True,False,False,False,False,False,False,False,False
E08208,1996-03-25,2014-03-25,,Active,,60,Yes,1998-12-30,2015-01-12,30.43668720054757,17.998631074606433,12.438056125941136,False,False,False,False,False,False,False,False,False,False,False,False,False,False,False,True,False,False
E08210,2001-11-17,2019-11-17,,Active,,60,Yes,2000-04-14,,24.788501026694046,17.998631074606433,6.789869952087611,False,False,False,False,False,False,False,False,False,False,False,False,False,False,False,True,False,False
E08230,1966-03-10,2016-10-30,,Active,,60,Yes,1968-01-24,2017-05-26,60.479123887748116,50.64202600958248,9.83709787816564,False,False,False,False,False,False,False,False,False,False,False,False,False,False,False,False,False,True
E08251,2001-12-18,2019-12-18,,Active,,60,No,,2020-10-02,24.70362765229295,17.998631074606433,6.704996577686516,False,False,False,False,False,False,False,False,False,False,False,False,False,False,False,True,False,False
E08261,1992-08-17,2010-08-17,,Active,,60,Yes,1995-03-04,,34.039698836413415,17.998631074606433,16.041067761806982,False,False,False,False,False,False,False,False,False,False,False,False,False,False,False,True,False,False
E08277,,2005-04-02,,Active,,60,Yes,1986-06-29,,,,21.415468856947296,True,False,False,False,False,False,False,False,False,False,False,False,False,False,False,False,False,False
E08306,2001-01-22,,,Active,,60,No,,,25.607118412046542,,,False,True,False,False,False,False,False,False,False,False,False,False,False,False,False,False,False,False
E08324,1983-04-07,2005-04-04,2022-05-16,Deceased,Withdrawal,60,No,,,43.403148528405204,21.99315537303217,17.114305270362767,False,False,False,False,False,False,False,False,False,False,False,False,True,False,False,False,False,False
E08325,1995-12-02,2018-05-15,,Exited,Withdrawal,60,Yes,1995-10-09,,30.748802190280628,22.45037645448323,8.2984257357974,False,False,False,False,False,False,False,False,False,True,False,False,False,False,False,False,False,False
E08352,1966-01-05,2005-02-13,,Active,,60,Yes,1963-06-28,2011-02-26,60.65434633812457,39.10746064339494,21.54688569472964,False,False,False,False,False,False,False,False,False,False,False,False,False,False,False,False,False,True
E08398,1989-08-13,,2025-10-22,Exited,Withdrawal,60,Yes,1981-04-18,2020-02-28,37.05133470225873,,,False,True,False,False,False,False,False,False,False,False,False,False,False,False,False,False,False,False
E08405,1984-02-24,2026-01-28,,Exited,Withdrawal,60,No,,2026-06-16,42.51882272416153,41.927446954141,0.5913757700205339,False,False,False,False,False,False,False,False,False,True,False,False,False,False,False,False,False,False
E08413,,2016-02-14,,Active,,60,Yes,1986-09-30,2016-05-09,,,10.546201232032855,True,False,False,False,False,False,False,False,False,False,False,False,False,False,False,False,False,False
E08417,1987-09-14,,2026-06-03,Exited,Withdrawal,60,Yes,1988-02-03,2018-04-26,38.965092402464066,,,False,True,False,False,False,False,False,False,False,False,False,False,False,False,False,False,False,False
E08439,,2021-06-10,,Active,,60,No,,2021-11-02,,,5.2265571526351815,True,False,False,False,False,False,False,False,False,False,False,False,False,False,False,False,False,False
E08452,2001-06-14,,2024-08-10,Exited,Withdrawal,60,No,,2023-06-18,25.215605749486652,,,False,True,False,False,False,False,False,False,False,False,False,False,False,False,False,False,False,False
E08462,2000-11-27,2018-11-27,,Active,,60,Yes,1998-05-10,2019-05-01,25.760438056125942,17.998631074606433,7.761806981519507,False,False,False,False,False,False,False,False,False,False,False,False,False,False,False,True,False,False
E08476,,2021-07-23,,Active,,60,No,,,,,5.108829568788501,True,False,False,False,False,False,False,False,False,False,False,False,False,False,False,False,False,False
E08479,1996-11-01,2020-07-08,,Exited,Withdrawal,60,No,,2021-05-25,29.831622176591377,23.682409308692677,6.1492128678987,False,False,False,False,False,False,False,False,False,True,False,False,False,False,False,False,False,False
E08516,2006-08-03,2024-09-01,,Exited,Withdrawal,60,No,,,20.079397672826833,18.080766598220396,1.998631074606434,False,False,False,False,False,False,False,False,False,True,False,False,False,False,False,False,False,False
E08518,,2018-06-07,,Active,,60,No,,2019-05-23,,,8.235455167693361,True,False,False,False,False,False,False,False,False,False,False,False,False,False,False,False,False,False
E08554,1997-08-24,2015-08-24,2022-02-23,Retired,Retirement,60,No,,2016-05-03,29.021218343600275,17.998631074606433,6.50239561943874,False,False,False,False,False,False,False,False,False,False,False,False,False,False,False,True,False,False
E08556,1994-11-27,,,Active,,60,No,,2025-11-07,31.761806981519506,,,False,True,False,False,False,False,False,False,False,False,False,False,False,False,False,False,False,False
E08600,,2018-10-19,2023-09-28,Retired,Retirement,60,No,,,,,4.941820670773443,True,False,False,False,False,False,False,False,False,False,False,False,False,False,False,False,False,False
E08606,2004-06-19,2022-06-19,2023-02-26,Early Retired,Early Retirement,60,Yes,2008-09-16,,22.20123203285421,17.998631074606433,0.6899383983572895,False,False,False,False,False,False,False,False,False,False,False,False,False,False,False,True,False,False
E08617,,2024-12-31,,Active,,60,No,,2025-02-03,,,1.6673511293634498,True,False,False,False,False,False,False,False,False,False,False,False,False,False,False,False,False,False
E08642,1997-05-26,2015-05-26,,Active,,60,No,,,29.267624914442163,17.998631074606433,11.268993839835728,False,False,False,False,False,False,False,False,False,False,False,False,False,False,False,True,False,False
E08661,1994-01-11,2012-01-11,,Active,,60,No,,2015-02-06,32.63791923340178,17.998631074606433,14.639288158795345,False,False,False,False,False,False,False,False,False,False,False,False,False,False,False,True,False,False
E08668,,2014-08-06,,Active,,60,No,,2015-02-13,,,12.071184120465434,True,False,False,False,False,False,False,False,False,False,False,False,False,False,False,False,False,False
E08695,2000-10-01,2018-10-01,,Active,,60,Yes,1998-09-25,2018-10-07,25.916495550992472,17.998631074606433,7.917864476386037,False,False,False,False,False,False,False,False,False,False,False,False,False,False,False,True,False,False
E08718,1987-03-10,2023-08-12,2025-10-23,Active,Withdrawal,60,Yes,1996-08-31,2024-07-31,39.4798083504449,36.42436687200548,2.198494182067077,False,False,False,False,False,False,False,False,True,False,True,False,False,False,False,False,False,False
E08738,1989-04-21,2007-04-21,,Active,,60,No,,2015-02-12,37.36344969199179,17.998631074606433,19.364818617385353,False,False,False,False,False,False,False,False,False,False,False,False,False,False,False,True,False,False
E08743,,2019-01-19,,Active,,60,Yes,1986-03-25,2019-07-11,,,7.616700889801506,True,False,False,False,False,False,False,False,False,False,False,False,False,False,False,False,False,False
E08787,1989-11-27,,,Active,,60,No,,,36.761122518822724,,,False,True,False,False,False,False,False,False,False,False,False,False,False,False,False,False,False,False
E08797,,2021-05-10,,Active,,60,No,,2021-09-11,,,5.3114305270362765,True,False,False,False,False,False,False,False,False,False,False,False,False,False,False,False,False,False
E08802,1981-02-03,1996-02-03,,Active,,60,Yes,1980-04-10,2021-10-01,45.57426420260096,14.99794661190965,30.576317590691307,False,False,False,False,False,False,False,False,False,False,False,False,False,False,False,True,False,False
E08803,,2020-04-16,,Active,,60,No,,,,,6.376454483230664,True,False,False,False,False,False,False,False,False,False,False,False,False,False,False,False,False,False
E08817,,2014-07-25,,Active,,60,Yes,1984-12-18,2014-12-12,,,12.10403832991102,True,False,False,False,False,False,False,False,False,False,False,False,False,False,False,False,False,False
E08826,2000-05-12,2018-05-12,,Active,,60,No,,2018-12-29,26.305270362765228,17.998631074606433,8.306639288158795,False,False,False,False,False,False,False,False,False,False,False,False,False,False,False,True,False,False
E08845,1998-01-31,2016-01-31,,Active,,60,No,,,28.583162217659137,17.998631074606433,10.584531143052704,False,False,False,False,False,False,False,False,False,False,False,False,False,False,False,True,False,False
E08852,2004-06-20,2022-06-20,2023-11-07,Early Retired,Early Retirement,60,Yes,2008-06-17,2023-02-18,22.198494182067076,17.998631074606433,1.3826146475017111,False,False,False,False,False,False,False,False,False,False,False,False,False,False,False,True,False,False
E08870,2006-10-05,,,Active,,60,No,,2025-06-17,19.906913073237508,,,False,True,False,False,False,False,False,False,False,False,False,False,False,False,False,False,False,False
E08874,1994-07-13,,,Active,,60,No,,,32.1368925393566,,,False,True,False,False,False,False,False,False,False,False,False,False,False,False,False,False,False,False
E08896,1993-02-05,2017-10-12,,Early Retired,Early Retirement,60,No,,2017-11-11,33.568788501026695,24.681724845995895,8.8870636550308,False,False,False,False,False,False,False,False,False,True,False,False,False,False,False,False,False,False
E08910,2001-11-01,2019-11-01,,Active,,60,Yes,2000-06-13,2020-06-11,24.83230663928816,17.998631074606433,6.833675564681725,False,False,False,False,False,False,False,False,False,False,False,False,False,False,False,True,False,False
E08919,1999-06-21,,,Active,,60,Yes,2000-10-08,2025-02-22,27.197809719370294,,,False,True,False,False,False,False,False,False,False,False,False,False,False,False,False,False,False,False
E08934,1999-08-26,,,Active,,60,No,,2018-07-23,27.017111567419576,,,False,True,False,False,False,False,False,False,False,False,False,False,False,False,False,False,False,False
E08937,2004-11-14,2022-11-14,,Active,,60,No,,2023-06-02,21.796030116358658,17.998631074606433,3.7973990417522243,False,False,False,False,False,False,False,False,False,False,False,False,False,False,False,True,False,False
E08974,1989-06-25,,,Active,,60,Yes,1994-10-29,2023-07-15,37.1854893908282,,,False,True,False,False,False,False,False,False,False,False,False,False,False,False,False,False,False,False
E08990,,2022-04-27,,Active,,60,No,,2023-04-24,,,4.347707049965777,True,False,False,False,False,False,False,False,False,False,False,False,False,False,False,False,False,False
E09001,2003-08-22,,2025-03-15,Disabled,Disability,60,No,,,23.028062970568104,,,False,True,False,False,False,False,False,False,False,False,False,False,False,False,False,False,False,False
E09019,,2013-02-01,,Active,,60,Yes,1981-09-29,2014-04-14,,,13.579739904175222,True,False,False,False,False,False,False,False,False,False,False,False,False,False,False,False,False,False
E09029,1980-08-09,1998-08-09,,Active,,60,No,,2014-10-29,46.06160164271047,17.998631074606433,28.06297056810404,False,False,False,False,False,False,False,False,False,False,False,False,False,False,False,True,False,False
E09048,1993-03-10,,,Active,,60,No,,2017-05-19,33.478439425051334,,,False,True,False,False,False,False,False,False,False,False,False,False,False,False,False,False,False,False
E09058,2001-02-10,2019-02-10,2026-02-16,Exited,Withdrawal,60,No,,,25.555099247091032,17.998631074606433,7.017111567419575,False,False,False,False,False,False,False,False,False,False,False,False,False,False,False,True,False,False
E09063,,2024-05-27,,Active,,60,Yes,1998-02-10,,,,2.2642026009582477,True,False,False,False,False,False,False,False,False,False,False,False,False,False,False,False,False,False
E09067,1965-08-24,2023-07-12,,Active,,60,Yes,1967-11-30,2024-02-06,61.021218343600275,57.880903490759756,3.14031485284052,False,False,False,False,False,False,False,False,False,False,False,False,False,False,False,False,False,True
E09069,1984-01-19,2017-10-16,2024-04-03,Active,Withdrawal,60,Yes,1984-05-25,2017-12-19,42.61738535249829,33.74127310061601,6.464065708418891,False,False,False,False,False,False,False,False,True,False,True,False,False,False,False,False,False,False
E09075,1989-07-07,2007-07-07,,Active,,60,No,,,37.152635181382614,17.998631074606433,19.15400410677618,False,False,False,False,False,False,False,False,False,False,False,False,False,False,False,True,False,False
E09110,1966-05-19,2015-03-12,,Active,,60,No,,,60.28747433264887,48.813141683778234,11.474332648870636,False,False,False,False,False,False,False,False,False,False,False,False,False,False,False,False,False,True
E09123,1989-09-13,2007-09-13,,Active,,60,Yes,1987-03-02,,36.96646132785763,17.998631074606433,18.967830253251197,False,False,False,False,False,False,False,False,False,False,False,False,False,False,False,True,False,False
E09131,2002-01-15,2020-01-15,,Active,,60,No,,2020-08-10,24.62696783025325,17.998631074606433,6.628336755646817,False,False,False,False,False,False,False,False,False,False,False,False,False,False,False,True,False,False
E09164,2000-08-25,2018-08-25,,Active,,60,No,,2019-01-15,26.017796030116358,17.998631074606433,8.019164955509925,False,False,False,False,False,False,False,False,False,False,False,False,False,False,False,True,False,False
E09188,1995-03-04,,,Active,,60,Yes,1993-02-05,2013-04-13,31.496235455167692,,,False,True,False,False,False,False,False,False,False,False,False,False,False,False,False,False,False,False
E09240,2002-01-05,2020-01-05,,Active,,60,No,,2020-05-20,24.654346338124572,17.998631074606433,6.655715263518139,False,False,False,False,False,False,False,False,False,False,False,False,False,False,False,True,False,False
E09266,1996-03-10,,,Active,,60,No,,,30.477754962354553,,,False,True,False,False,False,False,False,False,False,False,False,False,False,False,False,False,False,False
E09279,1986-12-11,2015-06-19,,Disabled,Disability,60,Yes,1989-07-08,2015-11-14,39.723477070499655,28.520191649555098,11.203285420944558,False,False,False,False,False,False,False,False,False,True,False,False,False,False,False,False,False,False
E09286,2005-02-26,2023-02-26,,Active,,60,Yes,2005-09-09,,21.51129363449692,17.998631074606433,3.512662559890486,False,False,False,False,False,False,False,False,False,False,False,False,False,False,False,True,False,False
E09292,1966-01-08,2017-08-29,,Active,,60,Yes,1970-01-12,,60.64613278576318,51.63860369609856,9.007529089664613,False,False,False,False,False,False,False,False,False,False,False,False,False,False,False,False,False,True
E09305,2005-01-30,2023-01-30,,Active,,60,Yes,2004-10-23,,21.585215605749486,17.998631074606433,3.586584531143053,False,False,False,False,False,False,False,False,False,False,False,False,False,False,False,True,False,False
E09310,1990-02-09,2021-12-09,,Early Retired,Early Retirement,60,No,,,36.558521560574945,31.83025325119781,4.728268309377139,False,False,False,False,False,False,False,False,False,True,False,False,False,False,False,False,False,False
E09356,2000-05-16,2018-05-16,,Active,,60,No,,2018-07-30,26.2943189596167,17.998631074606433,8.295687885010267,False,False,False,False,False,False,False,False,False,False,False,False,False,False,False,True,False,False
E09382,,2018-06-03,,Active,,60,Yes,1982-02-13,2019-01-30,,,8.24640657084189,True,False,False,False,False,False,False,False,False,False,False,False,False,False,False,False,False,False
E09401,1992-05-19,2004-05-19,,Active,,60,No,,2023-09-24,34.286105407255306,12.0,22.286105407255306,False,False,False,False,False,False,False,False,False,False,False,False,False,False,False,True,False,False
E09414,1993-02-01,2011-02-01,,Active,,60,No,,2014-11-11,33.57973990417522,17.998631074606433,15.58110882956879,False,False,False,False,False,False,False,False,False,False,False,False,False,False,False,True,False,False
E09429,1994-03-10,2025-04-26,,Exited,Withdrawal,60,Yes,1997-12-15,,32.479123887748116,31.129363449691994,1.3497604380561259,False,False,False,False,False,False,False,False,False,True,False,False,False,False,False,False,False,False
E09471,,2019-09-27,,Active,,60,No,,,,,6.929500342231348,True,False,False,False,False,False,False,False,False,False,False,False,False,False,False,False,False,False
E09484,1983-12-06,2021-07-05,2025-08-30,Active,Withdrawal,60,Yes,1985-05-22,2021-11-16,42.7378507871321,37.57973990417522,4.153319644079398,False,False,False,False,False,False,False,False,True,False,True,False,False,False,False,False,False,False
E09501,1973-06-18,,,Active,,60,Yes,1974-10-01,2019-07-12,53.204654346338124,,,False,True,False,False,False,False,False,False,False,False,False,False,False,False,False,False,False,False
E09510,,2017-12-25,,Active,,60,No,,2018-07-31,,,8.684462696783026,True,False,False,False,False,False,False,False,False,False,False,False,False,False,False,False,False,False
E09516,1993-02-28,2016-05-01,,Exited,Withdrawal,60,No,,,33.50581793292265,23.170431211498972,10.335386721423683,False,False,False,False,False,False,False,False,False,True,False,False,False,False,False,False,False,False
E09529,2000-12-06,2018-12-06,,Active,,60,Yes,1998-07-24,,25.73579739904175,17.998631074606433,7.737166324435318,False,False,False,False,False,False,False,False,False,False,False,False,False,False,False,True,False,False
E09531,1997-09-07,2015-09-07,,Active,,60,Yes,2000-03-24,2016-04-28,28.982888432580424,17.998631074606433,10.984257357973991,False,False,False,False,False,False,False,False,False,False,False,False,False,False,False,True,False,False
E09534,1996-11-12,2014-11-12,,Retired,Retirement,60,No,,,29.801505817932924,17.998631074606433,11.80287474332649,False,False,False,False,False,False,False,False,False,True,False,False,False,False,False,True,False,False
E09551,1984-05-30,2002-05-30,,Active,,60,No,,,42.25598904859685,17.998631074606433,24.257357973990416,False,False,False,False,False,False,False,False,False,False,False,False,False,False,False,True,False,False
E09561,2001-08-02,2020-02-25,,Exited,Withdrawal,60,No,,2020-03-12,25.08145106091718,18.56536618754278,6.5160848733744015,False,False,False,False,False,False,False,False,False,True,False,False,False,False,False,False,False,False
E09594,1993-10-14,2018-07-12,,Retired,Retirement,60,No,,,32.88158795345654,24.7419575633128,8.139630390143736,False,False,False,False,False,False,False,False,False,True,False,False,False,False,False,False,False,False
E09644,1977-07-13,,,Active,,60,Yes,1970-09-27,2018-01-26,49.13620807665982,,,False,True,False,False,False,False,False,False,False,False,False,False,False,False,False,False,False,False
E09647,1994-11-10,,,Active,,60,Yes,1994-01-30,2020-11-23,31.808350444900753,,,False,True,False,False,False,False,False,False,False,False,False,False,False,False,False,False,False,False
E09669,1973-04-04,2021-07-15,,Exited,Withdrawal,60,Yes,1969-12-22,,53.40999315537303,48.27926078028747,5.130732375085558,False,False,False,False,False,False,False,False,False,True,False,False,False,False,False,False,False,False
E09673,,2019-06-20,2024-12-14,Active,Withdrawal,60,Yes,1988-08-10,,,,5.486652977412731,True,False,False,False,False,False,False,False,True,False,True,False,False,False,False,False,False,False
E09708,1965-07-24,2019-08-16,,Active,,60,Yes,1968-12-09,2020-03-20,61.106091718001366,54.06160164271047,7.044490075290897,False,False,False,False,False,False,False,False,False,False,False,False,False,False,False,False,False,True
E09715,1982-06-24,2000-07-31,,Disabled,Disability,60,No,,,44.18891170431211,18.102669404517453,26.086242299794662,False,False,False,False,False,False,False,False,False,True,False,False,False,False,False,False,False,False
E09735,,2011-11-30,,Active,,60,No,,2012-04-19,,,14.754277891854894,True,False,False,False,False,False,False,False,False,False,False,False,False,False,False,False,False,False
E09739,1982-12-21,2021-06-06,,Exited,Withdrawal,60,Yes,1976-09-20,2021-11-07,43.696098562628336,38.458590006844624,5.23750855578371,False,False,False,False,False,False,False,False,False,True,False,False,False,False,False,False,False,False
E09743,1977-12-25,,2024-05-07,Exited,Withdrawal,60,No,,2025-03-22,48.68446269678302,,,False,True,False,False,False,False,False,False,False,False,False,False,False,False,False,False,False,False
E09745,1987-04-04,2001-04-04,,Active,,60,No,,2014-12-07,39.4113620807666,14.001368925393566,25.409993155373034,False,False,False,False,False,False,False,False,False,False,False,False,False,False,False,True,False,False
E09747,1984-08-24,2017-05-26,,Exited,Withdrawal,60,No,,2017-12-04,42.02053388090349,32.75290896646133,9.267624914442163,False,False,False,False,False,False,False,False,False,True,False,False,False,False,False,False,False,False
E09750,,2024-12-28,,Active,,60,Yes,1995-05-12,2025-10-10,,,1.675564681724846,True,False,False,False,False,False,False,False,False,False,False,False,False,False,False,False,False,False
E09765,,2022-01-05,,Active,,60,Yes,1980-11-19,,,,4.654346338124572,True,False,False,False,False,False,False,False,False,False,False,False,False,False,False,False,False,False
E09782,1988-07-03,,,Active,,60,No,,,38.16290212183436,,,False,True,False,False,False,False,False,False,False,False,False,False,False,False,False,False,False,False
E09821,1994-03-16,2024-01-27,,Early Retired,Early Retirement,60,Yes,1995-05-28,,32.46269678302532,29.867214236824093,2.595482546201232,False,False,False,False,False,False,False,False,False,True,False,False,False,False,False,False,False,False
E09826,1996-11-04,2024-02-22,,Exited,Withdrawal,60,Yes,1999-05-15,2025-01-21,29.82340862422998,27.299110198494184,2.524298425735797,False,False,False,False,False,False,False,False,False,True,False,False,False,False,False,False,False,False
E09858,1996-10-25,2014-10-25,,Active,,60,Yes,1994-10-01,,29.8507871321013,17.998631074606433,11.852156057494867,False,False,False,False,False,False,False,False,False,False,False,False,False,False,False,True,False,False
E09867,,2018-02-23,,Active,,60,Yes,1976-02-06,2018-04-27,,,8.5201916495551,True,False,False,False,False,False,False,False,False,False,False,False,False,False,False,False,False,False
E09870,1996-05-26,2014-05-26,2022-10-13,Exited,Withdrawal,60,Yes,1998-04-03,,30.26694045174538,17.998631074606433,8.383299110198495,False,False,False,False,False,False,False,False,False,False,False,False,False,False,False,True,False,False
E09877,2000-05-10,2018-05-10,2023-03-14,Exited,Withdrawal,60,No,,2018-06-19,26.310746064339494,17.998631074606433,4.843258042436688,False,False,False,False,False,False,False,False,False,False,False,False,False,False,False,True,False,False
E09886,,2024-05-07,2024-08-21,Exited,Withdrawal,60,No,,,,,0.29021218343600275,True,False,False,False,False,False,False,False,False,False,False,False,False,False,False,False,False,False
E09907,1997-03-04,2015-03-04,,Active,,60,Yes,1994-12-31,2015-09-22,29.49486652977413,17.998631074606433,11.496235455167694,False,False,False,False,False,False,False,False,False,False,False,False,False,False,False,True,False,False
E09920,1996-06-08,2014-06-08,,Active,,60,Yes,1995-04-09,,30.23134839151266,17.998631074606433,12.232717316906228,False,False,False,False,False,False,False,False,False,False,False,False,False,False,False,True,False,False
E09929,2004-06-14,2022-06-14,,Active,,60,No,,2023-01-27,22.21492128678987,17.998631074606433,4.216290212183436,False,False,False,False,False,False,False,False,False,False,False,False,False,False,False,True,False,False
E09930,1993-03-27,,,Active,,60,No,,2012-02-04,33.43189596167009,,,False,True,False,False,False,False,False,False,False,False,False,False,False,False,False,False,False,False
E09131,2002-01-15,2020-01-15,,Active,,60,No,,2020-08-10,24.62696783025325,17.998631074606433,6.628336755646817,False,False,False,False,False,False,False,False,False,False,False,False,False,False,False,True,False,False
E04903,1993-09-25,2011-09-25,,Active,,60,No,,,32.93360711841205,17.998631074606433,14.934976043805612,False,False,False,False,False,False,False,False,False,False,False,False,False,False,False,True,False,False
E04714,2000-08-31,2018-08-31,,Active,,60,Yes,2008-12-01,2018-11-13,26.001368925393567,17.998631074606433,8.002737850787133,False,False,False,False,False,False,False,False,False,False,False,False,False,False,False,True,False,False
