employee_id,plan_id,attained_age_years,completed_service_years,retirement_age,years_to_retirement,service_at_retirement,pensionable_salary_basis_rule,pension_salary_source,current_pensionable_salary_annual,salary_escalation_rate,final_pensionable_salary,accrual_rate,full_annual_pension_at_retirement,puc_annual_pension_at_retirement,discount_rate,pension_escalation_rate,pensioner_mortality_model,mortality_A,mortality_B,mortality_c,spouse_pension_percentage_rule,spouse_pension_percentage_modelled,spouse_age_at_retirement,probability_reach_retirement_active,active_survival_source,active_survival_matched_horizon,member_annuity_factor,spouse_annuity_factor,member_pv_at_retirement,spouse_pv_at_retirement,total_pv_at_retirement,pre_retirement_discount_factor,member_dbo,spouse_dbo,db_pension_liability,puc_one_service_year_pv,model_status,review_flag
E00014,PEN_DB_02,43.16495550992471,9.52498288843258,60.0,16.83504449007529,26.360027378507873,pensionable_salary_annual,pensionable_salary_annual,1254000.0,0.065,3620173.626634763,0.02,1908557.51826089,689641.8369370208,0.068,0.03,Gompertz-Makeham,0.0002,1e-05,1.1,0.67,0.67,59.75633127994524,0.40581650082305437,PIPELINE_06_RETIREMENT_SUMMARY,16.83504449007529,16.87780186690075,1.5406563189261417,11639638.282948513,1062501.0538728528,12702139.336821366,0.3303708264646888,1560525.5220611002,142449.44486070308,1702974.9669218033,178790.3439690108,OK,False
E00021,PEN_DB_01,38.63655030800821,5.823408624229979,60.0,21.36344969199179,27.18685831622177,pensionable_salary_annual,pensionable_salary_annual,682000.0,0.06,2368126.8077904815,0.015,965728.9199736954,206858.5511363595,0.07,0.03,Gompertz-Makeham,0.0002,1e-05,1.1,0.5,0.0,,0.3081148376551949,PIPELINE_06_RETIREMENT_SUMMARY,21.36344969199179,16.452696014800427,0.0,3403380.8599085724,0.0,3403380.8599085724,0.23564658138282715,247106.57918532743,0.0,247106.57918532743,42433.32301243105,REVIEW_SPOUSE_DOB_MISSING,True
E00023,PEN_DB_02,47.10746064339494,4.317590691307323,60.0,12.892539356605063,17.210130047912386,pensionable_salary_annual,pensionable_salary_annual,706000.0,0.065,1590049.320881865,0.02,547299.1118994334,137303.64293118144,0.068,0.03,Gompertz-Makeham,0.0002,1e-05,1.1,0.67,0.67,63.80561259411362,0.4558179983783638,PIPELINE_06_RETIREMENT_SUMMARY,12.892539356605063,16.87779941727805,1.2233007256858675,2317383.344654048,167963.64603702747,2485346.990691075,0.4281973746103211,452307.0439032058,32783.15622552026,485090.200128726,112352.05808308005,OK,False
E00031,PEN_DB_01,48.158795345653665,10.625598904859686,60.0,11.841204654346335,22.46680355920602,pensionable_salary_annual,pensionable_salary_annual,1684000.0,0.06,3357329.8881319617,0.015,1131427.0662016785,535104.6117388149,0.07,0.03,Gompertz-Makeham,0.0002,1e-05,1.1,0.5,0.5,60.145106091718,0.5240884246344394,PIPELINE_06_RETIREMENT_SUMMARY,11.841204654346335,16.452696014800427,1.0728357913383424,8803913.51305653,574079.3795836079,9377992.892640138,0.448808088148439,2070813.6076104094,135032.1523862343,2205845.7599966438,207597.31096077658,OK,False
E00038,PEN_DB_02,49.81519507186858,11.71252566735113,60.0,10.18480492813142,21.89733059548255,pensionable_salary_annual,pensionable_salary_annual,996000.0,0.065,1891514.8641435239,0.02,828382.5261284001,443088.3279291442,0.068,0.03,Gompertz-Makeham,0.0002,1e-05,1.1,0.67,0.67,64.75290896646133,0.5747502207093358,PIPELINE_06_RETIREMENT_SUMMARY,10.18480492813142,16.87779941727805,1.154397471109706,7478355.922925216,511500.0452396322,7989855.968164848,0.5116905127242634,2199341.365131322,150429.21457020295,2349770.5797015247,200620.31422065964,OK,False
E00039,PEN_DB_02,38.691307323750856,4.7091033538672145,60.0,21.308692676249144,26.017796030116358,pensionable_salary_annual,pensionable_salary_annual,564000.0,0.065,2158059.879630425,0.02,1122959.2353800372,203250.54034027824,0.068,0.03,Gompertz-Makeham,0.0002,1e-05,1.1,0.67,0.67,74.77891854893909,0.3014706059670054,PIPELINE_06_RETIREMENT_SUMMARY,21.308692676249144,16.87779941727805,0.5680332137344417,3430421.8513165973,115453.05762275004,3545874.908939347,0.24614099791482738,254551.9691472842,8567.110529180678,263119.0796764649,55874.56037897022,OK,False
E00041,PEN_DB_01,32.89253935660506,0.5065023956194388,60.0,27.107460643394937,27.613963039014376,pensionable_salary_annual,pensionable_salary_annual,365000.0,0.06,1771212.2661912015,0.015,733652.8507927909,13456.848839645678,0.07,0.03,Gompertz-Makeham,0.0002,1e-05,1.1,0.5,0.0,,0.19508271887804374,PIPELINE_06_RETIREMENT_SUMMARY,27.107460643394937,16.452696014800427,0.0,221401.4432758102,0.0,221401.4432758102,0.15976454350885771,6900.485541315435,0.0,6900.485541315435,13623.796453867364,OK,False
E00045,PEN_DB_02,42.455852156057496,4.780287474332649,60.0,17.544147843942504,22.324435318275153,pensionable_salary_annual,pensionable_salary_annual,1866000.0,0.065,5632966.931247003,0.02,2515056.118132132,538544.0252954015,0.068,0.03,Gompertz-Makeham,0.0002,1e-05,1.1,0.67,0.67,56.251882272416154,0.3627013833832742,PIPELINE_06_RETIREMENT_SUMMARY,17.544147843942504,16.877802981487697,1.8401225902054419,9089439.955793113,990987.0267662392,10080426.982559351,0.3153128853488608,1039508.526075011,113333.65626082124,1152842.1823358322,241165.86889929132,OK,False
E00083,PEN_DB_01,34.00684462696783,7.225188227241615,60.0,25.993155373032167,33.21834360027378,pensionable_salary_annual,pensionable_salary_annual,346000.0,0.06,1573458.8390949212,0.015,784015.4453691449,170528.04420416825,0.07,0.03,Gompertz-Makeham,0.0002,1e-05,1.1,0.5,0.0,,0.2558440407306008,PIPELINE_06_RETIREMENT_SUMMARY,25.993155373032167,16.452696014800427,0.0,2805646.07328963,0.0,2805646.07328963,0.17227525490338308,123660.52658347499,0.0,123660.52658347499,17115.19792899365,OK,False
E00090,PEN_DB_01,37.609856262833674,3.5071868583162216,60.0,22.390143737166326,25.897330595482547,pensionable_salary_annual,pensionable_salary_annual,1501000.0,0.06,5533280.071164413,0.015,2149457.7492051004,291093.7072345632,0.07,0.03,Gompertz-Makeham,0.0002,1e-05,1.1,0.5,0.5,61.93018480492813,0.2775173517811121,PIPELINE_06_RETIREMENT_SUMMARY,22.390143737166326,16.452696014800427,0.9729741984537499,4789276.27695158,283226.66647147964,5072502.94342306,0.21983305438737913,292181.71062477864,17278.947197605405,309460.65782238403,88236.1477514643,OK,False
E00093,PEN_DB_01,38.822724161533195,8.947296372347708,60.0,21.177275838466805,30.124572210814513,pensionable_salary_annual,pensionable_salary_annual,847000.0,0.06,2909328.0847697346,0.015,1314633.9596189482,390459.30928244325,0.07,0.03,Gompertz-Makeham,0.0002,1e-05,1.1,0.5,0.5,62.072553045859,0.32830094994932896,PIPELINE_06_RETIREMENT_SUMMARY,21.177275838466805,16.452696014800427,0.9652003246113313,6424108.321772981,376871.4520669304,6800979.773839911,0.2386336229533046,503288.06247975695,29525.483291095858,532813.5457708528,59550.22876156792,OK,False
E00097,PEN_DB_01,51.29911019849418,2.5900068446269677,60.0,8.700889801505816,11.290896646132785,pensionable_salary_annual,pensionable_salary_annual,1313000.0,0.06,2179958.7263644827,0.015,369205.3300832495,84691.62033432446,0.07,0.03,Gompertz-Makeham,0.0002,1e-05,1.1,0.5,0.5,65.05133470225873,0.5541797929733467,PIPELINE_06_RETIREMENT_SUMMARY,8.700889801505816,16.452696014800427,0.8096727172286047,1393405.4843615307,68572.49436258583,1461977.9787241165,0.5550536826102211,428610.8789418337,21092.867374100366,449703.74631593406,173630.33122821874,OK,False
E00100,PEN_DB_01,38.450376454483234,10.420260095824778,60.0,21.549623545516766,31.969883641341546,pensionable_salary_annual,pensionable_salary_annual,971000.0,0.06,3408404.263289056,0.015,1634494.3155000533,532746.8840278499,0.07,0.03,Gompertz-Makeham,0.0002,1e-05,1.1,0.5,0.5,60.884325804243666,0.32963102015418794,PIPELINE_06_RETIREMENT_SUMMARY,21.549623545516766,16.452696014800427,1.0309602246338605,8765122.535742352,549240.8472303414,9314363.382972693,0.23269692941920128,672321.0654135031,42129.03927728646,714450.1046907896,68563.5577347112,OK,False
E00106,PEN_DB_02,41.987679671457904,4.832306639288158,60.0,18.012320328542096,22.844626967830255,pensionable_salary_annual,pensionable_salary_annual,850000.0,0.065,2642705.824044265,0.02,1207432.5747200737,255407.2979842917,0.068,0.03,Gompertz-Makeham,0.0002,1e-05,1.1,0.67,0.67,61.47570157426421,0.3547887840040602,PIPELINE_06_RETIREMENT_SUMMARY,18.012320328542096,16.87779941727805,1.401642450535507,4310713.14508784,357989.7110313551,4668702.856119195,0.30574928092372566,467610.7106117054,38833.440670439195,506444.1512821446,104803.81090980358,OK,False
E00116,PEN_DB_01,26.12457221081451,5.25119780971937,60.0,33.875427789185494,39.126625598904866,pensionable_salary_annual,pensionable_salary_annual,476000.0,0.06,3426525.468289063,0.015,2011025.686542875,269900.4455104075,0.07,0.03,Gompertz-Makeham,0.0002,1e-05,1.1,0.5,0.0,,0.1726389595020129,PIPELINE_06_RETIREMENT_SUMMARY,33.875427789185494,16.452696014800427,0.0,4440589.984241941,0.0,4440589.984241941,0.10106760186040936,77480.32713934743,0.0,77480.32713934743,14754.791182297527,OK,False
E00126,PEN_DB_02,37.68925393566051,5.9958932238193015,60.0,22.31074606433949,28.30663928815879,pensionable_salary_annual,pensionable_salary_annual,1069000.0,0.065,4356802.359852932,0.02,2466528.657003119,522458.4349392428,0.068,0.03,Gompertz-Makeham,0.0002,1e-05,1.1,0.67,0.0,,0.2957146281677922,PIPELINE_06_RETIREMENT_SUMMARY,22.31074606433949,16.87779941727805,0.0,8817948.668769555,0.0,8817948.668769555,0.23043796771894587,600889.2177636116,0.0,600889.2177636116,100216.797620164,OK,False
E00131,PEN_DB_01,37.53319644079398,5.494866529774128,60.0,22.46680355920602,27.96167008898015,pensionable_salary_annual,pensionable_salary_annual,920000.0,0.06,3406667.373155884,0.015,1428841.6378661618,280787.73790241726,0.07,0.03,Gompertz-Makeham,0.0002,1e-05,1.1,0.5,0.5,54.74058863791923,0.2904719440325035,PIPELINE_06_RETIREMENT_SUMMARY,22.46680355920602,16.452699207825372,1.396996493594669,4619716.192954179,392259.48529405583,5011975.678248235,0.2186957981478267,293467.44177481433,24918.281308432266,318385.7230832466,57942.394298034786,OK,False
E00132,PEN_DB_01,34.46406570841889,3.2224503764544834,60.0,25.535934291581107,28.75838466803559,pensionable_salary_annual,pensionable_salary_annual,758000.0,0.06,3356434.0499863755,0.015,1447884.3228360116,162239.13251884864,0.07,0.03,Gompertz-Makeham,0.0002,1e-05,1.1,0.5,0.0,,0.23716070617459342,PIPELINE_06_RETIREMENT_SUMMARY,25.535934291581107,16.452696014800427,0.0,2669271.1290375395,0.0,2669271.1290375395,0.1776878709917016,112484.63612554368,0.0,112484.63612554368,34906.55339409925,OK,False
E00135,PEN_DB_01,38.691307323750856,9.097878165639973,60.0,21.308692676249144,30.406570841889117,pensionable_salary_annual,pensionable_salary_annual,960000.0,0.06,3322814.8206891944,0.015,1515531.063596476,453458.4660841968,0.07,0.03,Gompertz-Makeham,0.0002,1e-05,1.1,0.5,0.0,,0.3270567620258515,PIPELINE_06_RETIREMENT_SUMMARY,21.308692676249144,16.452696014800427,0.0,7460614.29782098,0.0,7460614.29782098,0.2365212206380761,577122.2692483389,0.0,577122.2692483389,63434.820596736616,OK,False
E00142,PEN_DB_02,42.42026009582478,17.374401095140314,60.0,17.57973990417522,34.954140999315534,pensionable_salary_annual,pensionable_salary_annual,4721000.0,0.065,14283445.814502744,0.02,9985311.579124246,4963326.332037477,0.068,0.03,Gompertz-Makeham,0.0002,1e-05,1.1,0.67,0.0,,0.4239151872216557,PIPELINE_06_RETIREMENT_SUMMARY,17.57973990417522,16.87779941727805,0.0,83770026.27462293,0.0,83770026.27462293,0.3145754372478031,11171009.895175163,0.0,11171009.895175163,642957.9836452455,OK,False
E00143,PEN_DB_01,49.379876796714576,4.498288843258043,60.0,10.620123203285424,15.118412046543465,pensionable_salary_annual,pensionable_salary_annual,1024000.0,0.06,1901303.1315985492,0.015,431170.2625333548,128289.15996781999,0.07,0.03,Gompertz-Makeham,0.0002,1e-05,1.1,0.5,0.0,,0.5168794570984028,PIPELINE_06_RETIREMENT_SUMMARY,10.620123203285424,16.452696014800427,0.0,2110702.5509446464,0.0,2110702.5509446464,0.487461881907787,531810.573426318,0.0,531810.573426318,118225.0833499468,OK,False
E00146,PEN_DB_01,38.724161533196444,5.601642710472279,60.0,21.275838466803556,26.877481177275836,pensionable_salary_annual,pensionable_salary_annual,1135963.0911188005,0.06,3924349.898032644,0.015,1582149.607761251,329742.08999485784,0.07,0.03,Gompertz-Makeham,0.0002,1e-05,1.1,0.5,0.0,,0.3079774135965827,PIPELINE_06_RETIREMENT_SUMMARY,21.275838466803556,16.452696014800427,0.0,5425146.369970362,0.0,5425146.369970362,0.2370475616742542,396064.41085304396,0.0,396064.41085304396,70705.04695213797,OK,False
E00153,PEN_DB_01,27.696098562628336,2.639288158795346,60.0,32.303901437371664,34.94318959616701,pensionable_salary_annual,pensionable_salary_annual,902000.0,0.06,5924950.342542961,0.015,3105549.9475103007,234564.76920786098,0.07,0.03,Gompertz-Makeham,0.0002,1e-05,1.1,0.5,0.0,,0.1707453805434494,PIPELINE_06_RETIREMENT_SUMMARY,32.303901437371664,16.452696014800427,0.0,3859222.843558756,0.0,3859222.843558756,0.11240596071191114,74069.28654622554,0.0,74069.28654622554,28064.11505291377,OK,False
E00154,PEN_DB_01,29.111567419575632,4.287474332648871,60.0,30.888432580424368,35.17590691307324,pensionable_salary_annual,pensionable_salary_annual,640000.0,0.06,3871136.516700033,0.015,2042561.0663885844,248960.97680296723,0.07,0.03,Gompertz-Makeham,0.0002,1e-05,1.1,0.5,0.5,55.885010266940455,0.19180450006596209,PIPELINE_06_RETIREMENT_SUMMARY,30.888432580424368,16.452699205198666,1.3262020569998616,4096080.0651716623,330172.55954879,4426252.624720452,0.12370326544077102,97187.04855783474,7833.952478169648,105021.0010360044,24494.840758876504,OK,False
E00156,PEN_DB_01,38.392881587953454,16.591375770020534,60.0,21.607118412046546,38.19849418206708,pensionable_salary_annual,pensionable_salary_annual,422000.0,0.06,1486275.3610014264,0.015,851602.2109524395,369890.29518146376,0.07,0.03,Gompertz-Makeham,0.0002,1e-05,1.1,0.5,0.0,,0.35242767281691384,PIPELINE_06_RETIREMENT_SUMMARY,21.607118412046546,16.452696014800427,0.0,6085692.585445423,0.0,6085692.585445423,0.23179349089327778,497142.9084763453,0.0,497142.9084763453,29963.935201482695,OK,False
E00158,PEN_DB_01,36.95824777549623,18.924024640657084,60.0,23.041752224503767,41.96577686516085,pensionable_salary_annual,pensionable_salary_annual,1109000.0,0.06,4246420.750498341,0.015,2673065.185365034,1205390.5637554224,0.07,0.03,Gompertz-Makeham,0.0002,1e-05,1.1,0.5,0.5,62.026009582477755,0.3383346846397962,PIPELINE_06_RETIREMENT_SUMMARY,23.041752224503767,16.452696014800427,0.9677385529505586,19831924.524576876,1166502.9199089303,20998427.444485806,0.2103518205802217,1411424.5208182794,83019.21594776303,1494443.7367660424,78970.71395454239,OK,False
E00164,PEN_DB_01,47.219712525667354,3.6605065023956196,60.0,12.780287474332646,16.440793976728266,pensionable_salary_annual,pensionable_salary_annual,1453000.0,0.06,3059721.1404141486,0.015,754563.6734368361,168001.93695004997,0.07,0.03,Gompertz-Makeham,0.0002,1e-05,1.1,0.5,0.5,61.54688569472963,0.45220562090552946,PIPELINE_06_RETIREMENT_SUMMARY,12.780287474332646,16.452696014800427,0.9940483152028989,2764084.79853684,167002.04237602084,2931086.840912861,0.42117916000379774,526446.4396593444,31807.139444938184,558253.5791042825,152507.1950395207,OK,False
E00165,PEN_DB_01,52.53388090349076,6.190280629705681,60.0,7.466119096509239,13.65639972621492,pensionable_salary_annual,pensionable_salary_annual,1957000.0,0.06,3023621.533113377,0.015,619376.7641548059,280755.987119891,0.07,0.03,Gompertz-Makeham,0.0002,1e-05,1.1,0.5,0.5,58.992470910335385,0.6309467834306397,PIPELINE_06_RETIREMENT_SUMMARY,7.466119096509239,16.452698921686956,1.1394943863595814,4619193.726544587,319919.8712599587,4939113.597804545,0.6034165483770758,1758636.6663975273,121801.08677273706,1880437.7531702644,303772.61802098143,OK,False
E00170,PEN_DB_01,33.281314168377826,6.924024640657084,60.0,26.718685831622174,33.64271047227926,pensionable_salary_annual,pensionable_salary_annual,827000.0,0.06,3923240.8746136115,0.015,1979826.852864561,407469.2473058654,0.07,0.03,Gompertz-Makeham,0.0002,1e-05,1.1,0.5,0.5,60.06570841889117,0.2461521154807763,PIPELINE_06_RETIREMENT_SUMMARY,26.718685831622174,16.452696014800427,1.0773753359373863,6703967.661302941,438997.3172003107,7142964.978503251,0.1640227448992834,270669.64833665476,17724.317220863388,288393.9655575181,41651.2043969488,OK,False
E00171,PEN_DB_01,40.101300479123886,12.61054072553046,60.0,19.898699520876114,32.50924024640658,pensionable_salary_annual,pensionable_salary_annual,769000.0,0.06,2451772.3831129037,0.015,1195578.8614818326,463772.6323046421,0.07,0.03,Gompertz-Makeham,0.0002,1e-05,1.1,0.5,0.0,,0.3650879274494914,PIPELINE_06_RETIREMENT_SUMMARY,19.898699520876114,16.452696014800427,0.0,7630310.139292089,0.0,7630310.139292089,0.26019625234939964,724837.5766480406,0.0,724837.5766480406,57478.70709307356,OK,False
E00184,PEN_DB_02,61.3388090349076,13.25119780971937,60.0,0.0,13.25119780971937,pensionable_salary_annual,pensionable_salary_annual,2069000.0,0.065,2069000.0,0.02,548334.5653661875,548334.5653661875,0.068,0.03,Gompertz-Makeham,0.0002,1e-05,1.1,0.67,0.67,59.97262149212868,1.0,AT_RETIREMENT,0.0,16.87780186690075,1.5228511336457522,9254682.15102365,835031.9144850494,10089714.0655087,1.0,9254682.15102365,835031.9144850494,10089714.0655087,761419.0211626142,OK,False
E00194,PEN_DB_01,37.445585215605746,3.36208076659822,60.0,22.554414784394254,25.916495550992472,pensionable_salary_annual,pensionable_salary_annual,598000.0,0.06,2225666.89284512,0.015,865222.2918961768,112243.07779933498,0.07,0.03,Gompertz-Makeham,0.0002,1e-05,1.1,0.5,0.0,,0.2741916756841924,PIPELINE_06_RETIREMENT_SUMMARY,22.554414784394254,16.452696014800427,0.0,1846701.2387980528,0.0,1846701.2387980528,0.2174032790395979,110082.17363735572,0.0,110082.17363735572,32742.275180003402,OK,False
E00198,PEN_DB_02,35.00342231348392,8.747433264887064,60.0,24.996577686516083,33.74401095140315,pensionable_salary_annual,pensionable_salary_annual,870000.0,0.065,4199193.118528561,0.02,2833952.37157369,734643.2314140317,0.068,0.03,Gompertz-Makeham,0.0002,1e-05,1.1,0.67,0.0,,0.27499447521758885,PIPELINE_06_RETIREMENT_SUMMARY,24.996577686516083,16.87779941727805,0.0,12399161.103067009,0.0,12399161.103067009,0.19311520188783143,658465.0584996949,0.0,658465.0584996949,75275.23086604493,OK,False
E00202,PEN_DB_02,40.695414099931554,3.5373032169746748,60.0,19.304585900068446,22.84188911704312,pensionable_salary_annual,pensionable_salary_annual,1219000.0,0.065,4111275.2921941937,0.02,1878185.8870787765,290856.54633894033,0.068,0.03,Gompertz-Makeham,0.0002,1e-05,1.1,0.67,0.67,61.0239561943874,0.3226533376882446,PIPELINE_06_RETIREMENT_SUMMARY,19.304585900068446,16.87779941727805,1.4375922386617785,4909018.4483108735,418133.11358083057,5327151.561891704,0.28083019280195853,444810.08406027703,37887.37552295636,482697.4595832334,136459.16959193192,OK,False
E00206,PEN_DB_01,30.795345653661876,5.661875427789186,60.0,29.204654346338124,34.86652977412731,pensionable_salary_annual,pensionable_salary_annual,1145000.0,0.06,6278480.282141588,0.015,3283632.295403413,533219.5984997455,0.07,0.03,Gompertz-Makeham,0.0002,1e-05,1.1,0.5,0.5,60.58316221765914,0.21423313936943153,PIPELINE_06_RETIREMENT_SUMMARY,29.204654346338124,16.452696014800427,1.0479345979913974,8772899.963250246,558779.2655949651,9331679.22884521,0.13862990617714585,260547.40885148483,16595.252468462564,277142.6613199474,48948.915399956866,OK,False
E00211,PEN_DB_01,48.941820670773446,10.042436687200547,60.0,11.058179329226554,21.100616016427104,pensionable_salary_annual,pensionable_salary_annual,2010000.0,0.06,3828537.044182787,0.015,1211767.351109517,576717.6130621134,0.07,0.03,Gompertz-Makeham,0.0002,1e-05,1.1,0.5,0.5,63.195071868583156,0.5421181599175618,PIPELINE_06_RETIREMENT_SUMMARY,11.058179329226554,16.452696014800427,0.9049591246915811,9488559.574092248,521905.8663109081,10010465.440403156,0.4732263479801658,2434238.6919654794,133892.13014023958,2568130.822105719,255727.85789915864,OK,False
E00213,PEN_DB_01,37.46201232032854,19.17864476386037,60.0,22.53798767967146,41.71663244353183,pensionable_salary_annual,pensionable_salary_annual,949000.0,0.06,3528657.380167481,0.015,2208055.5442140414,1015122.9958140946,0.07,0.03,Gompertz-Makeham,0.0002,1e-05,1.1,0.5,0.5,62.913073237508556,0.34646023369472234,PIPELINE_06_RETIREMENT_SUMMARY,22.53798767967146,16.452696014800427,0.9199137989504222,16701510.067762824,933825.6514812773,17635335.7192441,0.2176450431337993,1259383.2540527529,70415.45242968287,1329798.7064824358,69337.47002751031,OK,False
E00229,PEN_DB_02,46.11362080766598,4.213552361396304,60.0,13.886379192334019,18.099931553730322,pensionable_salary_annual,pensionable_salary_annual,575000.0,0.065,1378652.6787764078,0.02,499070.38244439877,116180.50500407346,0.068,0.03,Gompertz-Makeham,0.0002,1e-05,1.1,0.67,0.0,,0.43167086660730297,PIPELINE_06_RETIREMENT_SUMMARY,13.886379192334019,16.87779941727805,0.0,1960871.259656821,0.0,1960871.259656821,0.4010963880660538,339508.43715503695,0.0,339508.43715503695,80575.34546515738,OK,False
E00237,PEN_DB_01,53.93292265571527,7.17864476386037,60.0,6.067077344284733,13.245722108145102,pensionable_salary_annual,pensionable_salary_annual,1014000.0,0.06,1444011.3167496559,0.015,286904.58934023953,155490.66416910052,0.07,0.03,Gompertz-Makeham,0.0002,1e-05,1.1,0.5,0.5,58.2258726899384,0.6896924039893596,PIPELINE_06_RETIREMENT_SUMMARY,6.067077344284733,16.452698921686956,1.1846729995852308,2558241.0827073487,184205.5915287081,2742446.674236057,0.6633249731514468,1170370.2127032015,84272.2520546886,1254642.46475789,174774.2792726237,OK,False
E00239,PEN_DB_01,46.34360027378508,3.7645448323066395,60.0,13.656399726214921,17.420944558521562,pensionable_salary_annual,pensionable_salary_annual,1421000.0,0.06,3149061.116218744,0.015,822894.2867556415,177821.72627518576,0.07,0.03,Gompertz-Makeham,0.0002,1e-05,1.1,0.5,0.5,55.46611909650924,0.43265017190627825,PIPELINE_06_RETIREMENT_SUMMARY,13.656399726214921,16.452699205198666,1.3520104588879767,2925647.3745548036,240416.83374156608,3166064.2082963698,0.39693864831210457,502437.73244433705,41288.12304488369,543725.8554892207,144433.35906722755,OK,False
E00248,PEN_DB_01,43.898699520876114,5.5277207392197125,60.0,16.101300479123886,21.6290212183436,pensionable_salary_annual,pensionable_salary_annual,2622000.0,0.06,6700234.887619774,0.015,2173792.838283212,555555.4101890892,0.07,0.03,Gompertz-Makeham,0.0002,1e-05,1.1,0.5,0.0,,0.39563418046963233,PIPELINE_06_RETIREMENT_SUMMARY,16.101300479123886,16.452696014800427,0.0,9140384.283218846,0.0,9140384.283218846,0.3364208984209665,1216581.5508034674,0.0,1216581.5508034674,220087.37564683822,OK,False
E00250,PEN_DB_01,32.78302532511978,6.381930184804928,60.0,27.21697467488022,33.59890485968515,pensionable_salary_annual,pensionable_salary_annual,1771000.0,0.06,8649035.013121273,0.015,4358971.568009211,827963.0642951002,0.07,0.03,Gompertz-Makeham,0.0002,1e-05,1.1,0.5,0.0,,0.23800769970328195,PIPELINE_06_RETIREMENT_SUMMARY,27.21697467488022,16.452696014800427,0.0,13622224.608329944,0.0,13622224.608329944,0.15858513158742998,514163.81665465323,0.0,514163.81665465323,80565.56586577096,OK,False
E00252,PEN_DB_01,38.247775496235455,12.016427104722792,60.0,21.752224503764545,33.76865160848734,pensionable_salary_annual,pensionable_salary_annual,1990000.0,0.06,7068250.60307481,0.015,3580279.3814507066,1274026.7719464204,0.07,0.03,Gompertz-Makeham,0.0002,1e-05,1.1,0.5,0.5,64.17796030116358,0.3334252170466027,PIPELINE_06_RETIREMENT_SUMMARY,21.752224503764545,16.452696014800427,0.8538099989585297,20961175.193551924,1087776.796828712,22048951.990380637,0.22952895055601993,1604174.25213607,83248.36338758624,1687422.6155236564,140426.3181408101,OK,False
E00257,PEN_DB_01,47.61396303901437,15.756331279945243,60.0,12.386036960985628,28.14236824093087,pensionable_salary_annual,pensionable_salary_annual,1001000.0,0.06,2060029.5967093653,0.015,869611.672467169,486877.6315836713,0.07,0.03,Gompertz-Makeham,0.0002,1e-05,1.1,0.5,0.5,65.84531143052703,0.5316959379022638,PIPELINE_06_RETIREMENT_SUMMARY,12.386036960985628,16.452696014800427,0.770658006683309,8010449.668852139,375216.1450549626,8385665.813907102,0.43256506668341244,1842348.0622885337,86297.12018157414,1928645.182470108,122404.45749734264,OK,False
E00259,PEN_DB_01,37.76043805612594,8.61327857631759,60.0,22.239561943874058,30.85284052019165,pensionable_salary_annual,pensionable_salary_annual,612000.0,0.06,2236365.481398634,0.015,1034973.4131368052,288936.5833462054,0.07,0.03,Gompertz-Makeham,0.0002,1e-05,1.1,0.5,0.0,,0.3110067289215104,PIPELINE_06_RETIREMENT_SUMMARY,22.239561943874058,16.452696014800427,0.0,4753785.773350165,0.0,4753785.773350165,0.22208419688339848,328342.4603372674,0.0,328342.4603372674,38120.49702421708,OK,False
E00261,PEN_DB_01,35.3264887063655,7.958932238193018,60.0,24.673511293634498,32.63244353182752,pensionable_salary_annual,pensionable_salary_annual,546000.0,0.06,2299202.3522778056,0.015,1125428.8639342573,274487.9358550957,0.07,0.03,Gompertz-Makeham,0.0002,1e-05,1.1,0.5,0.0,,0.2752833919233406,PIPELINE_06_RETIREMENT_SUMMARY,24.673511293634498,16.452696014800427,0.0,4516066.568353928,0.0,4516066.568353928,0.1883644879896618,234174.37792519288,0.0,234174.37792519288,29422.83850608074,REVIEW_SPOUSE_DOB_MISSING,True
E00263,PEN_DB_01,48.02737850787132,3.405886379192334,60.0,11.972621492128681,15.378507871321016,pensionable_salary_annual,pensionable_salary_annual,2128000.0,0.06,4275128.46918006,0.015,986176.4522129117,218409.0273371661,0.07,0.03,Gompertz-Makeham,0.0002,1e-05,1.1,0.5,0.5,61.78507871321013,0.469633340974775,PIPELINE_06_RETIREMENT_SUMMARY,11.972621492128681,16.452696014800427,0.9809276303843626,3593417.33366663,214243.4496403998,3807660.78330703,0.4448352060676787,750698.8172677596,44757.47994689607,795456.2972146557,233553.3863003641,OK,False
E00264,PEN_DB_01,21.6290212183436,2.516084873374401,60.0,38.370978781656405,40.88706365503081,pensionable_salary_annual,pensionable_salary_annual,1306000.0,0.06,12216702.442556094,0.015,7492576.35635042,461073.9032734723,0.07,0.03,Gompertz-Makeham,0.0002,1e-05,1.1,0.5,0.0,,0.13024949201189268,PIPELINE_06_RETIREMENT_SUMMARY,38.370978781656405,16.452696014800427,0.0,7585908.770915935,0.0,7585908.770915935,0.074561680871291,73671.4713564003,0.0,73671.4713564003,29280.201211017644,OK,False
E00274,PEN_DB_01,44.903490759753595,5.66735112936345,60.0,15.096509240246405,20.763860369609855,pensionable_salary_annual,pensionable_salary_annual,847000.0,0.06,2041331.9788177859,0.015,635788.9826428782,173534.17643338055,0.07,0.03,Gompertz-Makeham,0.0002,1e-05,1.1,0.5,0.5,53.629021218343595,0.4172132669497066,PIPELINE_06_RETIREMENT_SUMMARY,15.096509240246405,16.4526992082766,1.4665167038957692,2855105.6072144117,254490.7684363481,3109596.37565076,0.3600870713672593,428931.37599645957,38232.93793685634,467164.3139333159,82430.80466866842,OK,False
E00276,PEN_DB_02,34.71594798083505,2.8774811772758384,60.0,25.284052019164953,28.161533196440793,pensionable_salary_annual,pensionable_salary_annual,1078000.0,0.065,5298191.682617078,0.02,2984104.0190225467,304908.9368066009,0.068,0.03,Gompertz-Makeham,0.0002,1e-05,1.1,0.67,0.67,55.40041067761807,0.23732490571657092,PIPELINE_06_RETIREMENT_SUMMARY,25.284052019164953,16.877802996251773,1.9155231162144841,5146192.967218392,584060.1167934254,5730253.084011817,0.18949727130936614,231436.7620572689,26266.598073279023,257703.36013054792,89558.66059722418,OK,False
E00294,PEN_DB_01,38.29705681040383,17.746748802190282,60.0,21.70294318959617,39.44969199178645,pensionable_salary_annual,pensionable_salary_annual,774000.0,0.06,2741275.7037035325,0.015,1622137.2326350803,729730.9696676099,0.07,0.03,Gompertz-Makeham,0.0002,1e-05,1.1,0.5,0.5,65.66735112936345,0.35468957988657157,PIPELINE_06_RETIREMENT_SUMMARY,21.70294318959617,16.452696014800427,0.7793091611407504,12006041.816526737,568686.0298300915,12574727.846356828,0.23029554789343742,980694.6898890281,46452.226153397234,1027146.9160424253,57878.03318181052,OK,False
E00298,PEN_DB_02,44.982888432580424,6.203969883641341,60.0,15.017111567419576,21.22108145106092,pensionable_salary_annual,pensionable_salary_annual,977000.0,0.065,2515397.789900446,0.02,1067589.2276259195,312109.0426784071,0.068,0.03,Gompertz-Makeham,0.0002,1e-05,1.1,0.67,0.0,,0.42278075032972795,PIPELINE_06_RETIREMENT_SUMMARY,15.017111567419576,16.87779941727805,0.0,5267713.81864483,0.0,5267713.81864483,0.3723422430613837,829238.9417013988,0.0,829238.9417013988,133662.63171069548,OK,False
E00303,PEN_DB_01,41.45653661875428,16.334017796030118,60.0,18.543463381245722,34.87748117727584,pensionable_salary_annual,pensionable_salary_annual,2219000.0,0.06,6537560.005513653,0.015,3420204.3905642065,1601769.3220901215,0.07,0.03,Gompertz-Makeham,0.0002,1e-05,1.1,0.5,0.0,,0.40256449162278296,PIPELINE_06_RETIREMENT_SUMMARY,18.543463381245722,16.452696014800427,0.0,26353423.742181722,0.0,26353423.742181722,0.2851825805283259,3025488.4880943876,0.0,3025488.4880943876,185226.2269990739,OK,False
E00313,PEN_DB_01,48.79397672826831,1.5304585900068446,60.0,11.206023271731688,12.736481861738532,pensionable_salary_annual,pensionable_salary_annual,1746000.0,0.06,3354457.9678827864,0.015,640859.8959585511,77007.88517644671,0.07,0.03,Gompertz-Makeham,0.0002,1e-05,1.1,0.5,0.5,59.592060232717316,0.4646531989300142,PIPELINE_06_RETIREMENT_SUMMARY,11.206023271731688,16.452698200221736,1.1046200829310817,1266987.493845407,85064.45650995379,1352051.9503553608,0.4685162984484583,275820.13261738006,18518.327757435323,294338.4603748154,192320.43408211326,OK,False
E00320,PEN_DB_01,36.2299794661191,7.671457905544147,60.0,23.770020533880903,31.44147843942505,pensionable_salary_annual,pensionable_salary_annual,1242000.0,0.06,4961837.451687757,0.015,2340112.5788575853,570967.907171626,0.07,0.03,Gompertz-Makeham,0.0002,1e-05,1.1,0.5,0.0,,0.2853772859226192,PIPELINE_06_RETIREMENT_SUMMARY,23.770020533880903,16.452696014800427,0.0,9393961.410901552,0.0,9393961.410901552,0.20023823155649292,536803.2989873398,0.0,536803.2989873398,69974.09170418483,OK,False
E00346,PEN_DB_01,24.58590006844627,4.484599589322382,60.0,35.41409993155373,39.89869952087611,pensionable_salary_annual,pensionable_salary_annual,414000.0,0.06,3259753.666330038,0.015,1950898.9806746463,219280.34929973728,0.07,0.03,Gompertz-Makeham,0.0002,1e-05,1.1,0.5,0.0,,0.15813134816077576,PIPELINE_06_RETIREMENT_SUMMARY,35.41409993155373,16.452696014800427,0.0,3607752.929047833,0.0,3607752.929047833,0.09107516373496113,51958.27476281234,0.0,51958.27476281234,11585.933978704034,OK,False
E00348,PEN_DB_01,41.7741273100616,16.528405201916495,60.0,18.2258726899384,34.7542778918549,pensionable_salary_annual,pensionable_salary_annual,1339000.0,0.06,3872594.779239833,0.015,2018838.5268037142,960117.2354115347,0.07,0.03,Gompertz-Makeham,0.0002,1e-05,1.1,0.5,0.0,,0.4090011109671513,PIPELINE_06_RETIREMENT_SUMMARY,18.2258726899384,16.452696014800427,0.0,15796517.01279656,0.0,15796517.01279656,0.2913768263935163,1882525.3625531085,0.0,1882525.3625531085,113896.37049404056,OK,False
E00353,PEN_DB_02,43.389459274469544,4.903490759753593,60.0,16.610540725530456,21.51403148528405,pensionable_salary_annual,pensionable_salary_annual,1463000.0,0.065,4164243.3406002303,0.02,1791793.2468411557,408386.5748399733,0.068,0.03,Gompertz-Makeham,0.0002,1e-05,1.1,0.67,0.67,63.37303216974674,0.38097277788115946,PIPELINE_06_RETIREMENT_SUMMARY,16.610540725530456,16.87779941727805,1.255478581108136,6892666.694858281,512720.59752370126,7405387.292381982,0.33528648166818165,880434.934023318,65492.376962013775,945927.3109853318,192908.961662419,OK,False
E00360,PEN_DB_01,39.403148528405204,17.190965092402465,60.0,20.596851471594796,37.78781656399726,pensionable_salary_annual,pensionable_salary_annual,1637000.0,0.06,5435879.583831648,0.015,3081150.3086671215,1401720.2425822965,0.07,0.03,Gompertz-Makeham,0.0002,1e-05,1.1,0.5,0.5,57.09514031485284,0.3703726147946387,PIPELINE_06_RETIREMENT_SUMMARY,20.596851471594796,16.452699135693468,1.2524185531390215,23062081.423617788,1755540.438120598,24817621.861738384,0.24819138086547562,2119942.414865007,161375.05403008556,2281317.4688950926,132704.44426085884,OK,False
E00370,PEN_DB_01,35.49075975359343,4.739219712525667,60.0,24.50924024640657,29.248459958932237,pensionable_salary_annual,pensionable_salary_annual,704000.0,0.06,2936298.4141442706,0.015,1288233.0989036239,208736.44989255574,0.07,0.03,Gompertz-Makeham,0.0002,1e-05,1.1,0.5,0.0,,0.25944447923111424,PIPELINE_06_RETIREMENT_SUMMARY,24.50924024640657,16.452696014800427,0.0,3434277.3572908407,0.0,3434277.3572908407,0.1904697156170305,169709.33572931562,0.0,169709.33572931562,35809.55220978194,OK,False
E00390,PEN_DB_01,45.01026694045174,16.134154688569474,60.0,14.989733059548257,31.12388774811773,pensionable_salary_annual,pensionable_salary_annual,2525000.0,0.06,6047690.36423577,0.015,2823414.54047771,1463615.5776772646,0.07,0.03,Gompertz-Makeham,0.0002,1e-05,1.1,0.5,0.5,60.46269678302533,0.472178770424501,PIPELINE_06_RETIREMENT_SUMMARY,14.989733059548257,16.452696014800427,1.0547577554243495,24080422.182050556,1543759.8815149842,25624182.06356554,0.3626978792633868,4123970.6892355103,264381.5982317362,4388352.287467247,271991.4598672004,OK,False
E00393,PEN_DB_02,46.431211498973305,2.2477754962354553,60.0,13.568788501026695,15.81656399726215,pensionable_salary_annual,pensionable_salary_annual,936000.0,0.065,2199768.061489837,0.02,695855.4464737461,98891.69492036446,0.068,0.03,Gompertz-Makeham,0.0002,1e-05,1.1,0.67,0.67,59.17316906228611,0.4176211848509833,PIPELINE_06_RETIREMENT_SUMMARY,13.568788501026695,16.87780186690075,1.5890916719969197,1669074.4331479068,157147.96882761124,1826222.401975518,0.40956488565192395,285483.4529023293,26879.055760791507,312362.50866312085,138965.17209403758,OK,False
E00401,PEN_DB_01,37.56605065023956,13.618069815195073,60.0,22.43394934976044,36.05201916495551,pensionable_salary_annual,pensionable_salary_annual,481000.0,0.06,1777688.144018241,0.015,961338.7055618971,363130.21882327436,0.07,0.03,Gompertz-Makeham,0.0002,1e-05,1.1,0.5,0.5,58.02874743326489,0.32959022243621583,PIPELINE_06_RETIREMENT_SUMMARY,22.43394934976044,16.452698921686956,1.196391774275677,5974472.159665635,434446.006791092,6408918.166456727,0.21918247149026235,431598.25581061176,31384.553105929008,462982.80891654076,33997.68213847336,OK,False
E00410,PEN_DB_02,35.53730321697468,7.507186858316222,60.0,24.462696783025322,31.969883641341543,pensionable_salary_annual,pensionable_salary_annual,1805000.0,0.065,8424077.785975676,0.02,5386335.732065049,1264822.5209662043,0.068,0.03,Gompertz-Makeham,0.0002,1e-05,1.1,0.67,0.67,63.3347022587269,0.2756805630680395,PIPELINE_06_RETIREMENT_SUMMARY,24.462696783025322,16.87779941727805,1.2583509363263625,21347420.80732356,1591590.6035444934,22939011.410868052,0.20001847357564717,1177122.515909811,87762.22441354491,1264884.740323356,168489.84369186932,OK,False
E00411,PEN_DB_01,42.54346338124572,2.642026009582478,60.0,17.456536618754278,20.098562628336754,pensionable_salary_annual,pensionable_salary_annual,2310000.0,0.06,6387997.589053944,0.015,1925843.544198973,253158.8366914602,0.07,0.03,Gompertz-Makeham,0.0002,1e-05,1.1,0.5,0.0,,0.9710411848799445,REVIEW_DB_MORTALITY_ONLY_FALLBACK,17.456536618754278,16.452696014800427,0.0,4165145.3835450993,0.0,4165145.3835450993,0.3069453148891015,1241448.8310432353,0.0,1241448.8310432353,469885.1663611831,REVIEW_DB_MORTALITY_ONLY_FALLBACK,True
E00420,PEN_DB_02,41.86721423682409,4.090349075975359,60.0,18.13278576317591,22.22313483915127,pensionable_salary_annual,pensionable_salary_annual,1402000.0,0.065,4392103.766958856,0.02,1952126.284813418,359304.75169536105,0.068,0.03,Gompertz-Makeham,0.0002,1e-05,1.1,0.67,0.0,,0.34677223054274875,PIPELINE_06_RETIREMENT_SUMMARY,18.13278576317591,16.87779941727805,0.0,6064273.5287892,0.0,6064273.5287892,0.30333574882278624,637891.3159056241,0.0,637891.3159056241,155950.33677009985,OK,False
E00427,PEN_DB_02,44.60506502395619,2.3956194387405887,60.0,15.394934976043807,17.790554414784395,pensionable_salary_annual,pensionable_salary_annual,1291000.0,0.065,3403859.892107032,0.02,1211131.0926166459,163087.05848562098,0.068,0.03,Gompertz-Makeham,0.0002,1e-05,1.1,0.67,0.0,,0.380737432603365,PIPELINE_06_RETIREMENT_SUMMARY,15.394934976043807,16.87779941727805,0.0,2752550.660674205,0.0,2752550.660674205,0.3632013236672328,380634.65002741513,0.0,380634.65002741513,158887.77819715816,OK,False
E00437,PEN_DB_01,42.79808350444901,18.050650239561943,60.0,17.20191649555099,35.252566735112936,pensionable_salary_annual,pensionable_salary_annual,954000.0,0.06,2599308.074198944,0.015,1374484.2202622425,703788.0136835169,0.07,0.03,Gompertz-Makeham,0.0002,1e-05,1.1,0.5,0.0,,0.43338400775074476,PIPELINE_06_RETIREMENT_SUMMARY,17.20191649555099,16.452696014800427,0.0,11579210.247995107,0.0,11579210.247995107,0.3122789496422546,1567092.135206017,0.0,1567092.135206017,86816.38137175758,OK,False
E00439,PEN_DB_01,35.08008213552361,1.4154688569472964,60.0,24.91991786447639,26.335386721423685,pensionable_salary_annual,pensionable_salary_annual,1882000.0,0.06,8039697.3999896655,0.015,3175928.102279285,170699.11933448282,0.07,0.03,Gompertz-Makeham,0.0002,1e-05,1.1,0.5,0.0,,0.22805604551180472,PIPELINE_06_RETIREMENT_SUMMARY,24.91991786447639,16.452696014800427,0.0,2808460.720404388,0.0,2808460.720404388,0.18525019488625058,118650.23891954156,0.0,118650.23891954156,83823.984072268,OK,False
E00444,PEN_DB_01,35.29637234770705,1.2511978097193703,60.0,24.70362765229295,25.954825462012323,pensionable_salary_annual,pensionable_salary_annual,794000.0,0.06,3349401.2290529246,0.015,1303996.8645347732,62861.45222493579,0.07,0.03,Gompertz-Makeham,0.0002,1e-05,1.1,0.5,0.5,58.001368925393564,0.22859999743903447,PIPELINE_06_RETIREMENT_SUMMARY,24.70362765229295,16.452698921686956,1.1980225411082301,1034240.5472368771,75309.43673227118,1109549.9839691482,0.18798106123195718,44443.871009111856,3236.232519446311,47680.10352855817,38107.56633217914,OK,False
E00446,PEN_DB_01,23.696098562628336,3.3045859000684463,60.0,36.303901437371664,39.60848733744011,pensionable_salary_annual,pensionable_salary_annual,764000.0,0.06,6335705.719075292,0.015,3764215.796216109,314053.2567935884,0.07,0.03,Gompertz-Makeham,0.0002,1e-05,1.1,0.5,0.0,,0.14662118350366282,PIPELINE_06_RETIREMENT_SUMMARY,36.303901437371664,16.452696014800427,0.0,5167022.766482967,0.0,5167022.766482967,0.08575396923271922,64966.77773877278,0.0,64966.77773877278,19659.582078779415,OK,False
E00447,PEN_DB_01,42.31622176591376,6.611909650924025,60.0,17.68377823408624,24.295687885010267,pensionable_salary_annual,pensionable_salary_annual,2227000.0,0.06,6240559.4729073495,0.015,2274280.277724017,618930.2310912217,0.07,0.03,Gompertz-Makeham,0.0002,1e-05,1.1,0.5,0.0,,0.3731048603631139,PIPELINE_06_RETIREMENT_SUMMARY,17.68377823408624,16.452696014800427,0.0,10183070.94651405,0.0,10183070.94651405,0.30226216709445686,1148400.7510031,0.0,1148400.7510031,173686.69743431982,OK,False
E00454,PEN_DB_01,32.6652977412731,5.765913757700205,60.0,27.3347022587269,33.100616016427104,pensionable_salary_annual,pensionable_salary_annual,1962000.0,0.06,9647777.863805363,0.015,4790210.8572241,834423.8267422626,0.07,0.03,Gompertz-Makeham,0.0002,1e-05,1.1,0.5,0.5,63.049965776865164,0.2335545708287396,PIPELINE_06_RETIREMENT_SUMMARY,27.3347022587269,16.452696014800427,0.9126389702439043,13728521.568896946,761527.7019850365,14490049.270881983,0.15732697260191542,504446.7487453326,27981.904054124723,532428.6527994573,92340.724328111,OK,False
E00458,PEN_DB_01,39.62765229295003,14.442162902121835,60.0,20.37234770704997,34.814510609171805,pensionable_salary_annual,pensionable_salary_annual,1201000.0,0.06,3936251.9936187593,0.015,2055580.3018832093,852719.8877346594,0.07,0.03,Gompertz-Makeham,0.0002,1e-05,1.1,0.5,0.5,59.55099247091034,0.36444394653345896,PIPELINE_06_RETIREMENT_SUMMARY,20.37234770704997,16.452698200221736,1.1069951402148641,14029542.96222531,943956.7716868324,14973499.733912144,0.2519900913968266,1288420.8028042323,86689.46271905705,1375110.2655232893,95214.98094452728,OK,False
E00460,PEN_DB_01,50.75154004106776,1.1882272416153319,60.0,9.248459958932237,10.436687200547569,pensionable_salary_annual,pensionable_salary_annual,956000.0,0.06,1638695.1709786444,0.015,256538.23374827893,29207.13364290479,0.07,0.03,Gompertz-Makeham,0.0002,1e-05,1.1,0.5,0.5,54.83915126625599,0.5140688494614598,PIPELINE_06_RETIREMENT_SUMMARY,9.248459958932237,16.452699207825372,1.3908655144659772,480536.18454946944,40623.194960315326,521159.37950978475,0.5348663901648167,132127.34021934072,11169.678525563006,143297.01874490373,120597.31819487577,OK,False
E00468,PEN_DB_01,56.832306639288156,4.188911704312115,60.0,3.1676933607118443,7.35660506502396,pensionable_salary_annual,pensionable_salary_annual,550000.0,0.06,661490.9560812886,0.015,72994.91576962725,41563.90812338282,0.07,0.03,Gompertz-Makeham,0.0002,1e-05,1.1,0.5,0.0,,0.8011289978404987,PIPELINE_06_RETIREMENT_SUMMARY,3.1676933607118443,16.452696014800427,0.0,683838.3455411115,0.0,683838.3455411115,0.8070885804927581,442157.61003658193,0.0,442157.61003658193,105554.29219990953,OK,False
E00484,PEN_DB_01,47.37850787132101,5.28952772073922,60.0,12.621492128678987,17.911019849418206,pensionable_salary_annual,pensionable_salary_annual,1138000.0,0.06,2374324.3218282857,0.015,637898.5508583427,188385.81477504096,0.07,0.03,Gompertz-Makeham,0.0002,1e-05,1.1,0.5,0.5,60.4517453798768,0.470799788487457,PIPELINE_06_RETIREMENT_SUMMARY,12.621492128678987,16.452696014800427,1.0553789782925793,3099454.543994248,198818.42872209783,3298272.972716346,0.4257286535536356,621232.8487811068,39849.76618048491,661082.6149615917,124979.51610492828,OK,False
E00492,PEN_DB_01,46.21218343600274,10.173853524982889,60.0,13.78781656399726,23.96167008898015,pensionable_salary_annual,pensionable_salary_annual,3424000.0,0.06,7646212.864568039,0.015,2748240.451363428,1166871.7455743258,0.07,0.03,Gompertz-Makeham,0.0002,1e-05,1.1,0.5,0.0,,0.9742185539623577,REVIEW_DB_MORTALITY_ONLY_FALLBACK,13.78781656399726,16.452696014800427,0.0,19198186.11819393,0.0,19198186.11819393,0.39342491831328447,7358316.388245589,0.0,7358316.388245589,723257.5513473361,REVIEW_DB_MORTALITY_ONLY_FALLBACK,True
E00493,PEN_DB_02,34.691307323750856,10.570841889117043,60.0,25.308692676249144,35.879534565366185,pensionable_salary_annual,pensionable_salary_annual,479000.0,0.065,2357861.718290503,0.02,1691979.6204351564,498491.6684090148,0.068,0.03,Gompertz-Makeham,0.0002,1e-05,1.1,0.67,0.0,,0.27901868046493317,PIPELINE_06_RETIREMENT_SUMMARY,25.308692676249144,16.87779941727805,0.0,8413442.390591634,0.0,8413442.390591634,0.18919033500710228,444125.7481388002,0.0,444125.7481388002,42014.22675672023,OK,False
E00495,PEN_DB_01,56.24093086926762,9.464750171115675,60.0,3.759069130732378,13.223819301848053,pensionable_salary_annual,pensionable_salary_annual,1648000.0,0.06,2051557.550300669,0.015,406941.3949877714,291262.19512892864,0.07,0.03,Gompertz-Makeham,0.0002,1e-05,1.1,0.5,0.0,,0.7985820465724008,PIPELINE_06_RETIREMENT_SUMMARY,3.759069130732378,16.452696014800427,0.0,4792048.357059749,0.0,4792048.357059749,0.7754331233454395,2967461.4281796915,0.0,2967461.4281796915,313527.70802505995,REVIEW_SPOUSE_DOB_MISSING,True
E00511,PEN_DB_01,33.09240246406571,1.1526351813826146,60.0,26.907597535934293,28.060232717316907,pensionable_salary_annual,pensionable_salary_annual,1042000.0,0.06,4997902.237960424,0.015,2103634.498433527,86411.36928876133,0.07,0.03,Gompertz-Makeham,0.0002,1e-05,1.1,0.5,0.0,,0.20490027681874265,PIPELINE_06_RETIREMENT_SUMMARY,26.907597535934293,16.452696014800427,0.0,1421699.9911306514,0.0,1421699.9911306514,0.16193962750045404,47174.102006285924,0.0,47174.102006285924,40927.17519666493,OK,False
E00531,PEN_DB_01,25.32511978097194,5.467488021902806,60.0,34.67488021902806,40.142368240930864,pensionable_salary_annual,pensionable_salary_annual,1818000.0,0.06,13711081.92447315,0.015,8255929.493906583,1124477.6428407752,0.07,0.03,Gompertz-Makeham,0.0002,1e-05,1.1,0.5,0.0,,0.16769367627566664,PIPELINE_06_RETIREMENT_SUMMARY,34.67488021902806,16.452696014800427,0.0,18500688.8330986,0.0,18500688.8330986,0.0957460857539919,297047.30243146565,0.0,297047.30243146565,54329.758243912285,OK,False
E00534,PEN_DB_02,37.59342915811088,11.38672142368241,60.0,22.40657084188912,33.79329226557153,pensionable_salary_annual,pensionable_salary_annual,931000.0,0.065,3817337.907992304,0.02,2580008.312024587,869339.2667674192,0.068,0.03,Gompertz-Makeham,0.0002,1e-05,1.1,0.67,0.67,61.489390828199866,0.32119549522203844,PIPELINE_06_RETIREMENT_SUMMARY,22.40657084188912,16.87779941727805,1.4005597066594302,14672533.770064076,1217561.5484513007,15890095.318515377,0.22898983412223672,1079172.2415920359,89552.26453111255,1168724.5061231484,102639.24642016827,OK,False
E00536,PEN_DB_01,51.592060232717316,6.976043805612594,60.0,8.407939767282684,15.383983572895279,pensionable_salary_annual,pensionable_salary_annual,2135000.0,0.06,3484721.463026727,0.015,804133.4661497815,364643.5436464928,0.07,0.03,Gompertz-Makeham,0.0002,1e-05,1.1,0.5,0.5,59.45242984257358,0.6040536757188267,PIPELINE_06_RETIREMENT_SUMMARY,8.407939767282684,16.452698200221736,1.1127035099832803,5999370.174275128,405740.150908194,6405110.325183323,0.566164933602591,2051748.6586097535,138760.70090483953,2190509.359514593,314004.53044062207,OK,False
E00544,PEN_DB_01,49.379876796714576,7.351129363449692,60.0,10.620123203285424,17.971252566735117,pensionable_salary_annual,pensionable_salary_annual,1042000.0,0.06,1934724.47570868,0.015,521541.33300007303,213336.14855350333,0.07,0.03,Gompertz-Makeham,0.0002,1e-05,1.1,0.5,0.0,,0.5388168515799876,PIPELINE_06_RETIREMENT_SUMMARY,10.620123203285424,16.452696014800427,0.0,3509954.801119096,0.0,3509954.801119096,0.487461881907787,921899.0228195383,0.0,921899.0228195383,125409.1687466802,OK,False
E00548,PEN_DB_01,25.78507871321013,7.411362080766598,60.0,34.214921286789874,41.626283367556475,pensionable_salary_annual,pensionable_salary_annual,560000.0,0.06,4111745.3991058026,0.015,2567350.1867763707,457104.509050489,0.07,0.03,Gompertz-Makeham,0.0002,1e-05,1.1,0.5,0.0,,0.17897909113062124,PIPELINE_06_RETIREMENT_SUMMARY,34.214921286789874,16.452696014800427,0.0,7520601.534402286,0.0,7520601.534402286,0.09877257122990443,132950.88626629388,0.0,132950.88626629388,17938.792467219744,OK,False
E00552,PEN_DB_02,35.67419575633128,8.213552361396303,60.0,24.32580424366872,32.539356605065024,pensionable_salary_annual,pensionable_salary_annual,865000.0,0.065,4002370.716316073,0.02,2604691.360077565,657473.6289636259,0.068,0.03,Gompertz-Makeham,0.0002,1e-05,1.1,0.67,0.0,,0.2809005530802924,PIPELINE_06_RETIREMENT_SUMMARY,24.32580424366872,16.87779941727805,0.0,11096708.031797972,0.0,11096708.031797972,0.20182794580678895,629112.1223385677,0.0,629112.1223385677,76594.40089472065,OK,False
E00556,PEN_DB_01,34.46406570841889,3.482546201232033,60.0,25.535934291581107,29.01848049281314,pensionable_salary_annual,pensionable_salary_annual,844000.0,0.06,3737243.190222297,0.015,1626736.779185467,195226.83112783416,0.07,0.03,Gompertz-Makeham,0.0002,1e-05,1.1,0.5,0.0,,0.2390539249204916,PIPELINE_06_RETIREMENT_SUMMARY,25.535934291581107,16.452696014800427,0.0,3212007.706479033,0.0,3212007.706479033,0.1776878709917016,136436.39665189778,0.0,136436.39665189778,39177.19644426546,OK,False
E00559,PEN_DB_02,34.70225872689939,7.299110198494182,60.0,25.297741273100613,32.596851471594796,pensionable_salary_annual,pensionable_salary_annual,1316000.0,0.065,6473500.571589602,0.02,4220314.732667806,945015.8808409517,0.068,0.03,Gompertz-Makeham,0.0002,1e-05,1.1,0.67,0.0,,0.2643915488118839,PIPELINE_06_RETIREMENT_SUMMARY,25.297741273100613,16.87779941727805,0.0,15949788.482975919,0.0,15949788.482975919,0.1893266897161211,798388.6209954409,0.0,798388.6209954409,109381.63684117958,OK,False
E00574,PEN_DB_02,31.030800821355236,1.163586584531143,60.0,28.969199178644764,30.132785763175907,pensionable_salary_annual,pensionable_salary_annual,880000.0,0.065,5454800.947116923,0.02,3287366.9664048655,126942.6640670605,0.068,0.03,Gompertz-Makeham,0.0002,1e-05,1.1,0.67,0.0,,0.1862546165629662,PIPELINE_06_RETIREMENT_SUMMARY,28.969199178644764,16.87779941727805,0.0,2142512.821618757,0.0,2142512.821618757,0.1487009318102964,59339.5386770875,0.0,59339.5386770875,50997.09765130872,OK,False
E00579,PEN_DB_01,49.437371663244356,9.500342231348391,60.0,10.562628336755644,20.062970568104035,pensionable_salary_annual,pensionable_salary_annual,646000.0,0.06,1195443.2593137228,0.015,359762.14391174365,170356.80122458388,0.07,0.03,Gompertz-Makeham,0.0002,1e-05,1.1,0.5,0.0,,0.5531048010842998,PIPELINE_06_RETIREMENT_SUMMARY,10.562628336755644,16.452696014800427,0.0,2802828.6646018596,0.0,2802828.6646018596,0.48936181379257593,758637.0623261025,0.0,758637.0623261025,79853.6562001755,OK,False
E00580,PEN_DB_01,37.81519507186858,4.224503764544832,60.0,22.18480492813142,26.40930869267625,pensionable_salary_annual,pensionable_salary_annual,1054000.0,0.06,3839249.1369410013,0.015,1520878.7340834867,243283.83648049136,0.07,0.03,Gompertz-Makeham,0.0002,1e-05,1.1,0.5,0.5,65.7741273100616,0.28572000714912255,PIPELINE_06_RETIREMENT_SUMMARY,22.18480492813142,16.452696014800427,0.7741119344698096,4002675.006927939,188328.92128315,4191003.928211089,0.22290849722089867,254928.03931105504,11994.559279777119,266922.59859083215,63184.36755366264,OK,False
E00584,PEN_DB_01,42.95687885010267,8.889801505817934,60.0,17.04312114989733,25.932922655715267,pensionable_salary_annual,pensionable_salary_annual,2916000.0,0.06,7871879.67602684,0.015,3062112.701902515,1049691.7169634148,0.07,0.03,Gompertz-Makeham,0.0002,1e-05,1.1,0.5,0.5,61.347022587268995,0.9713576799707094,REVIEW_DB_MORTALITY_ONLY_FALLBACK,17.04312114989733,16.452696014800427,1.0051192028795375,17270258.72845299,1055065.3018235206,18325324.03027651,0.3156521247707077,5295253.295346977,323494.74921779,5618748.044564767,632044.2634053837,REVIEW_DB_MORTALITY_ONLY_FALLBACK,True
E00586,PEN_DB_01,33.106091718001366,0.5338809034907598,60.0,26.893908281998634,27.427789185489395,pensionable_salary_annual,pensionable_salary_annual,332000.0,0.06,1591152.1249414864,0.015,654626.7756740785,12742.286010825044,0.07,0.03,Gompertz-Makeham,0.0002,1e-05,1.1,0.5,0.0,,0.19745295446944994,PIPELINE_06_RETIREMENT_SUMMARY,26.893908281998634,16.452696014800427,0.0,209644.95826974843,0.0,209644.95826974843,0.1620896848842639,6709.705164052726,0.0,6709.705164052726,12567.793903437225,OK,False
E00587,PEN_DB_01,33.92470910335387,3.7426420260095825,60.0,26.07529089664613,29.817932922655714,pensionable_salary_annual,pensionable_salary_annual,2173000.0,0.06,9929274.667595772,0.015,4441056.6901349295,557425.809881044,0.07,0.03,Gompertz-Makeham,0.0002,1e-05,1.1,0.5,0.0,,0.23493221768536682,PIPELINE_06_RETIREMENT_SUMMARY,26.07529089664613,16.452696014800427,0.0,9171157.400776753,0.0,9171157.400776753,0.1713205457589443,369127.3073243547,0.0,369127.3073243547,98627.46817865438,OK,False
E00588,PEN_DB_02,35.279945242984255,9.571526351813826,60.0,24.720054757015745,34.291581108829575,pensionable_salary_annual,pensionable_salary_annual,490000.0,0.065,2324234.1704013282,0.02,1594033.2914046075,444929.37219564925,0.068,0.03,Gompertz-Makeham,0.0002,1e-05,1.1,0.67,0.67,60.04380561259411,0.28214586851307055,PIPELINE_06_RETIREMENT_SUMMARY,24.720054757015745,16.87779941727805,1.5170089164014904,7509428.698773618,674961.8247897173,8184390.523563335,0.19666046828545067,416675.2093295727,37451.5653473953,454126.774676968,47445.596238776474,OK,False
E00597,PEN_DB_01,24.98836413415469,3.1731690622861053,60.0,35.01163586584531,38.18480492813141,pensionable_salary_annual,pensionable_salary_annual,743000.0,0.06,5714635.749086364,0.015,3273183.769712834,272002.5804185255,0.07,0.03,Gompertz-Makeham,0.0002,1e-05,1.1,0.5,0.0,,0.1544137781181794,PIPELINE_06_RETIREMENT_SUMMARY,35.01163586584531,16.452696014800427,0.0,4475175.770867307,0.0,4475175.770867307,0.0935892302509221,64672.85333494562,0.0,64672.85333494562,20381.15589351932,OK,False
E00615,PEN_DB_01,48.38329911019849,7.786447638603696,60.0,11.616700889801507,19.403148528405204,pensionable_salary_annual,pensionable_salary_annual,3732000.0,0.06,7343655.622346168,0.015,2137350.6117276098,857714.8496900412,0.07,0.03,Gompertz-Makeham,0.0002,1e-05,1.1,0.5,0.0,,0.5142702627435206,PIPELINE_06_RETIREMENT_SUMMARY,11.616700889801507,16.452696014800427,0.0,14111721.689330487,0.0,14111721.689330487,0.45567735171859114,3306959.3667132067,0.0,3306959.3667132067,424707.07056680694,OK,False
E00629,PEN_DB_01,34.36002737850787,9.60164271047228,60.0,25.639972621492127,35.24161533196441,pensionable_salary_annual,pensionable_salary_annual,2024000.0,0.06,9016795.099032111,0.015,4766496.366108474,1298640.6740166578,0.07,0.03,Gompertz-Makeham,0.0002,1e-05,1.1,0.5,0.5,57.12799452429842,0.9662812525674711,REVIEW_DB_MORTALITY_ONLY_FALLBACK,25.639972621492127,16.452699135693468,1.2504329641681133,21366144.294970248,1623863.107399926,22990007.402370173,0.17644150138192044,3642759.1293944437,276855.8555864676,3919614.9849809115,408223.3741842823,REVIEW_DB_MORTALITY_ONLY_FALLBACK,True
E00632,PEN_DB_02,35.912388774811774,7.906913073237509,60.0,24.087611225188226,31.994524298425734,pensionable_salary_annual,pensionable_salary_annual,781000.0,0.065,3559899.6278466904,0.02,2277945.9028619532,562956.3381366868,0.068,0.03,Gompertz-Makeham,0.0002,1e-05,1.1,0.67,0.0,,0.28244704408992144,PIPELINE_06_RETIREMENT_SUMMARY,24.087611225188226,16.87779941727805,0.0,9501464.155756358,0.0,9501464.155756358,0.2050155359767237,550192.088677067,0.0,550192.088677067,69583.67742011728,OK,False
E00636,PEN_DB_01,53.790554414784395,17.67008898015058,60.0,6.2094455852156045,23.879534565366185,pensionable_salary_annual,pensionable_salary_annual,962000.0,0.06,1381371.4168042545,0.015,494797.59742779075,366134.33774351777,0.07,0.03,Gompertz-Makeham,0.0002,1e-05,1.1,0.5,0.5,59.42778918548939,0.7242716630171051,PIPELINE_06_RETIREMENT_SUMMARY,6.2094455852156045,16.452698200221736,1.1141324090250566,6023897.759632152,407922.1317369792,6431819.89136913,0.6569662076996741,2866303.126750116,194098.32774779276,3060401.4544979087,173196.72005815944,OK,False
E00643,PEN_DB_01,50.00684462696783,10.160164271047227,60.0,9.993155373032167,20.153319644079396,pensionable_salary_annual,pensionable_salary_annual,1014000.0,0.06,1815195.4674246176,0.015,548733.2170723864,276640.2619964171,0.07,0.03,Gompertz-Makeham,0.0002,1e-05,1.1,0.5,0.5,62.38193018480492,0.5729630953157288,PIPELINE_06_RETIREMENT_SUMMARY,9.993155373032167,16.452696014800427,0.9484090748803349,4551478.136081797,262368.1349546754,4813846.271036472,0.508584762300633,1326302.0926508827,76454.15314130414,1402756.2457921868,138064.32734454225,OK,False
E00654,PEN_DB_02,43.77275838466804,5.349760438056126,60.0,16.227241615331963,21.57700205338809,pensionable_salary_annual,pensionable_salary_annual,1663000.0,0.065,4620627.331338859,0.02,1993985.7083247937,494384.9859239497,0.068,0.03,Gompertz-Makeham,0.0002,1e-05,1.1,0.67,0.67,60.08487337440109,0.3918228491483797,PIPELINE_06_RETIREMENT_SUMMARY,16.227241615331963,16.87779941727805,1.513643759579058,8344130.627338256,748322.7487733668,9092453.376111623,0.3438486941218477,1124186.1537871447,100819.85892918741,1225006.012716332,228983.3398897852,OK,False
E00656,PEN_DB_01,29.19917864476386,4.418891170431212,60.0,30.80082135523614,35.21971252566735,pensionable_salary_annual,pensionable_salary_annual,536000.0,0.06,3225568.1709847343,0.015,1704053.7557103743,213801.5206558259,0.07,0.03,Gompertz-Makeham,0.0002,1e-05,1.1,0.5,0.0,,0.19326632641937636,PIPELINE_06_RETIREMENT_SUMMARY,30.80082135523614,16.452696014800427,0.0,3517611.426852378,0.0,3517611.426852378,0.12443871356758314,84597.89714754843,0.0,84597.89714754843,19144.598471587404,OK,False
E00661,PEN_DB_01,42.365503080082135,6.401095140314853,60.0,17.634496919917865,24.035592060232716,pensionable_salary_annual,pensionable_salary_annual,907000.0,0.06,2534331.899899697,0.015,913712.5153683547,243337.49412589287,0.07,0.03,Gompertz-Makeham,0.0002,1e-05,1.1,0.5,0.0,,0.3726307599483848,PIPELINE_06_RETIREMENT_SUMMARY,17.634496919917865,16.452696014800427,0.0,4003557.8198566,0.0,4003557.8198566,0.3032716840723167,452435.49580720905,0.0,452435.49580720905,70680.95160119038,OK,False
E00672,PEN_DB_02,52.030116358658454,21.166324435318277,60.0,7.969883641341546,29.136208076659823,pensionable_salary_annual,pensionable_salary_annual,4211000.0,0.065,6955981.735939088,0.02,4053418.624715334,2944651.3237807034,0.068,0.03,Gompertz-Makeham,0.0002,1e-05,1.1,0.67,0.0,,0.6734029924357179,PIPELINE_06_RETIREMENT_SUMMARY,7.969883641341546,16.87779941727805,0.0,49699234.396593,0.0,49699234.396593,0.5919573816683484,19811400.659505066,0.0,19811400.659505066,935986.8181198066,REVIEW_SPOUSE_DOB_MISSING,True
E00677,PEN_DB_01,41.82614647501711,4.27378507871321,60.0,18.17385352498289,22.4476386036961,pensionable_salary_annual,pensionable_salary_annual,1810000.0,0.06,5218956.3376230225,0.015,1757298.6863314647,334570.4658328353,0.07,0.03,Gompertz-Makeham,0.0002,1e-05,1.1,0.5,0.0,,0.34757732539245634,PIPELINE_06_RETIREMENT_SUMMARY,18.17385352498289,16.452696014800427,0.0,5504586.169877811,0.0,5504586.169877811,0.29240414744419957,559447.8897021299,0.0,559447.8897021299,130902.2048133907,OK,False
E00680,PEN_DB_02,41.93018480492813,4.558521560574949,60.0,18.069815195071868,22.628336755646817,pensionable_salary_annual,pensionable_salary_annual,883000.0,0.065,2755263.0098400484,0.02,1246940.3847407529,251198.51670820976,0.068,0.03,Gompertz-Makeham,0.0002,1e-05,1.1,0.67,0.67,58.41478439425051,0.35165949100104893,PIPELINE_06_RETIREMENT_SUMMARY,18.069815195071868,16.87780267710021,1.6529773026762236,4239678.997781425,415225.44658460486,4654904.444366029,0.3045949817252755,454127.7730957817,44476.34065900795,498604.11375478964,109378.46999936148,OK,False
E00691,PEN_DB_01,39.671457905544145,2.198494182067077,60.0,20.328542094455855,22.52703627652293,pensionable_salary_annual,pensionable_salary_annual,714000.0,0.06,2334154.2850415898,0.015,788723.6738120001,76974.36923566309,0.07,0.03,Gompertz-Makeham,0.0002,1e-05,1.1,0.5,0.0,,0.2942830687304117,PIPELINE_06_RETIREMENT_SUMMARY,20.328542094455855,16.452696014800427,0.0,1266435.8979653707,0.0,1266435.8979653707,0.2527380546923904,94193.10796314415,0.0,94193.10796314415,42844.37445023463,OK,False
E00704,PEN_DB_01,40.0082135523614,7.863107460643395,60.0,19.991786447638603,27.854893908281998,pensionable_salary_annual,pensionable_salary_annual,769000.0,0.06,2465107.108500772,0.015,1029979.4546976121,290751.0314420623,0.07,0.03,Gompertz-Makeham,0.0002,1e-05,1.1,0.5,0.0,,0.34113486207488286,PIPELINE_06_RETIREMENT_SUMMARY,19.991786447638603,16.452696014800427,0.0,4783638.336305932,0.0,4783638.336305932,0.2585626507771849,421939.5480134588,0.0,421939.5480134588,53660.6615292186,OK,False
E00709,PEN_DB_01,50.338124572210816,24.908966461327857,60.0,9.661875427789184,34.57084188911704,pensionable_salary_annual,pensionable_salary_annual,901000.0,0.06,1582074.4204350242,0.015,820404.6696851354,591117.5801691108,0.07,0.03,Gompertz-Makeham,0.0002,1e-05,1.1,0.5,0.0,,0.6311063954878886,PIPELINE_06_RETIREMENT_SUMMARY,9.661875427789184,16.452696014800427,0.0,9725477.855526801,0.0,9725477.855526801,0.5201128700527348,3192354.637457526,0.0,3192354.637457526,128160.86297333056,OK,False
E00714,PEN_DB_02,46.92128678986995,7.167693360711842,60.0,13.078713210130047,20.246406570841888,pensionable_salary_annual,pensionable_salary_annual,1490000.0,0.065,3395345.277663026,0.02,1374870.8187990733,486735.8760805916,0.068,0.03,Gompertz-Makeham,0.0002,1e-05,1.1,0.67,0.67,56.98015058179329,0.47329782694940087,PIPELINE_06_RETIREMENT_SUMMARY,13.078713210130047,16.877802981487697,1.776357886470963,8215032.220510035,864617.1121041123,9079649.332614146,0.4229848182512237,1644631.3389540461,173094.43963131317,1817725.7785853592,253599.82453334695,OK,False
E00722,PEN_DB_01,40.33127994524298,5.338809034907597,60.0,19.668720054757017,25.007529089664615,pensionable_salary_annual,pensionable_salary_annual,607000.0,0.06,1909513.2255879717,0.015,716283.1130398577,152917.89691566917,0.07,0.03,Gompertz-Makeham,0.0002,1e-05,1.1,0.5,0.0,,0.33077387367167704,PIPELINE_06_RETIREMENT_SUMMARY,19.668720054757017,16.452696014800427,0.0,2515911.6731760926,0.0,2515911.6731760926,0.26427659496065786,219930.41411896015,0.0,219930.41411896015,41194.65833689754,OK,False
E00725,PEN_DB_01,47.87405886379192,1.0869267624914443,60.0,12.125941136208077,13.212867898699521,pensionable_salary_annual,pensionable_salary_annual,1104000.0,0.06,2237826.9823150304,0.015,443521.68446210824,36485.310553555115,0.07,0.03,Gompertz-Makeham,0.0002,1e-05,1.1,0.5,0.0,,0.43323475200660005,PIPELINE_06_RETIREMENT_SUMMARY,12.125941136208077,16.452696014800427,0.0,600281.7235432322,0.0,600281.7235432322,0.4402446038258423,114491.2899798609,0.0,114491.2899798609,105334.87069305842,OK,False
E00726,PEN_DB_01,21.831622176591377,3.8247775496235454,60.0,38.16837782340862,41.99315537303217,pensionable_salary_annual,pensionable_salary_annual,307000.0,0.06,2838064.112564875,0.015,1787689.0085634517,162824.45853195607,0.07,0.03,Gompertz-Makeham,0.0002,1e-05,1.1,0.5,0.0,,0.1376497948588252,PIPELINE_06_RETIREMENT_SUMMARY,38.16837782340862,16.452696014800427,0.0,2678901.320000751,0.0,2678901.320000751,0.07559078778103519,27874.119408428876,0.0,27874.119408428876,7287.775314193734,OK,False
E00758,PEN_DB_01,38.45311430527036,0.5475701574264202,60.0,21.54688569472964,22.09445585215606,pensionable_salary_annual,pensionable_salary_annual,509000.0,0.06,1786406.8221470506,0.015,592045.2999887762,14672.745972460374,0.07,0.03,Gompertz-Makeham,0.0002,1e-05,1.1,0.5,0.0,,0.255991336835341,PIPELINE_06_RETIREMENT_SUMMARY,21.54688569472964,16.452696014800427,0.0,241406.22918727782,0.0,241406.22918727782,0.23274003802437154,14382.84637085761,0.0,14382.84637085761,26266.67318477871,OK,False
E00771,PEN_DB_01,38.223134839151264,2.3874058863791925,60.0,21.776865160848736,24.164271047227928,pensionable_salary_annual,pensionable_salary_annual,686000.0,0.06,2440093.855732452,0.015,884446.3396589167,87382.41651740033,0.07,0.03,Gompertz-Makeham,0.0002,1e-05,1.1,0.5,0.5,60.785763175906915,0.27594452209872944,PIPELINE_06_RETIREMENT_SUMMARY,21.776865160848736,16.452696014800427,1.036502228523632,1437676.3359994635,90572.06945406567,1528248.4054535292,0.22914660934924394,90906.79296978573,5727.030598289596,96633.82356807533,40476.49547963247,OK,False
E00775,PEN_DB_01,25.467488021902806,2.9596167008898013,60.0,34.53251197809719,37.492128678986994,pensionable_salary_annual,pensionable_salary_annual,413000.0,0.06,3089051.4872147623,0.015,1737226.73782008,137136.1255720393,0.07,0.03,Gompertz-Makeham,0.0002,1e-05,1.1,0.5,0.0,,0.1565144369528256,PIPELINE_06_RETIREMENT_SUMMARY,34.53251197809719,16.452696014800427,0.0,2256258.9866842623,0.0,2256258.9866842623,0.0966728105917377,34138.75645690765,0.0,34138.75645690765,11534.857350495391,OK,False
E00783,PEN_DB_02,40.72826830937714,5.639972621492129,60.0,19.271731690622858,24.911704312114985,pensionable_salary_annual,pensionable_salary_annual,1295000.0,0.065,4358570.461785363,0.02,2171588.371350309,491644.3614662751,0.068,0.03,Gompertz-Makeham,0.0002,1e-05,1.1,0.67,0.67,51.89869952087611,0.33926486129612615,PIPELINE_06_RETIREMENT_SUMMARY,19.271731690622858,16.877802999818165,2.23280727790274,8297876.678799185,1097747.1084217445,9395623.787220929,0.2814378368076132,792297.6010561701,104815.05501173092,897112.6560679009,159063.29981980618,OK,False
E00785,PEN_DB_01,46.00958247775496,3.898699520876112,60.0,13.990417522245039,17.88911704312115,pensionable_salary_annual,pensionable_salary_annual,487000.0,0.06,1100445.6095012093,0.015,295290.0046193389,64354.601557688795,0.07,0.03,Gompertz-Makeham,0.0002,1e-05,1.1,0.5,0.5,62.08350444900753,0.42640008595490314,PIPELINE_06_RETIREMENT_SUMMARY,13.990417522245039,16.452696014800427,0.9646035519346204,1058806.696582256,62076.67724588387,1120883.3738281399,0.38806875900092835,175203.4463639965,10271.986215624964,185475.43257962147,47573.66695906372,OK,False
E00801,PEN_DB_01,51.58384668035592,8.684462696783026,60.0,8.416153319644081,17.100616016427107,pensionable_salary_annual,pensionable_salary_annual,2732000.0,0.06,4461272.352818749,0.015,1144357.5817538362,581156.299923658,0.07,0.03,Gompertz-Makeham,0.0002,1e-05,1.1,0.5,0.5,56.99657768651608,0.9808792240644265,REVIEW_DB_MORTALITY_ONLY_FALLBACK,8.416153319644081,16.45269919212516,1.258382140961304,9561589.786252415,731316.7089310825,10292906.495183498,0.5658503930478405,5306977.731612358,405903.3670983755,5712881.0987107335,657827.812517054,REVIEW_DB_MORTALITY_ONLY_FALLBACK,True
E00805,PEN_DB_01,42.53251197809719,2.3874058863791925,60.0,17.46748802190281,19.854893908282,pensionable_salary_annual,pensionable_salary_annual,1018000.0,0.06,2816940.5166841876,0.015,838950.8265705843,100877.7055666781,0.07,0.03,Gompertz-Makeham,0.0002,1e-05,1.1,0.5,0.0,,0.341962795801898,PIPELINE_06_RETIREMENT_SUMMARY,17.46748802190281,16.452696014800427,0.0,1659710.2243590956,0.0,1659710.2243590956,0.306717965806061,174080.58751567733,0.0,174080.58751567733,72916.20939231782,REVIEW_SPOUSE_DOB_MISSING,True
E00808,PEN_DB_02,46.09445585215606,10.173853524982889,60.0,13.90554414784394,24.07939767282683,pensionable_salary_annual,pensionable_salary_annual,1176000.0,0.065,2823049.544495148,0.02,1359546.652639826,574425.851189266,0.068,0.03,Gompertz-Makeham,0.0002,1e-05,1.1,0.67,0.67,61.374401095140314,0.4711381346566695,PIPELINE_06_RETIREMENT_SUMMARY,13.90554414784394,16.87779941727805,1.409666992628243,9695044.296471642,809749.1621338913,10504793.458605533,0.400590996741286,1829781.5329219133,152826.951364298,1982608.4842862114,194872.91412420306,OK,False
E00820,PEN_DB_01,51.60848733744011,13.42094455852156,60.0,8.39151266255989,21.812457221081452,pensionable_salary_annual,pensionable_salary_annual,5425000.0,0.06,8846148.61702305,0.015,2894343.574202162,1780855.052182628,0.07,0.03,Gompertz-Makeham,0.0002,1e-05,1.1,0.5,0.5,57.71663244353183,0.6365209985860664,PIPELINE_06_RETIREMENT_SUMMARY,8.39151266255989,16.452699135693468,1.215028609026814,29299872.37784047,2163789.836931833,31463662.214772303,0.5667945393424201,10570709.103846105,780644.7971208136,11351353.900966918,845793.9641632327,OK,False
E00835,PEN_DB_01,31.939767282683093,9.363449691991786,60.0,28.060232717316907,37.4236824093087,pensionable_salary_annual,pensionable_salary_annual,457000.0,0.06,2344254.015087595,0.015,1315959.266210774,329254.5680328368,0.07,0.03,Gompertz-Makeham,0.0002,1e-05,1.1,0.5,0.0,,0.24250744794184517,PIPELINE_06_RETIREMENT_SUMMARY,28.060232717316907,16.452696014800427,0.0,5417125.31932869,0.0,5417125.31932869,0.14979053089970942,196778.8073154525,0.0,196778.8073154525,21015.63139531258,OK,False
E00878,PEN_DB_02,53.489390828199866,9.44832306639288,60.0,6.510609171800134,15.958932238193015,pensionable_salary_annual,pensionable_salary_annual,2099000.0,0.065,3162824.1469197636,0.02,1009505.9248402627,597667.6868457277,0.068,0.03,Gompertz-Makeham,0.0002,1e-05,1.1,0.67,0.0,,0.6847552104846284,PIPELINE_06_RETIREMENT_SUMMARY,6.510609171800134,16.87779941727805,0.0,10087315.336770745,0.0,10087315.336770745,0.6516039977838541,4500851.489663845,0.0,4500851.489663845,476365.11347427394,REVIEW_SPOUSE_DOB_MISSING,True
E00881,PEN_DB_02,36.14784394250513,3.4715947980835042,60.0,23.852156057494867,27.32375085557837,pensionable_salary_annual,pensionable_salary_annual,776000.0,0.065,3485048.561288196,0.02,1904491.9721646104,241973.52912873004,0.068,0.03,Gompertz-Makeham,0.0002,1e-05,1.1,0.67,0.67,54.743326488706366,0.2586154431017825,PIPELINE_06_RETIREMENT_SUMMARY,23.852156057494867,16.8778029992237,1.9742665878767505,4083981.5556616234,477720.25370947336,4561701.809371097,0.20821596306000834,219913.6815402984,25724.21503568616,245637.89657598455,70756.49978263277,OK,False
E00886,PEN_DB_02,25.864476386036962,4.418891170431212,60.0,34.13552361396304,38.55441478439425,pensionable_salary_annual,pensionable_salary_annual,872000.0,0.065,7483584.502646907,0.02,5770504.419782272,661382.9096384455,0.068,0.03,Gompertz-Makeham,0.0002,1e-05,1.1,0.67,0.0,,0.16685142761587593,PIPELINE_06_RETIREMENT_SUMMARY,34.13552361396304,16.87779941727805,0.0,11162688.086893417,0.0,11162688.086893417,0.10585352600235322,197153.29764256987,0.0,197153.29764256987,44616.0111300797,OK,False
E00888,PEN_DB_01,44.68720054757016,6.447638603696099,60.0,15.312799452429843,21.760438056125942,pensionable_salary_annual,pensionable_salary_annual,3059000.0,0.06,7465916.29982166,0.015,2436924.1376173533,722062.952200411,0.07,0.03,Gompertz-Makeham,0.0002,1e-05,1.1,0.5,0.0,,0.4182353310476323,PIPELINE_06_RETIREMENT_SUMMARY,15.312799452429843,16.452696014800427,0.0,11879882.256102733,0.0,11879882.256102733,0.3548559610720179,1763132.5334354017,0.0,1763132.5334354017,273453.99483536324,OK,False
E00893,PEN_DB_01,41.82067077344285,8.766598220396988,60.0,18.17932922655715,26.945927446954137,pensionable_salary_annual,pensionable_salary_annual,1988000.0,0.06,5734030.9936781535,0.015,2317631.7470135675,754019.1885732011,0.07,0.03,Gompertz-Makeham,0.0002,1e-05,1.1,0.5,0.0,,0.37677966763986126,PIPELINE_06_RETIREMENT_SUMMARY,18.17932922655715,16.452696014800427,0.0,12405648.498921357,0.0,12405648.498921357,0.29229583803878423,1366248.0715504405,0.0,1366248.0715504405,155847.00441405323,OK,False
E00907,PEN_DB_01,40.89253935660506,8.71731690622861,60.0,19.107460643394937,27.824777549623548,pensionable_salary_annual,pensionable_salary_annual,1019000.0,0.06,3102451.554395306,0.015,1294875.3653929979,405675.8007882815,0.07,0.03,Gompertz-Makeham,0.0002,1e-05,1.1,0.5,0.0,,0.3603419975359982,PIPELINE_06_RETIREMENT_SUMMARY,19.107460643394937,16.452696014800427,0.0,6674460.630930331,0.0,6674460.630930331,0.27450523068407495,660209.3669817029,0.0,660209.3669817029,75735.38671170446,OK,False
E00923,PEN_DB_01,21.596167008898014,2.2806297056810405,60.0,38.403832991101986,40.68446269678303,pensionable_salary_annual,pensionable_salary_annual,452000.0,0.06,4236240.989836274,0.015,2585237.827883656,144919.4556276639,0.07,0.03,Gompertz-Makeham,0.0002,1e-05,1.1,0.5,0.0,,0.12882772709223736,PIPELINE_06_RETIREMENT_SUMMARY,38.403832991101986,16.452696014800427,0.0,2384315.7500723135,0.0,2384315.7500723135,0.07439612391684784,22851.95821827656,0.0,22851.95821827656,10020.02129558885,OK,False
E00933,PEN_DB_01,49.672826830937716,18.39561943874059,60.0,10.327173169062284,28.722792607802873,pensionable_salary_annual,pensionable_salary_annual,1480000.0,0.06,2701467.630935787,0.015,1163905.4175009176,745427.5569715628,0.07,0.03,Gompertz-Makeham,0.0002,1e-05,1.1,0.5,0.5,57.700205338809035,0.5952394424467387,PIPELINE_06_RETIREMENT_SUMMARY,10.327173169062284,16.452699135693468,1.2160121311411576,12264295.322308125,906448.9521643367,13170744.274472462,0.49722005753797016,3629802.040243829,268277.15490169503,3898079.195145524,211902.57866154233,OK,False
E00941,PEN_DB_01,33.33607118412046,6.841889117043121,60.0,26.663928815879537,33.50581793292266,pensionable_salary_annual,pensionable_salary_annual,1250000.0,0.06,5911038.704578564,0.015,2970812.799451025,606640.070749151,0.07,0.03,Gompertz-Makeham,0.0002,1e-05,1.1,0.5,0.5,60.25462012320329,0.2463511030460588,PIPELINE_06_RETIREMENT_SUMMARY,26.663928815879537,16.452696014800427,1.0665874241397877,9980864.674432807,647034.6704403156,10627899.344873123,0.16463154104901204,404795.5428421126,26241.88977629227,431037.43261840486,62999.76881307418,OK,False
E00978,PEN_DB_02,30.986995208761122,12.985626283367557,60.0,29.013004791238878,41.998631074606436,pensionable_salary_annual,pensionable_salary_annual,458000.0,0.065,2846818.499949305,0.02,2391249.598314707,739354.4227383739,0.068,0.03,Gompertz-Makeham,0.0002,1e-05,1.1,0.67,0.67,54.75154004106776,0.24570715030838625,PIPELINE_06_RETIREMENT_SUMMARY,29.013004791238878,16.8778029992237,1.9735295649196904,12478678.293583034,1459137.8122283118,13937816.105811346,0.14827301161940895,454619.95256161795,53158.928162866185,507778.8807244841,39103.14910069953,OK,False
E00984,PEN_DB_01,41.86173853524983,5.2265571526351815,60.0,18.138261464750173,23.364818617385353,pensionable_salary_annual,pensionable_salary_annual,1313000.0,0.06,3778062.401966215,0.015,1324106.1412065576,296193.8860514786,0.07,0.03,Gompertz-Makeham,0.0002,1e-05,1.1,0.5,0.0,,0.35553194851022246,PIPELINE_06_RETIREMENT_SUMMARY,18.138261464750173,16.452696014800427,0.0,4873187.968647414,0.0,4873187.968647414,0.2931091375043347,507833.2748912455,0.0,507833.2748912455,97164.01448613276,OK,False
E00996,PEN_DB_02,34.16016427104723,10.088980150581794,60.0,25.83983572895277,35.92881587953457,pensionable_salary_annual,pensionable_salary_annual,545000.0,0.065,2773996.280574848,0.02,1993328.0323057487,559735.8682501473,0.068,0.03,Gompertz-Makeham,0.0002,1e-05,1.1,0.67,0.0,,0.2705715911174948,PIPELINE_06_RETIREMENT_SUMMARY,25.83983572895277,16.87779941727805,0.0,9447109.710981961,0.0,9447109.710981961,0.18269367998962813,466986.8790374544,0.0,466986.8790374544,46286.827019926786,REVIEW_SPOUSE_DOB_MISSING,True
E00998,PEN_DB_02,36.71731690622861,7.813826146475017,60.0,23.28268309377139,31.096509240246405,pensionable_salary_annual,pensionable_salary_annual,1356000.0,0.065,5875325.608904607,0.02,3654042.341735169,918175.4572382612,0.068,0.03,Gompertz-Makeham,0.0002,1e-05,1.1,0.67,0.0,,0.2925482509744418,PIPELINE_06_RETIREMENT_SUMMARY,23.28268309377139,16.87779941727805,0.0,15496781.197134934,0.0,15496781.197134934,0.21616460217508116,979994.3799675017,0.0,979994.3799675017,125417.99133956905,OK,False
E01005,PEN_DB_02,48.20260095824778,8.766598220396988,60.0,11.797399041752222,20.563997262149208,pensionable_salary_annual,pensionable_salary_annual,1225000.0,0.065,2575077.624962392,0.02,1059077.7845909663,451493.4184875881,0.068,0.03,Gompertz-Makeham,0.0002,1e-05,1.1,0.67,0.0,,0.5153604641876667,PIPELINE_06_RETIREMENT_SUMMARY,11.797399041752222,16.87779941727805,0.0,7620215.35545469,0.0,7620215.35545469,0.46018613631511124,1807223.5391540548,0.0,1807223.5391540548,206148.7812854524,OK,False
E01026,PEN_DB_01,42.06160164271047,11.507186858316222,60.0,17.93839835728953,29.445585215605753,pensionable_salary_annual,pensionable_salary_annual,1651000.0,0.06,4695628.881259127,0.015,2073983.1054596268,810502.1843093269,0.07,0.03,Gompertz-Makeham,0.0002,1e-05,1.1,0.5,0.0,,0.3945504721124375,PIPELINE_06_RETIREMENT_SUMMARY,17.93839835728953,16.452696014800427,0.0,13334946.057773104,0.0,13334946.057773104,0.29709961610975155,1563132.9621793635,0.0,1563132.9621793635,135839.7131658369,OK,False
E01035,PEN_DB_01,49.256673511293634,6.362765229295003,60.0,10.743326488706366,17.10609171800137,pensionable_salary_annual,pensionable_salary_annual,2554000.0,0.06,4776283.156592702,0.015,1225553.0662172977,455855.52591053135,0.07,0.03,Gompertz-Makeham,0.0002,1e-05,1.1,0.5,0.5,51.59479808350445,0.5285599744414546,PIPELINE_06_RETIREMENT_SUMMARY,10.743326488706366,16.45269920834965,1.5950721046361462,7500053.850270012,727122.4331241285,8227176.283394141,0.4834154015501141,1916369.0016591344,185789.98485455956,2102158.986513694,330384.49648198223,OK,False
E01040,PEN_DB_01,50.51334702258727,11.696098562628336,60.0,9.486652977412732,21.182751540041068,pensionable_salary_annual,pensionable_salary_annual,2731000.0,0.06,4746676.805181331,0.015,1508215.1310754807,832763.9963751393,0.07,0.03,Gompertz-Makeham,0.0002,1e-05,1.1,0.5,0.0,,0.9793076882107846,REVIEW_DB_MORTALITY_ONLY_FALLBACK,9.486652977412732,16.452696014800427,0.0,13701212.884430531,0.0,13701212.884430531,0.5263156669371498,7061947.364017729,0.0,7061947.364017729,603786.581158117,REVIEW_DB_MORTALITY_ONLY_FALLBACK,True
E01041,PEN_DB_01,33.47022587268994,6.737850787132102,60.0,26.529774127310063,33.267624914442166,pensionable_salary_annual,pensionable_salary_annual,607000.0,0.06,2848049.8111060103,0.015,1421217.792802839,287846.019923281,0.07,0.03,Gompertz-Makeham,0.0002,1e-05,1.1,0.5,0.5,59.271731690622865,0.24732171523866953,PIPELINE_06_RETIREMENT_SUMMARY,26.529774127310063,16.452698200221736,1.1231987358511175,4735843.693932755,323308.28569760476,5059151.979630359,0.16613265856882348,194587.3595192142,13284.160054771002,207871.5195739852,30851.309436976062,OK,False
E01044,PEN_DB_01,44.16974674880219,9.533196440793978,60.0,15.83025325119781,25.36344969199179,pensionable_salary_annual,pensionable_salary_annual,1824000.0,0.06,4587996.62625366,0.015,1745511.3242551915,656074.0966166425,0.07,0.03,Gompertz-Makeham,0.0002,1e-05,1.1,0.5,0.0,,0.42591539423344854,PIPELINE_06_RETIREMENT_SUMMARY,15.83025325119781,16.452696014800427,0.0,10794187.674818425,0.0,10794187.674818425,0.3426473345278099,1575290.5217248942,0.0,1575290.5217248942,165242.6372946633,OK,False
E01046,PEN_DB_01,45.275838466803556,9.582477754962355,60.0,14.724161533196444,24.3066392881588,pensionable_salary_annual,pensionable_salary_annual,952000.0,0.06,2245146.0424386957,0.015,818579.3250419196,322710.9301246585,0.07,0.03,Gompertz-Makeham,0.0002,1e-05,1.1,0.5,0.5,62.75701574264203,0.4496582595435456,PIPELINE_06_RETIREMENT_SUMMARY,14.724161533196444,16.452696014800427,0.9282419941434666,5309464.833994508,299553.8373108059,5609018.671305314,0.3692738130816251,881620.8139324383,49740.02204057372,931360.835973012,97194.1558111836,OK,False
E01047,PEN_DB_01,42.168377823408626,0.9418206707734429,60.0,17.831622176591374,18.773442847364816,pensionable_salary_annual,pensionable_salary_annual,895000.0,0.06,2529692.0946200606,0.015,712365.4493967044,35737.74458108012,0.07,0.03,Gompertz-Makeham,0.0002,1e-05,1.1,0.5,0.5,57.29226557152635,0.3164048247069051,PIPELINE_06_RETIREMENT_SUMMARY,17.831622176591374,16.452699135693468,1.2405198488290459,587982.3593807708,44333.381505212565,632315.7408859833,0.29925373405886474,55673.30094968611,4197.720648041718,59871.02159772783,63569.449530727004,OK,False
E01060,PEN_DB_02,54.62286105407255,3.238877481177276,60.0,5.377138945927449,8.616016427104725,pensionable_salary_annual,pensionable_salary_annual,2833000.0,0.065,3974744.486963404,0.02,684929.2758644127,257474.20824518587,0.068,0.03,Gompertz-Makeham,0.0002,1e-05,1.1,0.67,0.67,52.643394934976044,0.6869481090705577,PIPELINE_06_RETIREMENT_SUMMARY,5.377138945927449,16.877802999809283,2.164595329004222,4345598.964294118,557327.4685065896,4902926.432800707,0.702050583130006,2095762.0967030113,268783.6115446243,2364545.7082476355,730050.9889581142,OK,False
E01067,PEN_DB_01,32.40520191649555,1.5496235455167693,60.0,27.59479808350445,29.14442162902122,pensionable_salary_annual,pensionable_salary_annual,1406000.0,0.06,7019328.425763939,0.015,3068614.00789557,163159.74903418435,0.07,0.03,Gompertz-Makeham,0.0002,1e-05,1.1,0.5,0.5,59.82203969883641,0.2023321833070772,PIPELINE_06_RETIREMENT_SUMMARY,27.59479808350445,16.452698200221736,1.0913574783599662,2684418.109283355,178065.61227579237,2862483.7215591474,0.15458259295682064,83960.63522393028,5569.364126441862,89529.99935037215,57775.32201894598,OK,False
E01072,PEN_DB_01,41.492128678986994,18.0041067761807,60.0,18.507871321013006,36.511978097193705,pensionable_salary_annual,pensionable_salary_annual,2598000.0,0.06,7638302.341087125,0.015,4183342.9166627475,2062812.164065254,0.07,0.03,Gompertz-Makeham,0.0002,1e-05,1.1,0.5,0.5,59.441478439425055,0.4088148703753773,PIPELINE_06_RETIREMENT_SUMMARY,18.507871321013006,16.452698200221736,1.1133384873177699,33938825.97911191,2296608.174361105,36235434.15347301,0.28587015930021914,3966361.76826173,268399.9400883701,4234761.708350101,235210.8749961791,OK,False
E01077,PEN_DB_01,36.31759069130732,7.200547570157426,60.0,23.682409308692677,30.882956878850102,pensionable_salary_annual,pensionable_salary_annual,553000.0,0.06,2198006.591199457,0.015,1018214.1416316171,237402.76529176888,0.07,0.03,Gompertz-Makeham,0.0002,1e-05,1.1,0.5,0.0,,0.28407925158325265,PIPELINE_06_RETIREMENT_SUMMARY,23.682409308692677,16.452696014800427,0.0,3905915.5304184873,0.0,3905915.5304184873,0.20142869998745686,223503.18271708986,0.0,223503.18271708986,31039.748094074937,OK,False
E01078,PEN_DB_01,45.69199178644764,3.780971937029432,60.0,14.308008213552363,18.088980150581794,pensionable_salary_annual,pensionable_salary_annual,539000.0,0.06,1240695.7462583412,0.015,336643.810904676,70365.53698491865,0.07,0.03,Gompertz-Makeham,0.0002,1e-05,1.1,0.5,0.0,,0.41825448890689265,PIPELINE_06_RETIREMENT_SUMMARY,14.308008213552363,16.452696014800427,0.0,1157702.7899310633,0.0,1157702.7899310633,0.379818983836569,183913.81707838408,0.0,183913.81707838408,48641.94184495277,OK,False
E01089,PEN_DB_01,42.24229979466119,6.056125941136208,60.0,17.757700205338807,23.813826146475016,pensionable_salary_annual,pensionable_salary_annual,1010000.0,0.06,2842466.4188141325,0.015,1015350.0168724979,258215.01923683204,0.07,0.03,Gompertz-Makeham,0.0002,1e-05,1.1,0.5,0.5,57.14989733059548,0.36810361827230176,PIPELINE_06_RETIREMENT_SUMMARY,17.757700205338807,16.452699135693468,1.2491097838385214,4248334.0238208985,322538.90686277894,4570872.930683677,0.3007541889446276,470327.5588689254,35707.86474284486,506035.42361177027,83557.61233010808,OK,False
E01102,PEN_DB_02,50.450376454483234,7.252566735112937,60.0,9.549623545516766,16.802190280629702,pensionable_salary_annual,pensionable_salary_annual,1247000.0,0.065,2275332.7183728823,0.02,764611.465716872,330040.0476917052,0.068,0.03,Gompertz-Makeham,0.0002,1e-05,1.1,0.67,0.67,56.32032854209445,0.5696345949554589,PIPELINE_06_RETIREMENT_SUMMARY,9.549623545516766,16.877802981487697,1.8340999890860743,5570350.900941404,605326.4478693239,6175677.348810728,0.5335256364605132,1692911.299157344,183967.58148639608,1876878.88064374,258788.22618162553,OK,False
E01105,PEN_DB_01,23.2580424366872,4.898015058179329,60.0,36.741957563312795,41.63997262149212,pensionable_salary_annual,pensionable_salary_annual,338000.0,0.06,2875436.1470134994,0.015,1795996.2365473635,211258.94320357905,0.07,0.03,Gompertz-Makeham,0.0002,1e-05,1.1,0.5,0.0,,0.15109709954074546,PIPELINE_06_RETIREMENT_SUMMARY,36.741957563312795,16.452696014800427,0.0,3475779.172936475,0.0,3475779.172936475,0.08324966359621923,43721.070954341194,0.0,43721.070954341194,8926.283491376817,OK,False
E01106,PEN_DB_01,38.332648870636554,0.648870636550308,60.0,21.667351129363446,22.316221765913753,pensionable_salary_annual,pensionable_salary_annual,930000.0,0.06,3286956.9561289675,0.015,1100286.905519803,31992.147786552985,0.07,0.03,Gompertz-Makeham,0.0002,1e-05,1.1,0.5,0.5,57.20739219712525,0.2561947128202849,PIPELINE_06_RETIREMENT_SUMMARY,21.667351129363446,16.452699135693468,1.2456385231418488,526357.182236798,39850.65172097763,566207.8339577756,0.23085079334250982,31130.212663383783,2356.877239855674,33487.08990323946,51608.268300245625,OK,False
E01107,PEN_DB_01,41.56605065023956,5.30321697467488,60.0,18.43394934976044,23.73716632443532,pensionable_salary_annual,pensionable_salary_annual,1076000.0,0.06,3149918.4473202946,0.015,1121552.0713867333,250570.5146800579,0.07,0.03,Gompertz-Makeham,0.0002,1e-05,1.1,0.5,0.0,,0.35096933661273905,PIPELINE_06_RETIREMENT_SUMMARY,18.43394934976044,16.452696014800427,0.0,4122560.5083030807,0.0,4122560.5083030807,0.2873035090913747,415697.24275122484,0.0,415697.24275122484,78385.86366282131,OK,False
E01108,PEN_DB_01,39.87132101300479,0.8295687885010267,60.0,20.12867898699521,20.95824777549624,pensionable_salary_annual,pensionable_salary_annual,1026000.0,0.06,3315285.9962623673,0.015,1042238.7803444939,41253.86681180687,0.07,0.03,Gompertz-Makeham,0.0002,1e-05,1.1,0.5,0.5,59.493497604380565,0.27970858317072556,PIPELINE_06_RETIREMENT_SUMMARY,20.12867898699521,16.452698200221736,1.1103236145340196,678737.420246802,45805.14251199043,724542.5627587924,0.2561789088691379,48635.22824655266,3282.1876243783295,51917.415870930985,62583.617646394545,OK,False
E01120,PEN_DB_01,37.24024640657084,2.028747433264887,60.0,22.75975359342916,24.788501026694046,pensionable_salary_annual,pensionable_salary_annual,559000.0,0.06,2105557.305358432,0.015,782904.1413846095,64074.65968257076,0.07,0.03,Gompertz-Makeham,0.0002,1e-05,1.1,0.5,0.0,,0.25965523914314037,PIPELINE_06_RETIREMENT_SUMMARY,22.75975359342916,16.452696014800427,0.0,1054200.8980091256,0.0,1054200.8980091256,0.21440379106654234,58688.48950193351,0.0,58688.48950193351,28928.435614819446,REVIEW_SPOUSE_DOB_MISSING,True
E01121,PEN_DB_01,50.93771389459275,14.55441478439425,60.0,9.062286105407253,23.616700889801503,pensionable_salary_annual,pensionable_salary_annual,1298000.0,0.06,2200917.094748455,0.015,779676.0106488777,480495.90454549436,0.07,0.03,Gompertz-Makeham,0.0002,1e-05,1.1,0.5,0.5,59.969883641341546,0.6196530043639981,PIPELINE_06_RETIREMENT_SUMMARY,9.062286105407253,16.452698200221736,1.0828657473960592,7905454.10392957,520312.55679640226,8425766.660725972,0.5416463236257566,2653329.4727447997,174633.9456073574,2827963.418352157,194302.79130043744,OK,False
E01123,PEN_DB_02,43.56194387405886,1.6071184120465434,60.0,16.438056125941138,18.04517453798768,pensionable_salary_annual,pensionable_salary_annual,2381000.0,0.065,6703996.563930823,0.02,2419495.761964028,215482.32624379973,0.068,0.03,Gompertz-Makeham,0.0002,1e-05,1.1,0.67,0.67,57.034907597535934,0.971838310628037,REVIEW_DB_MORTALITY_ONLY_FALLBACK,16.438056125941138,16.8778029178778,1.7715912390282147,3636868.2346286993,381746.60133893514,4018614.8359676343,0.33911277023373154,1198576.4122127783,125809.47185565435,1324385.8840684327,824074.8622759712,REVIEW_DB_MORTALITY_ONLY_FALLBACK,True
E01132,PEN_DB_02,29.388090349075977,4.101300479123887,60.0,30.611909650924023,34.71321013004791,pensionable_salary_annual,pensionable_salary_annual,2231000.0,0.065,15336395.243266765,0.02,10647510.214339731,1257983.303184866,0.068,0.03,Gompertz-Makeham,0.0002,1e-05,1.1,0.67,0.0,,0.193153021058601,PIPELINE_06_RETIREMENT_SUMMARY,30.611909650924023,16.87779941727805,0.0,21231989.86143905,0.0,21231989.86143905,0.13346868879826745,547358.1605158214,0.0,547358.1605158214,133459.65829666474,OK,False
E01144,PEN_DB_02,27.783709787816566,5.815195071868583,60.0,32.21629021218344,38.031485284052025,pensionable_salary_annual,pensionable_salary_annual,684000.0,0.065,5201864.112276059,0.02,3956692.3687133053,604997.0910047556,0.068,0.03,Gompertz-Makeham,0.0002,1e-05,1.1,0.67,0.0,,0.18823491850608695,PIPELINE_06_RETIREMENT_SUMMARY,32.21629021218344,16.87779941727805,0.0,10211019.55001498,0.0,10211019.55001498,0.12009923236169301,230839.18353172878,0.0,230839.18353172878,39695.862422299404,OK,False
E01153,PEN_DB_01,22.639288158795345,3.9425051334702257,60.0,37.360711841204655,41.30321697467488,pensionable_salary_annual,pensionable_salary_annual,259000.0,0.06,2284256.682679768,0.015,1415207.240858603,135085.40546442982,0.07,0.03,Gompertz-Makeham,0.0002,1e-05,1.1,0.5,0.0,,0.14303825307414486,PIPELINE_06_RETIREMENT_SUMMARY,37.360711841204655,16.452696014800427,0.0,2222519.1121423244,0.0,2222519.1121423244,0.0798364374417095,25380.4227017947,0.0,25380.4227017947,6437.638466548968,OK,False
E01156,PEN_DB_01,32.10951403148528,3.6331279945242985,60.0,27.890485968514717,31.523613963039015,pensionable_salary_annual,pensionable_salary_annual,1854000.0,0.06,9416784.024035215,0.015,4452765.965204989,513185.7248416727,0.07,0.03,Gompertz-Makeham,0.0002,1e-05,1.1,0.5,0.0,,0.21542348817801643,PIPELINE_06_RETIREMENT_SUMMARY,27.890485968514717,16.452696014800427,0.0,8443288.729955057,0.0,8443288.729955057,0.15152076724418528,275598.50373139034,0.0,275598.50373139034,75857.08627572744,OK,False
E01159,PEN_DB_02,55.75359342915811,8.684462696783026,60.0,4.246406570841891,12.930869267624917,pensionable_salary_annual,pensionable_salary_annual,1424000.0,0.065,1860576.5521108322,0.02,481177.44315506984,323162.15322631405,0.068,0.03,Gompertz-Makeham,0.0002,1e-05,1.1,0.67,0.67,55.68240930869268,0.7735205495391723,PIPELINE_06_RETIREMENT_SUMMARY,4.246406570841891,16.877802996251773,1.890456882146413,5454267.157998258,610924.1166159391,6065191.274614197,0.7562664682306537,3190678.9496129337,357383.0658146093,3548062.015427543,408552.8534473234,OK,False
E01161,PEN_DB_02,33.4154688569473,7.9370294318959616,60.0,26.5845311430527,34.521560574948666,pensionable_salary_annual,pensionable_salary_annual,1584000.0,0.065,8449512.969189003,0.02,5833807.475893451,1341280.6624327952,0.068,0.03,Gompertz-Makeham,0.0002,1e-05,1.1,0.67,0.67,58.18754277891854,0.2524970513593552,PIPELINE_06_RETIREMENT_SUMMARY,26.5845311430527,16.87780267710021,1.6723069764855627,22637870.35515097,2243033.00921154,24880903.36436251,0.17395889606883977,994348.2695030818,98523.2248509761,1092871.4943540578,137692.76071501194,OK,False
E01162,PEN_DB_01,41.56605065023956,4.648870636550308,60.0,18.43394934976044,23.082819986310746,pensionable_salary_annual,pensionable_salary_annual,1073000.0,0.06,3141136.1468166136,0.015,1087594.2034419249,219041.033975138,0.07,0.03,Gompertz-Makeham,0.0002,1e-05,1.1,0.5,0.5,45.50581793292265,0.34609688556619433,PIPELINE_06_RETIREMENT_SUMMARY,18.43394934976044,16.452699208350467,1.9804210232508284,3603816.246279021,433793.46863896225,4037609.714917983,0.2873035090913747,358344.92682675493,43134.18835875846,401479.1151855134,86360.56938840327,OK,False
E01164,PEN_DB_01,46.091718001368925,13.418206707734429,60.0,13.908281998631075,27.326488706365502,pensionable_salary_annual,pensionable_salary_annual,744000.0,0.06,1673146.7951031895,0.015,685818.4050071841,336759.4432361697,0.07,0.03,Gompertz-Makeham,0.0002,1e-05,1.1,0.5,0.5,56.761122518822724,0.4859518780335002,PIPELINE_06_RETIREMENT_SUMMARY,13.908281998631075,16.45269919212516,1.2726613479018354,5540601.819672247,428580.72694761533,5969182.546619862,0.3902313297028131,1050684.5326123275,81273.32651496048,1131957.859127288,84359.84657136134,OK,False
E01186,PEN_DB_02,37.28405201916495,12.569472963723477,60.0,22.715947980835047,35.285420944558524,pensionable_salary_annual,pensionable_salary_annual,833000.0,0.065,3482709.647121532,0.02,2457777.5185271627,875516.4949998606,0.068,0.03,Gompertz-Makeham,0.0002,1e-05,1.1,0.67,0.0,,0.3215192258230512,PIPELINE_06_RETIREMENT_SUMMARY,22.715947980835047,16.87779941727805,0.0,14776791.78912597,0.0,14776791.78912597,0.22437626276398406,1066016.7079025253,0.0,1066016.7079025253,84809.97659799551,OK,False
E01187,PEN_DB_01,35.86858316221766,6.308008213552362,60.0,24.13141683778234,30.439425051334702,pensionable_salary_annual,pensionable_salary_annual,446000.0,0.06,1819706.0620185048,0.015,830862.0943540754,172180.81178195626,0.07,0.03,Gompertz-Makeham,0.0002,1e-05,1.1,0.5,0.5,62.95140314852841,0.2734727590155988,PIPELINE_06_RETIREMENT_SUMMARY,24.13141683778234,16.452696014800427,0.917873953629964,2832838.555830094,158040.2824495209,2990878.838279615,0.19540146362394412,151378.32980904556,8445.194997265908,159823.52480631147,25336.60695985472,OK,False
E01195,PEN_DB_01,55.35386721423682,10.598220396988363,60.0,4.646132785763179,15.244353182751542,pensionable_salary_annual,pensionable_salary_annual,1700000.0,0.06,2228554.8709877566,0.015,509593.1631071799,354280.73534265324,0.07,0.03,Gompertz-Makeham,0.0002,1e-05,1.1,0.5,0.5,56.407939767282684,0.7637048738193056,PIPELINE_06_RETIREMENT_SUMMARY,4.646132785763179,16.45269919212516,1.2941695273884324,5828874.368157579,458499.33182122785,6287373.699978806,0.7302626135708943,3250793.0623582895,255707.42356752488,3506500.485925814,330857.47932947654,OK,False
E01202,PEN_DB_01,38.93497604380561,10.781656399726215,60.0,21.065023956194388,31.846680355920604,pensionable_salary_annual,pensionable_salary_annual,846000.0,0.06,2886948.396710777,0.015,1379095.8419112838,466891.28485614125,0.07,0.03,Gompertz-Makeham,0.0002,1e-05,1.1,0.5,0.0,,0.33862275141396103,PIPELINE_06_RETIREMENT_SUMMARY,21.065023956194388,16.452696014800427,0.0,7681620.381697686,0.0,7681620.381697686,0.24045289991994506,625459.2132842706,0.0,625459.2132842706,58011.42144542404,OK,False
E01210,PEN_DB_02,51.501711156741955,23.457905544147845,60.0,8.498288843258045,31.95619438740589,pensionable_salary_annual,pensionable_salary_annual,2616000.0,0.065,4467479.890322879,0.02,2855273.115939693,2095954.4257514812,0.068,0.03,Gompertz-Makeham,0.0002,1e-05,1.1,0.67,0.67,54.83641341546886,0.6622620078975752,PIPELINE_06_RETIREMENT_SUMMARY,8.498288843258045,16.8778029992237,1.9659175840160648,35375105.893184535,4120473.6608811305,39495579.55406567,0.5717329761924979,13394324.988686204,1560163.9041820283,14954488.892868232,637503.1592110321,OK,False
E01215,PEN_DB_01,29.828884325804243,5.341546885694729,60.0,30.171115674195757,35.51266255989049,pensionable_salary_annual,pensionable_salary_annual,1068000.0,0.06,6195515.400056718,0.015,3300288.716802287,496404.5398567004,0.07,0.03,Gompertz-Makeham,0.0002,1e-05,1.1,0.5,0.0,,0.20362548540450542,PIPELINE_06_RETIREMENT_SUMMARY,30.171115674195757,16.452696014800427,0.0,8167192.9946291745,0.0,8167192.9946291745,0.1298549904145034,215955.16493642746,0.0,215955.16493642746,40429.33059612001,OK,False
E01221,PEN_DB_01,44.369609856262834,8.56125941136208,60.0,15.630390143737166,24.191649555099247,pensionable_salary_annual,pensionable_salary_annual,1122000.0,0.06,2789545.207071312,0.015,1012255.5010136389,358230.30236188875,0.07,0.03,Gompertz-Makeham,0.0002,1e-05,1.1,0.5,0.5,57.790554414784395,0.4247453426348094,PIPELINE_06_RETIREMENT_SUMMARY,15.630390143737166,16.452699135693468,1.2106060528059799,5893855.386048657,433675.7723378188,6327531.158386475,0.34731224149481327,869457.167503625,63975.52772067183,933432.6952242969,109029.83432384852,OK,False
E01233,PEN_DB_01,28.8870636550308,3.4442162902121836,60.0,31.1129363449692,34.55715263518138,pensionable_salary_annual,pensionable_salary_annual,977000.0,0.06,5987345.762045056,0.015,3103584.3206789605,309325.7071315269,0.07,0.03,Gompertz-Makeham,0.0002,1e-05,1.1,0.5,0.5,63.80561259411362,0.18513592492473394,PIPELINE_06_RETIREMENT_SUMMARY,31.1129363449692,16.452696014800427,0.873006072068016,5089241.828998197,270043.2205725558,5359285.049570752,0.12183845839781327,114796.37742883097,6091.277347896519,120887.65477672749,35098.74078473745,OK,False
E01251,PEN_DB_01,25.65366187542779,0.9226557152635181,60.0,34.34633812457221,35.26899383983573,pensionable_salary_annual,pensionable_salary_annual,394000.0,0.06,2915144.0951859355,0.015,1542212.987030194,40345.11540360001,0.07,0.03,Gompertz-Makeham,0.0002,1e-05,1.1,0.5,0.0,,0.14397630100691133,PIPELINE_06_RETIREMENT_SUMMARY,34.34633812457221,16.452696014800427,0.0,663785.9194174731,0.0,663785.9194174731,0.09789822919224468,9356.079071901837,0.0,9356.079071901837,10140.379468878773,OK,False
E01257,PEN_DB_01,45.45927446954141,1.6372347707049966,60.0,14.540725530458587,16.177960301163584,pensionable_salary_annual,pensionable_salary_annual,950000.0,0.06,2216609.786849849,0.015,537903.3770224128,54436.659241733454,0.07,0.03,Gompertz-Makeham,0.0002,1e-05,1.1,0.5,0.5,61.19370294318959,0.3881092037058301,PIPELINE_06_RETIREMENT_SUMMARY,14.540725530458587,16.452696014800427,1.0136495107543566,895629.8065655169,55179.69300748474,950809.4995730016,0.3738854405350486,129963.39085073421,8007.035894501205,137970.42674523543,84270.39860986159,OK,False
E01258,PEN_DB_01,41.007529089664615,3.6276522929500343,60.0,18.992470910335385,22.62012320328542,pensionable_salary_annual,pensionable_salary_annual,708000.0,0.06,2141184.878248307,0.015,726507.9862048259,116512.11349811115,0.07,0.03,Gompertz-Makeham,0.0002,1e-05,1.1,0.5,0.0,,0.32845491975610047,PIPELINE_06_RETIREMENT_SUMMARY,18.992470910335385,16.452696014800427,0.0,1916938.3854263485,0.0,1916938.3854263485,0.27664922445886925,174186.05461930356,0.0,174186.05461930356,48016.193546943876,OK,False
E01261,PEN_DB_01,46.168377823408626,3.707049965776865,60.0,13.831622176591374,17.538672142368238,pensionable_salary_annual,pensionable_salary_annual,905000.0,0.06,2026141.3806403773,0.015,533037.4408370536,112665.11003643001,0.07,0.03,Gompertz-Makeham,0.0002,1e-05,1.1,0.5,0.5,61.86447638603696,0.42811044588297126,PIPELINE_06_RETIREMENT_SUMMARY,13.831622176591374,16.452696014800427,0.9765720095827296,1853644.8069034235,110025.59291813581,1963670.3998215594,0.3922606005819611,311284.1677023875,18476.69250868946,329760.860211077,88955.06218027759,OK,False
E01269,PEN_DB_02,34.57084188911704,0.8952772073921971,60.0,25.42915811088296,26.324435318275157,pensionable_salary_annual,pensionable_salary_annual,1292000.0,0.065,6408258.378783245,0.02,3373875.663901487,114743.35331209423,0.068,0.03,Gompertz-Makeham,0.0002,1e-05,1.1,0.67,0.67,60.48186173853525,0.21664706042036264,PIPELINE_06_RETIREMENT_SUMMARY,25.42915811088296,16.87779941727805,1.481281342128059,1936615.3016673937,169967.188394413,2106582.4900618065,0.18769689912608367,78750.48869442938,6911.542595245379,85662.03128967476,95682.13127998076,OK,False
E01286,PEN_DB_02,45.4072553045859,4.1095140314852845,60.0,14.592744695414098,18.70225872689938,pensionable_salary_annual,pensionable_salary_annual,2183000.0,0.065,5472169.982958519,0.02,2046838.7763772558,449759.18655281246,0.068,0.03,Gompertz-Makeham,0.0002,1e-05,1.1,0.67,0.0,,0.41515478258998806,PIPELINE_06_RETIREMENT_SUMMARY,14.592744695414098,16.87779941727805,0.0,7590945.3367165085,0.0,7590945.3367165085,0.38288381084766854,1206626.650431032,0.0,1206626.650431032,293617.8441505226,REVIEW_SPOUSE_DOB_MISSING,True
E01288,PEN_DB_01,41.19644079397673,7.734428473648186,60.0,18.803559206023273,26.53798767967146,pensionable_salary_annual,pensionable_salary_annual,1396000.0,0.06,4175666.0066013234,0.015,1662206.5955641328,484445.8508685313,0.07,0.03,Gompertz-Makeham,0.0002,1e-05,1.1,0.5,0.0,,0.36013847857736364,PIPELINE_06_RETIREMENT_SUMMARY,18.803559206023273,16.452696014800427,0.0,7970440.319971288,0.0,7970440.319971288,0.28020791371694653,804326.2385951586,0.0,804326.2385951586,103992.9765121705,OK,False
E01292,PEN_DB_01,26.11088295687885,5.960301163586585,60.0,33.889117043121146,39.84941820670773,pensionable_salary_annual,pensionable_salary_annual,366000.0,0.06,2636783.7601952595,0.015,1576114.4817101436,235740.3797102702,0.07,0.03,Gompertz-Makeham,0.0002,1e-05,1.1,0.5,0.0,,0.17563441360218948,PIPELINE_06_RETIREMENT_SUMMARY,33.889117043121146,16.452696014800427,0.0,3878564.8057867023,0.0,3878564.8057867023,0.10097403674592395,68784.46856935967,0.0,68784.46856935967,11540.435068883151,OK,False
E01297,PEN_DB_02,29.95482546201232,8.588637919233403,60.0,30.04517453798768,38.63381245722108,pensionable_salary_annual,pensionable_salary_annual,416000.0,0.065,2759415.3113624696,0.02,2132134.6726152394,473992.3795616191,0.068,0.03,Gompertz-Makeham,0.0002,1e-05,1.1,0.67,0.0,,0.21934968712151492,PIPELINE_06_RETIREMENT_SUMMARY,30.04517453798768,16.87779941727805,0.0,7999948.307559332,0.0,7999948.307559332,0.1385388971516665,243106.13910116316,0.0,243106.13910116316,28305.552217628254,OK,False
E01310,PEN_DB_01,39.945242984257355,8.895277207392198,60.0,20.054757015742645,28.950034223134843,pensionable_salary_annual,pensionable_salary_annual,654000.0,0.06,2104169.5294729215,0.015,913736.6983427792,280757.5688401446,0.07,0.03,Gompertz-Makeham,0.0002,1e-05,1.1,0.5,0.0,,0.3455933270355293,PIPELINE_06_RETIREMENT_SUMMARY,20.054757015742645,16.452696014800427,0.0,4619218.933981304,0.0,4619218.933981304,0.2574633870617023,411007.1463810789,0.0,411007.1463810789,46205.09701929489,OK,False
E01319,PEN_DB_01,25.61533196440794,3.5044490075290895,60.0,34.38466803559206,37.889117043121146,pensionable_salary_annual,pensionable_salary_annual,1490000.0,0.06,11048925.490940213,0.015,6279510.466904378,580805.9395648243,0.07,0.03,Gompertz-Makeham,0.0002,1e-05,1.1,0.5,0.0,,0.1604872278000935,PIPELINE_06_RETIREMENT_SUMMARY,34.38466803559206,16.452696014800427,0.0,9555823.567250604,0.0,9555823.567250604,0.09764467374306102,149746.6641446208,0.0,149746.6641446208,42730.44459283026,OK,False
E01363,PEN_DB_01,33.43189596167009,14.368240930869268,60.0,26.568104038329913,40.93634496919918,pensionable_salary_annual,pensionable_salary_annual,808000.0,0.06,3799620.497919824,0.015,2333138.6318232943,818907.9413997222,0.07,0.03,Gompertz-Makeham,0.0002,1e-05,1.1,0.5,0.0,,0.27765468621440587,PIPELINE_06_RETIREMENT_SUMMARY,26.568104038329913,16.452696014800427,0.0,13473243.423955632,0.0,13473243.423955632,0.16570237661975182,619877.5410440904,0.0,619877.5410440904,43142.201194046116,OK,False
E01365,PEN_DB_01,34.902121834360024,16.681724845995895,60.0,25.097878165639976,41.77960301163587,pensionable_salary_annual,pensionable_salary_annual,734000.0,0.06,3168251.0188864153,0.015,1985524.0471542792,792778.3761016398,0.07,0.03,Gompertz-Makeham,0.0002,1e-05,1.1,0.5,0.5,57.535934291581114,0.3033659518930438,PIPELINE_06_RETIREMENT_SUMMARY,25.097878165639976,16.452699135693468,1.2258618337882485,13043344.103283921,971836.753915626,14015180.857199548,0.1830330545953313,724244.6833994215,53962.204522254106,778206.8879216756,46650.26519175972,OK,False
E01375,PEN_DB_01,44.167008898015055,10.012320328542094,60.0,15.832991101984945,25.84531143052704,pensionable_salary_annual,pensionable_salary_annual,942000.0,0.06,2369836.8176007266,0.015,918737.5588562982,355913.48016286886,0.07,0.03,Gompertz-Makeham,0.0002,1e-05,1.1,0.5,0.0,,0.4283309957420618,PIPELINE_06_RETIREMENT_SUMMARY,15.832991101984945,16.452696014800427,0.0,5855736.296689384,0.0,5855736.296689384,0.3425838686592716,859266.5841908283,0.0,859266.5841908283,85820.92422086408,REVIEW_SPOUSE_DOB_MISSING,True
E01379,PEN_DB_02,52.03285420944559,13.478439425051334,60.0,7.967145790554412,21.445585215605746,pensionable_salary_annual,pensionable_salary_annual,2512000.0,0.065,4148756.5160466777,0.02,1779450.2280735727,1118375.2678164432,0.068,0.03,Gompertz-Makeham,0.0002,1e-05,1.1,0.67,0.0,,0.6505600749432815,PIPELINE_06_RETIREMENT_SUMMARY,7.967145790554412,16.87779941727805,0.0,18875713.44345055,0.0,18875713.44345055,0.5920640128690121,7270419.111312486,0.0,7270419.111312486,539411.0461927454,OK,False
E01382,PEN_DB_01,41.11978097193703,14.283367556468173,60.0,18.880219028062967,33.16358658453114,pensionable_salary_annual,pensionable_salary_annual,1063000.0,0.06,3193842.8509971937,0.015,1588789.2588964682,684282.470375867,0.07,0.03,Gompertz-Makeham,0.0002,1e-05,1.1,0.5,0.5,57.596167008898014,0.3890998364211896,PIPELINE_06_RETIREMENT_SUMMARY,18.880219028062967,16.452699135693468,1.2222472344962203,11258293.608923217,836362.3570311452,12094655.965954363,0.27875832189312083,1221128.7610865154,90715.8903771494,1311844.6514636648,91844.21294749923,OK,False
E01407,PEN_DB_01,52.0082135523614,2.543463381245722,60.0,7.991786447638603,10.535249828884325,pensionable_salary_annual,pensionable_salary_annual,1236000.0,0.06,1969053.615895852,0.015,311167.0765489625,75123.23651610868,0.07,0.03,Gompertz-Makeham,0.0002,1e-05,1.1,0.5,0.0,,0.5773145227017364,PIPELINE_06_RETIREMENT_SUMMARY,7.991786447638603,16.452696014800427,0.0,1235979.7740474911,0.0,1235979.7740474911,0.582332627299791,415522.9065756462,0.0,415522.9065756462,163368.9360890794,OK,False
E01410,PEN_DB_02,46.784394250513344,12.8870636550308,60.0,13.215605749486656,26.102669404517457,pensionable_salary_annual,pensionable_salary_annual,998000.0,0.065,2293887.818096081,0.02,1197531.9073362374,591229.5665860781,0.068,0.03,Gompertz-Makeham,0.0002,1e-05,1.1,0.67,0.0,,0.5000336495887981,PIPELINE_06_RETIREMENT_SUMMARY,13.215605749486656,16.87779941727805,0.0,9978654.034404065,0.0,9978654.034404065,0.4191925818502602,2091629.6295173522,0.0,2091629.6295173522,162304.59362252237,REVIEW_SPOUSE_DOB_MISSING,True
E01416,PEN_DB_02,45.93018480492813,11.592060232717317,60.0,14.069815195071868,25.661875427789184,pensionable_salary_annual,pensionable_salary_annual,718000.0,0.065,1741519.6187866163,0.02,893813.1902470612,403756.0063486672,0.068,0.03,Gompertz-Makeham,0.0002,1e-05,1.1,0.67,0.0,,0.47425224889933104,PIPELINE_06_RETIREMENT_SUMMARY,14.069815195071868,16.87779941727805,0.0,6814512.888674049,0.0,6814512.888674049,0.39628511022454393,1280713.4514637399,0.0,1280713.4514637399,110481.95279809421,OK,False
E01418,PEN_DB_01,33.880903490759756,0.9691991786447639,60.0,26.119096509240244,27.088295687885008,pensionable_salary_annual,pensionable_salary_annual,1274000.0,0.06,5836275.239648046,0.015,2371421.241112023,84847.69752917488,0.07,0.03,Gompertz-Makeham,0.0002,1e-05,1.1,0.5,0.0,,0.21055020051495718,PIPELINE_06_RETIREMENT_SUMMARY,26.119096509240244,16.452696014800427,0.0,1395973.3750032475,0.0,1395973.3750032475,0.17081353275625416,50205.93614389572,0.0,50205.93614389572,51801.46377558732,OK,False
E01420,PEN_DB_01,39.728952772073924,5.223819301848049,60.0,20.271047227926076,25.494866529774125,pensionable_salary_annual,pensionable_salary_annual,1104000.0,0.06,3597041.6234378763,0.015,1375591.4413738602,281854.4319309843,0.07,0.03,Gompertz-Makeham,0.0002,1e-05,1.1,0.5,0.5,56.35318275154004,0.32053083352610323,PIPELINE_06_RETIREMENT_SUMMARY,20.271047227926076,16.45269919212516,1.297513424702841,4637266.184527801,365709.90924244525,5002976.093770247,0.25372312676967834,377130.7053203612,29741.755277154243,406872.46059751546,77887.92779520048,OK,False
E01438,PEN_DB_01,49.158110882956876,6.707734428473648,60.0,10.841889117043124,17.549623545516774,pensionable_salary_annual,pensionable_salary_annual,2240000.0,0.06,4213193.48108086,0.015,1109099.3927609166,423914.7445030023,0.07,0.03,Gompertz-Makeham,0.0002,1e-05,1.1,0.5,0.0,,0.5282465208878008,PIPELINE_06_RETIREMENT_SUMMARY,10.841889117043124,16.452696014800427,0.0,6974540.427499687,0.0,6974540.427499687,0.48020241571598743,1769198.5790059394,0.0,1769198.5790059394,263755.0126456814,OK,False
E01444,PEN_DB_02,36.50924024640657,18.42299794661191,60.0,23.49075975359343,41.91375770020534,pensionable_salary_annual,pensionable_salary_annual,979000.0,0.065,4297795.60469815,0.02,3602735.272406515,1583565.5920062345,0.068,0.03,Gompertz-Makeham,0.0002,1e-05,1.1,0.67,0.0,,0.3304311168435178,PIPELINE_06_RETIREMENT_SUMMARY,23.49075975359343,16.87779941727805,0.0,26727102.425984398,0.0,26727102.425984398,0.21322570898858817,1883095.664209106,0.0,1883095.664209106,102214.39907153751,OK,False
E01453,PEN_DB_02,26.46132785763176,4.142368240930869,60.0,33.53867214236824,37.68104038329911,pensionable_salary_annual,pensionable_salary_annual,832000.0,0.065,6876902.304702369,0.02,5182576.669109854,569733.2340596678,0.068,0.03,Gompertz-Makeham,0.0002,1e-05,1.1,0.67,0.0,,0.16988815481825653,PIPELINE_06_RETIREMENT_SUMMARY,33.53867214236824,16.87779941727805,0.0,9615843.245816201,0.0,9615843.245816201,0.11009259870606228,179849.23616646076,0.0,179849.23616646076,43417.00826820872,OK,False
E01455,PEN_DB_01,39.79192334017796,7.222450376454483,60.0,20.20807665982204,27.430527036276523,pensionable_salary_annual,pensionable_salary_annual,761000.0,0.06,2470401.384127611,0.015,1016466.1793665105,267635.27110179205,0.07,0.03,Gompertz-Makeham,0.0002,1e-05,1.1,0.5,0.0,,0.33408318267162507,PIPELINE_06_RETIREMENT_SUMMARY,20.20807665982204,16.452696014800427,0.0,4403321.758276486,0.0,4403321.758276486,0.2548064210983194,374839.5463422597,0.0,374839.5463422597,51899.22073597816,OK,False
E01456,PEN_DB_01,46.809034907597535,4.9281314168377826,60.0,13.190965092402465,18.119096509240247,pensionable_salary_annual,pensionable_salary_annual,1626000.0,0.06,3506948.002108233,0.015,953140.9395462952,259240.50939609116,0.07,0.03,Gompertz-Makeham,0.0002,1e-05,1.1,0.5,0.0,,0.4540247194817413,PIPELINE_06_RETIREMENT_SUMMARY,13.190965092402465,16.452696014800427,0.0,4265205.295815902,0.0,4265205.295815902,0.40963741254073943,793266.3878187136,0.0,793266.3878187136,160966.9711948806,OK,False
E01457,PEN_DB_02,38.51334702258727,7.444216290212183,60.0,21.48665297741273,28.930869267624914,pensionable_salary_annual,pensionable_salary_annual,607000.0,0.065,2348768.546354798,0.02,1359038.3150900016,349694.8214942476,0.068,0.03,Gompertz-Makeham,0.0002,1e-05,1.1,0.67,0.0,,0.31583538768676955,PIPELINE_06_RETIREMENT_SUMMARY,21.48665297741273,16.87779941727805,0.0,5902079.054440765,0.0,5902079.054440765,0.24327607945393956,453487.39428168884,0.0,453487.39428168884,60918.0841343828,OK,False
E01475,PEN_DB_01,34.92950034223135,16.928131416837783,60.0,25.07049965776865,41.998631074606436,pensionable_salary_annual,pensionable_salary_annual,868000.0,0.06,3740678.742299676,0.015,2356550.7969970033,949840.5200673058,0.07,0.03,Gompertz-Makeham,0.0002,1e-05,1.1,0.5,0.5,65.25119780971937,0.3044839622164163,PIPELINE_06_RETIREMENT_SUMMARY,25.07049965776865,16.452696014800427,0.7997509343388373,15627437.339207327,759635.8433967149,16387073.182604041,0.18337241793518172,872541.7171461697,42413.47757896488,914955.1947251346,54049.391051812294,OK,False
E01478,PEN_DB_01,55.16495550992471,9.264887063655031,60.0,4.8350444900752905,14.099931553730322,pensionable_salary_annual,pensionable_salary_annual,670000.0,0.06,888034.3951797148,0.015,187818.36284088425,123413.07569971889,0.07,0.03,Gompertz-Makeham,0.0002,1e-05,1.1,0.5,0.5,60.46543463381246,0.7504612140996998,PIPELINE_06_RETIREMENT_SUMMARY,4.8350444900752905,16.452696014800427,1.0546024740006112,2030477.8187390284,130151.73495694826,2160629.5536959767,0.7209881513188562,1098638.0312082074,70421.67342671775,1169059.7046349251,126181.75446746642,OK,False
E01483,PEN_DB_01,47.14579055441479,0.865160848733744,60.0,12.854209445585212,13.719370294318956,pensionable_salary_annual,pensionable_salary_annual,1529000.0,0.06,3233660.1729112105,0.015,665456.7197724055,41964.54269568552,0.07,0.03,Gompertz-Makeham,0.0002,1e-05,1.1,0.5,0.5,61.67282683093771,0.41151023044706364,PIPELINE_06_RETIREMENT_SUMMARY,12.854209445585212,16.452696014800427,0.9871009256102974,690429.8643722276,41423.238937724025,731853.1033099516,0.41907790804575595,119067.9762898107,7143.638313166924,126211.61460297763,145882.2539042328,OK,False
E01484,PEN_DB_01,43.115674195756334,18.792607802874745,60.0,16.884325804243666,35.676933607118414,pensionable_salary_annual,pensionable_salary_annual,2042000.0,0.06,5461704.654233656,0.015,2922853.1149617564,1539595.1025322306,0.07,0.03,Gompertz-Makeham,0.0002,1e-05,1.1,0.5,0.0,,0.4419639300648232,PIPELINE_06_RETIREMENT_SUMMARY,16.884325804243666,16.452696014800427,0.0,25330490.207838286,0.0,25330490.207838286,0.3190617362662624,3571948.145433176,0.0,3571948.145433176,190071.97845563333,OK,False
E01492,PEN_DB_02,32.81587953456537,9.856262833675565,60.0,27.18412046543463,37.040383299110196,pensionable_salary_annual,pensionable_salary_annual,1207000.0,0.065,6686245.252375081,0.02,4953221.7395965755,1318027.811556484,0.068,0.03,Gompertz-Makeham,0.0002,1e-05,1.1,0.67,0.67,56.17796030116358,0.25406145087726706,PIPELINE_06_RETIREMENT_SUMMARY,27.18412046543463,16.877802981487697,1.846633658429279,22245413.727571733,2433914.5195660866,24679328.24713782,0.16723055263841402,945137.2633553414,103409.32906149312,1048546.5924168346,106383.78968895799,OK,False
E01493,PEN_DB_02,31.786447638603697,8.396988364134154,60.0,28.213552361396303,36.610540725530456,pensionable_salary_annual,pensionable_salary_annual,1595000.0,0.065,9427364.053363245,0.02,6902817.912201139,1583229.3252109555,0.068,0.03,Gompertz-Makeham,0.0002,1e-05,1.1,0.67,0.0,,0.236854515159083,PIPELINE_06_RETIREMENT_SUMMARY,28.213552361396303,16.87779941727805,0.0,26721426.982462987,0.0,26721426.982462987,0.15628002287757475,989110.4288085423,0.0,989110.4288085423,117793.47379273559,OK,False
E01494,PEN_DB_01,40.93908281998631,6.8172484599589325,60.0,19.06091718001369,25.87816563997262,pensionable_salary_annual,pensionable_salary_annual,3187000.0,0.06,9676873.536538873,0.015,3756296.0438343086,989544.7682128046,0.07,0.03,Gompertz-Makeham,0.0002,1e-05,1.1,0.5,0.5,55.19507186858316,0.9698970712929087,REVIEW_DB_MORTALITY_ONLY_FALLBACK,19.06091718001369,16.452699205198666,1.3687758555951435,16280682.421483308,1354464.9867601795,17635147.40824349,0.27537102878754155,4348269.966844892,361752.613962951,4710022.580807843,690897.8906184998,REVIEW_DB_MORTALITY_ONLY_FALLBACK,True
E01495,PEN_DB_01,47.71800136892539,5.25119780971937,60.0,12.281998631074607,17.53319644079398,pensionable_salary_annual,pensionable_salary_annual,954000.0,0.06,1951438.9866047439,0.015,513224.44641547353,153710.88198389727,0.07,0.03,Gompertz-Makeham,0.0002,1e-05,1.1,0.5,0.0,,0.4789713027341021,PIPELINE_06_RETIREMENT_SUMMARY,12.281998631074607,16.452696014800427,0.0,2528958.415447925,0.0,2528958.415447925,0.43562067406118105,527666.6720247692,0.0,527666.6720247692,100485.01144788685,OK,False
E01514,PEN_DB_01,54.836413415468854,4.468172484599589,60.0,5.163586584531146,9.631759069130734,pensionable_salary_annual,pensionable_salary_annual,1583000.0,0.06,2138700.3536844603,0.015,308991.6979163011,143341.2310970447,0.07,0.03,Gompertz-Makeham,0.0002,1e-05,1.1,0.5,0.5,61.82067077344285,0.7079945913176687,PIPELINE_06_RETIREMENT_SUMMARY,5.163586584531146,16.452696014800427,0.9789739947649375,2358349.7016269346,140327.33762159795,2498677.0392485326,0.705138325109315,1177368.6386708166,70056.19495270951,1247424.8336235262,279180.0983339418,OK,False
E01521,PEN_DB_02,42.16016427104723,9.253935660506503,60.0,17.83983572895277,27.093771389459274,pensionable_salary_annual,pensionable_salary_annual,724000.0,0.065,2226645.483654869,0.02,1206564.4739903398,412104.6808899908,0.068,0.03,Gompertz-Makeham,0.0002,1e-05,1.1,0.67,0.67,65.11978097193702,0.38548928036000857,PIPELINE_06_RETIREMENT_SUMMARY,17.83983572895277,16.87779941727805,1.128301405693549,6955420.142982645,464978.2907410681,7420398.433723713,0.30923849102161854,829142.5824499172,55429.18944402861,884571.7718939459,95588.70996575848,OK,False
E01524,PEN_DB_01,37.12251882272416,12.985626283367557,60.0,22.87748117727584,35.8631074606434,pensionable_salary_annual,pensionable_salary_annual,1648000.0,0.06,6250167.605782559,0.015,3362256.487398183,1217435.1110565371,0.07,0.03,Gompertz-Makeham,0.0002,1e-05,1.1,0.5,0.0,,0.3208185164301882,PIPELINE_06_RETIREMENT_SUMMARY,22.87748117727584,16.452696014800427,0.0,20030089.799958006,0.0,20030089.799958006,0.2127027863534363,1366833.144798937,0.0,1366833.144798937,105257.39113173341,OK,False
E01530,PEN_DB_01,39.04175222450377,8.681724845995893,60.0,20.958247775496233,29.639972621492127,pensionable_salary_annual,pensionable_salary_annual,623000.0,0.06,2112781.7705749627,0.015,939341.9075254434,275138.8498765177,0.07,0.03,Gompertz-Makeham,0.0002,1e-05,1.1,0.5,0.5,55.411362080766594,0.33030547227879675,PIPELINE_06_RETIREMENT_SUMMARY,20.958247775496233,16.452699205198666,1.3553933606295643,4526776.736682658,372921.37037388654,4899698.107056545,0.242196301390523,362136.54254831927,29833.24859280504,391969.7911411243,45148.8382889611,OK,False
E01537,PEN_DB_01,37.61533196440794,9.034907597535934,60.0,22.384668035592057,31.41957563312799,pensionable_salary_annual,pensionable_salary_annual,774000.0,0.06,2852360.108287454,0.015,1344299.162328822,386562.15019912104,0.07,0.03,Gompertz-Makeham,0.0002,1e-05,1.1,0.5,0.0,,0.31099489232496685,PIPELINE_06_RETIREMENT_SUMMARY,22.384668035592057,16.452696014800427,0.0,6359989.548053763,0.0,6359989.548053763,0.21991451291094594,434974.2512429195,0.0,434974.2512429195,48143.740989841324,OK,False
E01545,PEN_DB_02,29.451060917180012,4.418891170431212,60.0,30.548939082819988,34.9678302532512,pensionable_salary_annual,pensionable_salary_annual,1048000.0,0.065,7175675.397224723,0.02,5018355.9848517,634170.5730935361,0.068,0.03,Gompertz-Makeham,0.0002,1e-05,1.1,0.67,0.67,61.555099247091036,0.19544828247550694,PIPELINE_06_RETIREMENT_SUMMARY,30.548939082819988,16.87779941727805,1.3953680376898452,10703403.729012972,884901.348138172,11588305.077151144,0.13402275525775703,280370.49444568227,23179.563697166916,303550.0581428492,68693.71668939013,OK,False
E01547,PEN_DB_01,32.33401779603012,10.171115674195756,60.0,27.665982203969882,37.837097878165636,pensionable_salary_annual,pensionable_salary_annual,982000.0,0.06,4922923.712793247,0.015,2794037.1955155097,751074.3980709204,0.07,0.03,Gompertz-Makeham,0.0002,1e-05,1.1,0.5,0.0,,0.24999141851532958,PIPELINE_06_RETIREMENT_SUMMARY,27.665982203969882,16.452696014800427,0.0,12357198.755960062,0.0,12357198.755960062,0.15383987894033585,475241.17650517577,0.0,475241.17650517577,46724.586734459066,OK,False
E01553,PEN_DB_01,48.50924024640657,7.728952772073922,60.0,11.49075975359343,19.21971252566735,pensionable_salary_annual,pensionable_salary_annual,1237000.0,0.06,2416313.7082352825,0.015,696612.8226616706,280133.61800197954,0.07,0.03,Gompertz-Makeham,0.0002,1e-05,1.1,0.5,0.5,60.88158795345654,0.5172650847582033,PIPELINE_06_RETIREMENT_SUMMARY,11.49075975359343,16.452696014800427,1.031113993828062,4608953.260512794,288849.6936635258,4897802.95417632,0.4595767715491182,1095654.2774732285,68666.22083602169,1164320.4983092502,150644.01771429458,OK,False
E01574,PEN_DB_01,40.54757015742642,11.173169062286105,60.0,19.45242984257358,30.625598904859686,pensionable_salary_annual,pensionable_salary_annual,599000.0,0.06,1860747.272441028,0.015,854797.4944363588,311856.6578575702,0.07,0.03,Gompertz-Makeham,0.0002,1e-05,1.1,0.5,0.5,58.90759753593429,0.3664049444108162,PIPELINE_06_RETIREMENT_SUMMARY,19.45242984257358,16.452698921686956,1.14446440948218,5130883.6984541435,356908.84577805037,5487792.544232193,0.2681724292380747,504159.113609579,35069.757550944414,539228.8711605234,48261.050034643755,OK,False
E01588,PEN_DB_01,54.064339493497606,9.366187542778919,60.0,5.935660506502394,15.301848049281313,pensionable_salary_annual,pensionable_salary_annual,2630000.0,0.06,3716745.0655970997,0.015,853096.0234752438,522175.9699962085,0.07,0.03,Gompertz-Makeham,0.0002,1e-05,1.1,0.5,0.5,59.88774811772758,0.7062770493196399,PIPELINE_06_RETIREMENT_SUMMARY,5.935660506502394,16.452698200221736,1.087580039300861,8591203.64175566,567908.1619704417,9159111.803726101,0.6692492162500316,4060850.288913067,268436.19587889017,4329286.484791957,462225.0478135815,OK,False
E01589,PEN_DB_01,31.912388774811774,2.346338124572211,60.0,28.087611225188226,30.433949349760436,pensionable_salary_annual,pensionable_salary_annual,595000.0,0.06,3057019.936465491,0.015,1395557.8486139793,107592.0363675945,0.07,0.03,Gompertz-Makeham,0.0002,1e-05,1.1,0.5,0.0,,0.2044440149377241,PIPELINE_06_RETIREMENT_SUMMARY,28.087611225188226,16.452696014800427,0.0,1770179.0679693846,0.0,1770179.0679693846,0.14951331682675084,54109.24550735351,0.0,54109.24550735351,23061.145766115365,OK,False
E01598,PEN_DB_02,32.90622861054072,11.24435318275154,60.0,27.093771389459278,38.338124572210816,pensionable_salary_annual,pensionable_salary_annual,1357000.0,0.065,7474529.638103641,0.02,5731188.9676859835,1680925.0225156278,0.068,0.03,Gompertz-Makeham,0.0002,1e-05,1.1,0.67,0.0,,0.2605046024899939,PIPELINE_06_RETIREMENT_SUMMARY,27.093771389459278,16.87779941727805,0.0,28370315.365502357,0.0,28370315.365502357,0.1682275078399517,1243301.8370281784,0.0,1243301.8370281784,110571.2188883716,OK,False
E01607,PEN_DB_01,40.98562628336756,22.321697467488022,60.0,19.01437371663244,41.33607118412046,pensionable_salary_annual,pensionable_salary_annual,1664000.0,0.06,5038816.018533931,0.015,3124272.8643870754,1687123.9014007037,0.07,0.03,Gompertz-Makeham,0.0002,1e-05,1.1,0.5,0.5,57.804243668720055,0.41261123610927186,PIPELINE_06_RETIREMENT_SUMMARY,19.01437371663244,16.452699135693468,1.2097876548584794,27757741.95438315,2041061.6681312458,29798803.622514397,0.2762395576453697,3163814.8076904337,232639.28094926613,3396454.0886397,152159.31017731517,OK,False
E01609,PEN_DB_01,41.92470910335387,4.418891170431212,60.0,18.07529089664613,22.494182067077343,pensionable_salary_annual,pensionable_salary_annual,3794000.0,0.06,10876976.809955286,0.015,3670030.450537685,720962.6517974469,0.07,0.03,Gompertz-Makeham,0.0002,1e-05,1.1,0.5,0.5,61.46201232032854,0.35045397211435664,PIPELINE_06_RETIREMENT_SUMMARY,18.07529089664613,16.452696014800427,0.9987428370613192,11861779.348047802,720056.2842714341,12581835.632319236,0.2943605940442803,1223659.2527416472,74280.89065646978,1297940.143398117,293725.30196788243,OK,False
E01615,PEN_DB_02,38.78165639972622,3.463381245722108,60.0,21.218343600273784,24.68172484599589,pensionable_salary_annual,pensionable_salary_annual,643000.0,0.065,2446382.424703268,0.02,1207618.7574921264,169455.10019162952,0.068,0.03,Gompertz-Makeham,0.0002,1e-05,1.1,0.67,0.0,,0.29325256987854553,PIPELINE_06_RETIREMENT_SUMMARY,21.218343600273784,16.87779941727805,0.0,2860029.1912690788,0.0,2860029.1912690788,0.24760838257816375,207671.85194194946,0.0,207671.85194194946,59962.16910813994,OK,False
E01634,PEN_DB_02,39.455167693360714,3.293634496919918,60.0,20.544832306639286,23.838466803559204,pensionable_salary_annual,pensionable_salary_annual,780000.0,0.065,2844380.601227679,0.02,1356113.4507810757,187367.00141146602,0.068,0.03,Gompertz-Makeham,0.0002,1e-05,1.1,0.67,0.67,57.492128678986994,0.3015512831587538,PIPELINE_06_RETIREMENT_SUMMARY,20.544832306639286,16.8778029178778,1.7319695613513038,3162343.3231364554,324513.9432463259,3486857.2663827813,0.2588263003773349,246819.00843292047,25328.119533610497,272147.12796653097,82628.21154594797,OK,False
E01636,PEN_DB_01,29.300479123887747,1.5441478439425051,60.0,30.699520876112253,32.24366872005476,pensionable_salary_annual,pensionable_salary_annual,1297000.0,0.06,7759217.307825628,0.015,3752784.4860066697,179720.68014840467,0.07,0.03,Gompertz-Makeham,0.0002,1e-05,1.1,0.5,0.0,,0.17536521503427227,PIPELINE_06_RETIREMENT_SUMMARY,30.699520876112253,16.452696014800427,0.0,2956889.71805488,0.0,2956889.71805488,0.1252945277433285,64969.673275383844,0.0,64969.673275383844,42074.77511318077,OK,False
E01640,PEN_DB_01,48.79671457905544,5.716632443531828,60.0,11.20328542094456,16.91991786447639,pensionable_salary_annual,pensionable_salary_annual,966000.0,0.06,1855606.8104627575,0.015,470950.7223268929,159117.3314269502,0.07,0.03,Gompertz-Makeham,0.0002,1e-05,1.1,0.5,0.5,59.36481861738535,0.5109848509222761,PIPELINE_06_RETIREMENT_SUMMARY,11.20328542094456,16.452698200221736,1.1177873036888026,2617909.432392269,177859.33286588825,2795768.765258157,0.4686030941108509,626856.0108322713,42588.254012942394,669444.2648452137,117104.65408750686,OK,False
E01641,PEN_DB_01,38.992470910335385,2.3381245722108144,60.0,21.007529089664615,23.34565366187543,pensionable_salary_annual,pensionable_salary_annual,1312000.0,0.06,4462184.62776596,0.015,1562589.2534275297,156497.15285881437,0.07,0.03,Gompertz-Makeham,0.0002,1e-05,1.1,0.5,0.0,,0.2860156221258505,PIPELINE_06_RETIREMENT_SUMMARY,21.007529089664615,16.452696014800427,0.0,2574800.0831678286,0.0,2574800.0831678286,0.24139008936655337,177767.63918156375,0.0,177767.63918156375,76030.01195675194,OK,False
E01643,PEN_DB_01,41.87542778918549,17.89185489390828,60.0,18.124572210814513,36.016427104722794,pensionable_salary_annual,pensionable_salary_annual,1282000.0,0.06,3685920.8704986265,0.015,1991305.5051913525,989219.4204808428,0.07,0.03,Gompertz-Makeham,0.0002,1e-05,1.1,0.5,0.5,60.03285420944559,0.4154450485123206,PIPELINE_06_RETIREMENT_SUMMARY,18.124572210814513,16.452696014800427,1.079256083947287,16275326.417108351,1067621.077912759,17342947.495021112,0.29338073989729774,1983694.9797145396,130125.47448920798,2113820.4542037477,118144.28781911534,OK,False
E01647,PEN_DB_01,33.711156741957566,2.113620807665982,60.0,26.288843258042434,28.402464065708415,pensionable_salary_annual,pensionable_salary_annual,1420000.0,0.06,6569771.575616676,0.015,2798965.516445478,208290.08855753898,0.07,0.03,Gompertz-Makeham,0.0002,1e-05,1.1,0.5,0.0,,0.22026688025354887,PIPELINE_06_RETIREMENT_SUMMARY,26.288843258042434,16.452696014800427,0.0,3426933.50993305,0.0,3426933.50993305,0.16886298968629404,127464.53120994338,0.0,127464.53120994338,60306.24355496349,OK,False
E01648,PEN_DB_02,37.68377823408624,7.12662559890486,60.0,22.31622176591376,29.44284736481862,pensionable_salary_annual,pensionable_salary_annual,283000.0,0.065,1153788.8769253336,0.02,679416.5958907619,164452.42692055544,0.068,0.03,Gompertz-Makeham,0.0002,1e-05,1.1,0.67,0.0,,0.3021623337784574,PIPELINE_06_RETIREMENT_SUMMARY,22.31622176591376,16.87779941727805,0.0,2775595.075249712,0.0,2775595.075249712,0.23035497107015462,193194.17291761594,0.0,193194.17291761594,27108.78665315375,OK,False
E01652,PEN_DB_01,41.76043805612594,3.9890485968514717,60.0,18.239561943874058,22.22861054072553,pensionable_salary_annual,pensionable_salary_annual,1385000.0,0.06,4008830.283010855,0.015,1336660.906273722,239871.2822319021,0.07,0.03,Gompertz-Makeham,0.0002,1e-05,1.1,0.5,0.5,58.93497604380561,0.3440905828098404,PIPELINE_06_RETIREMENT_SUMMARY,18.239561943874058,16.452698921686956,1.1428602866985544,3946529.986520483,274139.3623823015,4220669.348902784,0.29110707915881323,395312.8763349971,27459.773580875906,422772.649915873,105983.32901974785,OK,False
E01657,PEN_DB_01,31.433264887063654,8.56125941136208,60.0,28.566735112936346,37.12799452429843,pensionable_salary_annual,pensionable_salary_annual,881000.0,0.06,4654594.566796843,0.015,2592236.423832936,597737.8731159642,0.07,0.03,Gompertz-Makeham,0.0002,1e-05,1.1,0.5,0.0,,0.23389243593020795,PIPELINE_06_RETIREMENT_SUMMARY,28.566735112936346,16.452696014800427,0.0,9834399.522910308,0.0,9834399.522910308,0.1447442786490555,332939.58262822375,0.0,332939.58262822375,38889.089400370554,OK,False
E01676,PEN_DB_01,33.48117727583847,2.8199863107460645,60.0,26.51882272416153,29.338809034907595,pensionable_salary_annual,pensionable_salary_annual,674000.0,0.06,3160397.0764224483,0.015,1390834.294494577,133684.1473804978,0.07,0.03,Gompertz-Makeham,0.0002,1e-05,1.1,0.5,0.5,63.972621492128674,0.22360090738568625,PIPELINE_06_RETIREMENT_SUMMARY,26.51882272416153,16.452696014800427,0.864368475863008,2199464.638849109,115552.36271832662,2315017.0015674355,0.16625580136383203,81764.9836718233,4295.653080309765,86060.63675213307,30518.104440501556,OK,False
E01678,PEN_DB_01,40.64613278576318,11.854893908282,60.0,19.35386721423682,31.208761122518823,pensionable_salary_annual,pensionable_salary_annual,1361000.0,0.06,4203629.985268577,0.015,1967851.2608655652,747503.8125754801,0.07,0.03,Gompertz-Makeham,0.0002,1e-05,1.1,0.5,0.5,59.73169062286105,0.37106535118168227,PIPELINE_06_RETIREMENT_SUMMARY,19.35386721423682,16.452698200221736,1.096560112038699,12298454.631819487,819682.864467123,13118137.49628661,0.2699667438605044,1232001.439072842,82111.98063812699,1314113.419710969,110849.86756337908,OK,False
E01689,PEN_DB_01,36.85968514715948,4.791238877481177,60.0,23.14031485284052,27.931553730321696,pensionable_salary_annual,pensionable_salary_annual,850000.0,0.06,3273441.737859554,0.015,1371484.7067615264,235257.61976403368,0.07,0.03,Gompertz-Makeham,0.0002,1e-05,1.1,0.5,0.0,,0.2769389063810694,PIPELINE_06_RETIREMENT_SUMMARY,23.14031485284052,16.452696014800427,0.0,3870622.103143151,0.0,3870622.103143151,0.20895373227451244,223982.9075510262,0.0,223982.9075510262,46748.432561721325,REVIEW_SPOUSE_DOB_MISSING,True
E01695,PEN_DB_01,40.114989733059545,14.80082135523614,60.0,19.885010266940455,34.68583162217659,pensionable_salary_annual,pensionable_salary_annual,1388000.0,0.06,4421777.207290606,0.015,2300595.295242903,981689.0177664482,0.07,0.03,Gompertz-Makeham,0.0002,1e-05,1.1,0.5,0.0,,0.37380675377884026,PIPELINE_06_RETIREMENT_SUMMARY,19.885010266940455,16.452696014800427,0.0,16151430.990379388,0.0,16151430.990379388,0.26043735682461255,1572394.184669218,0.0,1572394.184669218,106236.95448583645,REVIEW_SPOUSE_DOB_MISSING,True
E01699,PEN_DB_01,40.145106091718,6.543463381245722,60.0,19.854893908282,26.398357289527723,pensionable_salary_annual,pensionable_salary_annual,1220000.0,0.06,3879762.1402554447,0.015,1536290.20765269,380806.22239057545,0.07,0.03,Gompertz-Makeham,0.0002,1e-05,1.1,0.5,0.0,,0.33565423399644023,PIPELINE_06_RETIREMENT_SUMMARY,19.854893908282,16.452696014800427,0.0,6265289.017536626,0.0,6265289.017536626,0.2609685733772694,548809.2858628113,0.0,548809.2858628113,83871.37726418067,OK,False
E01705,PEN_DB_01,49.09514031485284,6.792607802874743,60.0,10.904859685147159,17.6974674880219,pensionable_salary_annual,pensionable_salary_annual,1565000.0,0.06,2954413.3141357866,0.015,784284.5035964567,301022.5639577366,0.07,0.03,Gompertz-Makeham,0.0002,1e-05,1.1,0.5,0.5,58.88021902806297,0.5270799827563188,PIPELINE_06_RETIREMENT_SUMMARY,10.904859685147159,16.452698921686956,1.1460693761708722,4952633.613430896,344992.74208839965,5297626.355519296,0.47816086373585054,1248207.3950841152,86948.1826310138,1335155.5777151291,196560.08656205193,OK,False
E01707,PEN_DB_01,48.02190280629706,28.249144421629023,60.0,11.978097193702943,40.22724161533196,pensionable_salary_annual,pensionable_salary_annual,602000.0,0.06,1209797.2834164302,0.015,730002.1143834746,512636.07270187786,0.07,0.03,Gompertz-Makeham,0.0002,1e-05,1.1,0.5,0.5,61.50581793292265,0.576429253526559,PIPELINE_06_RETIREMENT_SUMMARY,11.978097193702943,16.452696014800427,0.9963185974214092,8434245.470385129,510748.8529419545,8944994.323327083,0.4446704346815745,2161874.627337014,130915.6806016313,2292790.307938645,81163.17696981877,OK,False
E01710,PEN_DB_01,41.190965092402465,6.844626967830253,60.0,18.809034907597535,25.653661875427787,pensionable_salary_annual,pensionable_salary_annual,2105000.0,0.06,6298411.0926112635,0.015,2423659.6278343955,646654.116284524,0.07,0.03,Gompertz-Makeham,0.0002,1e-05,1.1,0.5,0.5,56.139630390143736,0.3547765475189075,PIPELINE_06_RETIREMENT_SUMMARY,18.809034907597535,16.45269919212516,1.310577704276311,10639205.656578796,847490.4671809981,11486696.123759795,0.28010412191784717,1057264.3947432975,84218.83407064078,1141483.2288139383,166770.6997297164,OK,False
E01715,PEN_DB_01,49.44832306639288,1.7905544147843941,60.0,10.55167693360712,12.342231348391513,pensionable_salary_annual,pensionable_salary_annual,1442000.0,0.06,2666763.9475057325,0.015,493707.26387498324,71624.7893909137,0.07,0.03,Gompertz-Makeham,0.0002,1e-05,1.1,0.5,0.5,66.08624229979466,0.4867042175629866,PIPELINE_06_RETIREMENT_SUMMARY,10.55167693360712,16.452696014800427,0.7590327046140365,1178420.8869728057,54365.55760879598,1232786.4445816018,0.4897245442878318,280877.79818486003,12958.085084080121,293835.88326894015,164103.2971926306,OK,False
E01744,PEN_DB_01,37.57700205338809,11.091033538672143,60.0,22.422997946611908,33.51403148528405,pensionable_salary_annual,pensionable_salary_annual,956000.0,0.06,3530947.4744290123,0.015,1775044.2724634719,587427.8529327281,0.07,0.03,Gompertz-Makeham,0.0002,1e-05,1.1,0.5,0.0,,0.3197146452968598,PIPELINE_06_RETIREMENT_SUMMARY,22.422997946611908,16.452696014800427,0.0,9664771.894929068,0.0,9664771.894929068,0.219344936488949,677769.0799980593,0.0,677769.0799980593,61109.64119212321,OK,False
E01768,PEN_DB_02,36.39698836413415,6.74880219028063,60.0,23.603011635865847,30.351813826146476,pensionable_salary_annual,pensionable_salary_annual,871000.0,0.065,3850802.681394827,0.02,2337576.9213384287,519766.11141071864,0.068,0.03,Gompertz-Makeham,0.0002,1e-05,1.1,0.67,0.67,57.64271047227926,0.28268428804456625,PIPELINE_06_RETIREMENT_SUMMARY,23.603011635865847,16.8778029178778,1.7189877442376138,8772509.991781825,893471.5753850675,9665981.567166893,0.21165688013358572,524877.4711197127,53458.257835532735,578335.7289552455,85694.57403687766,OK,False
E01794,PEN_DB_02,61.01026694045174,11.069130732375086,60.0,0.0,11.069130732375086,pensionable_salary_annual,pensionable_salary_annual,3649000.0,0.065,3649000.0,0.02,807825.1608487339,807825.1608487339,0.068,0.03,Gompertz-Makeham,0.0002,1e-05,1.1,0.67,0.67,56.81587953456537,1.0,AT_RETIREMENT,0.0,16.877802981487697,1.7906786315490077,13634313.90829354,1446555.2535594678,15080869.161853008,1.0,13634313.90829354,1446555.2535594678,15080869.161853008,1362425.7881194185,OK,False
E01796,PEN_DB_02,27.66050650239562,1.4893908281998631,60.0,32.33949349760438,33.828884325804246,pensionable_salary_annual,pensionable_salary_annual,761000.0,0.065,5832531.856961481,0.02,3946160.910314364,173738.38905883892,0.068,0.03,Gompertz-Makeham,0.0002,1e-05,1.1,0.67,0.0,,0.16240357580230652,PIPELINE_06_RETIREMENT_SUMMARY,32.33949349760438,16.87779941727805,0.0,2932321.681616099,0.0,2932321.681616099,0.11912973050680502,56731.903853676275,0.0,56731.903853676275,38090.676254697166,OK,False
E01799,PEN_DB_01,43.728952772073924,10.546201232032855,60.0,16.271047227926076,26.817248459958932,pensionable_salary_annual,pensionable_salary_annual,977000.0,0.06,2521433.348888575,0.015,1014268.5688855684,398873.1523580613,0.07,0.03,Gompertz-Makeham,0.0002,1e-05,1.1,0.5,0.5,58.26420260095824,0.4220780693807824,PIPELINE_06_RETIREMENT_SUMMARY,16.271047227926076,16.452698921686956,1.1823990356500067,6562539.883691352,471627.23069484986,7034167.114386202,0.33257926221441864,921212.6833817841,66204.3956218882,987417.0790036723,93627.74872951486,OK,False
E01801,PEN_DB_01,41.98494182067078,4.84599589322382,60.0,18.015058179329223,22.861054072553042,pensionable_salary_annual,pensionable_salary_annual,2186000.0,0.06,6245062.550709248,0.015,2141530.689873602,453953.21210494323,0.07,0.03,Gompertz-Makeham,0.0002,1e-05,1.1,0.5,0.5,64.39698836413416,0.35484546105047143,PIPELINE_06_RETIREMENT_SUMMARY,18.015058179329223,16.452696014800427,0.8426230539969123,7468754.203704853,382511.44195557537,7851265.645660428,0.2955626389107082,783315.9267800502,40117.44080569363,823433.3675857438,169920.36017553275,OK,False
E01805,PEN_DB_01,43.794661190965094,4.61327857631759,60.0,16.205338809034906,20.818617385352496,pensionable_salary_annual,pensionable_salary_annual,1205000.0,0.06,3097969.7114032432,0.015,967431.6913967252,214376.95949546056,0.07,0.03,Gompertz-Makeham,0.0002,1e-05,1.1,0.5,0.0,,0.38646193720414296,PIPELINE_06_RETIREMENT_SUMMARY,16.205338809034906,16.452696014800427,0.0,3527078.9471559967,0.0,3527078.9471559967,0.3340611156088535,455352.61427684943,0.0,455352.61427684943,98704.77291668799,OK,False
E01834,PEN_DB_01,52.61875427789185,14.009582477754963,60.0,7.381245722108147,21.39082819986311,pensionable_salary_annual,pensionable_salary_annual,910000.0,0.06,1399040.2269590595,0.015,448899.437093681,293999.5417391995,0.07,0.03,Gompertz-Makeham,0.0002,1e-05,1.1,0.5,0.5,54.39561943874059,0.6721557958054063,PIPELINE_06_RETIREMENT_SUMMARY,7.381245722108147,16.452699207825372,1.4185001934800756,4837086.027473549,417038.40684010804,5254124.434313658,0.6068915863179918,1973171.6900244236,170120.6828565732,2143292.3728809967,152987.5980447106,OK,False
E01847,PEN_DB_01,38.23682409308692,4.684462696783025,60.0,21.763175906913077,26.447638603696102,pensionable_salary_annual,pensionable_salary_annual,1255000.0,0.06,4460460.759449698,0.015,1769529.812578402,313422.9305715989,0.07,0.03,Gompertz-Makeham,0.0002,1e-05,1.1,0.5,0.0,,0.2948314054912795,PIPELINE_06_RETIREMENT_SUMMARY,21.763175906913077,16.452696014800427,0.0,5156652.200762415,0.0,5156652.200762415,0.22935894243434843,348704.2662827312,0.0,348704.2662827312,74438.47648145386,REVIEW_SPOUSE_DOB_MISSING,True
E01869,PEN_DB_01,34.548939082819984,3.323750855578371,60.0,25.451060917180016,28.774811772758387,pensionable_salary_annual,pensionable_salary_annual,722000.0,0.06,3181253.78198317,0.015,1373099.6816691218,158605.42469517732,0.07,0.03,Gompertz-Makeham,0.0002,1e-05,1.1,0.5,0.5,53.229295003422315,0.23884987743334893,PIPELINE_06_RETIREMENT_SUMMARY,25.451060917180016,16.4526992082766,1.4916635697819882,2609487.345310718,236585.9339875965,2846073.2792983144,0.17871116426232447,111386.33182785158,10098.703638590272,121485.03546644186,36550.584187906,OK,False
E01870,PEN_DB_01,21.587953456536617,3.4715947980835042,60.0,38.41204654346338,41.883641341546884,pensionable_salary_annual,pensionable_salary_annual,450000.0,0.06,4219515.515388661,0.015,2650930.1172244656,219726.72170483868,0.07,0.03,Gompertz-Makeham,0.0002,1e-05,1.1,0.5,0.5,60.02737850787132,0.13464237478434468,PIPELINE_06_RETIREMENT_SUMMARY,38.41204654346338,16.452696014800427,1.0795696732924733,3615096.958538362,237210.3051645189,3852307.2637028806,0.07435479214813658,36191.841117565185,2374.7849018783986,38566.62601944358,11109.195704733256,OK,False
E01879,PEN_DB_01,54.35455167693361,21.360711841204655,60.0,5.64544832306639,27.006160164271044,pensionable_salary_annual,pensionable_salary_annual,919000.0,0.06,1276963.447647757,0.015,517288.190866426,409152.7235543244,0.07,0.03,Gompertz-Makeham,0.0002,1e-05,1.1,0.5,0.5,62.49418206707734,0.7530944954520661,PIPELINE_06_RETIREMENT_SUMMARY,5.64544832306639,16.452696014800427,0.942351604060241,6731665.384266974,385565.72534703393,7117231.109614008,0.6825200305466177,3460089.9961860804,198181.5840495426,3658271.580235623,171261.68862869282,OK,False
E01887,PEN_DB_02,25.336071184120467,7.123887748117728,60.0,34.66392881587953,41.787816563997254,pensionable_salary_annual,pensionable_salary_annual,844000.0,0.065,7488370.154191498,0.02,6258452.767333323,1066926.1678963054,0.068,0.03,Gompertz-Makeham,0.0002,1e-05,1.1,0.67,0.0,,0.17448330469061193,PIPELINE_06_RETIREMENT_SUMMARY,34.66392881587953,16.87779941727805,0.0,18007365.85479897,0.0,18007365.85479897,0.10223700782517221,321227.11467926786,0.0,321227.11467926786,45091.54636302943,OK,False
E01925,PEN_DB_01,51.252566735112936,9.557837097878165,60.0,8.747433264887064,18.305270362765228,pensionable_salary_annual,pensionable_salary_annual,3533000.0,0.06,5881728.92532126,0.015,1614999.5726775331,843249.103831479,0.07,0.03,Gompertz-Makeham,0.0002,1e-05,1.1,0.5,0.5,69.2375085557837,0.6080550986931132,PIPELINE_06_RETIREMENT_SUMMARY,8.747433264887064,16.452696014800427,0.6164667598434391,13873721.170092206,519835.0427798756,14393556.212872082,0.553308530159573,4667703.509495567,174894.37936615795,4842597.888861724,506662.526183542,OK,False
E01946,PEN_DB_01,51.20328542094456,3.3648186173853527,60.0,8.79671457905544,12.161533196440793,pensionable_salary_annual,pensionable_salary_annual,1552000.0,0.06,2591195.5599459764,0.015,472693.66231129464,130783.54592088726,0.07,0.03,Gompertz-Makeham,0.0002,1e-05,1.1,0.5,0.5,65.26762491444217,0.560523699245941,PIPELINE_06_RETIREMENT_SUMMARY,8.79671457905544,16.452696014800427,0.7989384432105766,2151741.9247740507,104488.00257559263,2256229.9273496433,0.5514667019094369,665125.281533496,32298.302751739844,697423.5842852358,207269.29549241852,OK,False
E01952,PEN_DB_01,38.49965776865161,5.023956194387406,60.0,21.50034223134839,26.524298425735797,pensionable_salary_annual,pensionable_salary_annual,725000.0,0.06,2537597.6895838096,0.015,1009619.9760446794,191231.6944717162,0.07,0.03,Gompertz-Makeham,0.0002,1e-05,1.1,0.5,0.0,,0.3009008994451808,PIPELINE_06_RETIREMENT_SUMMARY,21.50034223134839,16.452696014800427,0.0,3146276.9375383384,0.0,3146276.9375383384,0.2334741074008278,221034.03737716068,0.0,221034.03737716068,43996.01207193894,OK,False
E01953,PEN_DB_01,61.34154688569473,17.401779603011637,60.0,0.0,17.401779603011637,pensionable_salary_annual,pensionable_salary_annual,1165000.0,0.06,1165000.0,0.015,304096.0985626283,304096.0985626283,0.07,0.03,Gompertz-Makeham,0.0002,1e-05,1.1,0.5,0.5,54.35728952772074,1.0,AT_RETIREMENT,0.0,16.452699207825372,1.4208936839889936,5003201.639924142,432088.22577333305,5435289.865697474,1.0,5003201.639924142,432088.22577333305,5435289.865697474,312341.035784456,OK,False
E01961,PEN_DB_02,39.43326488706366,8.813141683778234,60.0,20.566735112936342,29.379876796714576,pensionable_salary_annual,pensionable_salary_annual,372000.0,0.065,1358423.1634423533,0.02,798206.1035947922,239439.51611887393,0.068,0.03,Gompertz-Makeham,0.0002,1e-05,1.1,0.67,0.67,54.92950034223134,0.33703913435835514,PIPELINE_06_RETIREMENT_SUMMARY,20.566735112936342,16.8778029992237,1.9575772824594855,4041212.983283802,468721.3572773994,4509934.340561202,0.2584536167788435,352025.95415512356,40829.840869803396,392855.79502492695,44576.135176407144,OK,False
E01962,PEN_DB_02,40.96098562628337,9.607118412046544,60.0,19.039014373716633,28.64613278576318,pensionable_salary_annual,pensionable_salary_annual,1490000.0,0.065,4941921.515765139,0.02,2831338.799148564,949552.5036999247,0.068,0.03,Gompertz-Makeham,0.0002,1e-05,1.1,0.67,0.67,60.12320328542094,0.36605980488687473,PIPELINE_06_RETIREMENT_SUMMARY,19.039014373716633,16.87779941727805,1.5105058493509953,16026356.693621503,1434304.6111046188,17460661.304726124,0.2857797877295337,1676557.1328260314,150046.1815722462,1826603.3143982776,190130.19680363944,OK,False
E01966,PEN_DB_01,26.694045174537987,8.28747433264887,60.0,33.30595482546201,41.59342915811088,pensionable_salary_annual,pensionable_salary_annual,509000.0,0.06,3544490.263135714,0.015,2211412.5699202367,440623.081170916,0.07,0.03,Gompertz-Makeham,0.0002,1e-05,1.1,0.5,0.5,69.2539356605065,0.18944808549922387,PIPELINE_06_RETIREMENT_SUMMARY,33.30595482546201,16.452696014800427,0.6157707415318969,7249437.611609815,271322.80142868415,7520760.413038499,0.10503770588495219,144257.95299251174,5399.10459697082,149657.05758948255,18058.22275670912,OK,False
E01971,PEN_DB_01,42.81177275838467,9.212867898699521,60.0,17.18822724161533,26.40109514031485,pensionable_salary_annual,pensionable_salary_annual,673000.0,0.06,1832221.71906293,0.015,725589.8988469746,253200.2498828238,0.07,0.03,Gompertz-Makeham,0.0002,1e-05,1.1,0.5,0.5,57.57426420260096,0.3974121495649711,PIPELINE_06_RETIREMENT_SUMMARY,17.18822724161533,16.452699135693468,1.2235612289260334,4165827.532404505,309806.0089110066,4475633.541315512,0.312568315271443,517472.622620611,38483.621006333145,555956.2436269441,60345.62198655017,OK,False
E01975,PEN_DB_01,48.93908281998631,1.943874058863792,60.0,11.06091718001369,13.00479123887748,pensionable_salary_annual,pensionable_salary_annual,1427000.0,0.06,2718504.4796023187,0.015,530303.7485877213,79266.4550520594,0.07,0.03,Gompertz-Makeham,0.0002,1e-05,1.1,0.5,0.0,,0.47511628735329664,PIPELINE_06_RETIREMENT_SUMMARY,11.06091718001369,16.452696014800427,0.0,1304146.889142375,0.0,1304146.889142375,0.47313869598885194,293166.8745134447,0.0,293166.8745134447,150815.7759380784,REVIEW_SPOUSE_DOB_MISSING,True
E01976,PEN_DB_01,27.578370978781656,3.477070499657769,60.0,32.421629021218344,35.898699520876114,pensionable_salary_annual,pensionable_salary_annual,440000.0,0.06,2910114.3344401186,0.015,1567039.8009519028,151780.09054369407,0.07,0.03,Gompertz-Makeham,0.0002,1e-05,1.1,0.5,0.0,,0.1748375782839521,PIPELINE_06_RETIREMENT_SUMMARY,32.421629021218344,16.452696014800427,0.0,2497191.690814283,0.0,2497191.690814283,0.11151417112180623,48687.41582575791,0.0,48687.41582575791,14002.424118392186,OK,False
E01987,PEN_DB_01,45.34154688569473,9.396303901437372,60.0,14.658453114305267,24.054757015742638,pensionable_salary_annual,pensionable_salary_annual,1447000.0,0.06,3399486.889588473,0.015,1226607.4666088016,479139.1788528805,0.07,0.03,Gompertz-Makeham,0.0002,1e-05,1.1,0.5,0.5,56.662559890485966,0.45010985234753154,PIPELINE_06_RETIREMENT_SUMMARY,14.658453114305267,16.45269919212516,1.278653020736697,7883132.780828299,612652.7583935362,8495785.539221834,0.37091916417702253,1316123.4687884725,102285.05544149976,1418408.5242299722,150953.87921765656,OK,False
E01998,PEN_DB_02,52.79397672826831,9.347022587268993,60.0,7.206023271731688,16.553045859000683,pensionable_salary_annual,pensionable_salary_annual,1529000.0,0.065,2407073.7430300573,0.02,796888.0410874593,449979.45290648134,0.068,0.03,Gompertz-Makeham,0.0002,1e-05,1.1,0.67,0.67,57.40999315537303,0.9828361934449542,REVIEW_DB_MORTALITY_ONLY_FALLBACK,7.206023271731688,16.8778029178778,1.7390648056091207,7594664.523250068,782543.4297969084,8377207.953046976,0.6224649301669346,4646271.931503579,478745.25094782765,5125017.1824514065,548304.7820417037,REVIEW_DB_MORTALITY_ONLY_FALLBACK,True
E02001,PEN_DB_01,52.75564681724846,17.76865160848734,60.0,7.244353182751539,25.013004791238878,pensionable_salary_annual,pensionable_salary_annual,1160000.0,0.06,1769223.1556704554,0.015,663803.809043338,471550.64806165325,0.07,0.03,Gompertz-Makeham,0.0002,1e-05,1.1,0.5,0.5,59.912388774811774,0.6884302468453385,PIPELINE_06_RETIREMENT_SUMMARY,7.244353182751539,16.452698200221736,1.0861648735900553,7758280.498677355,512181.7500431943,8270462.248720549,0.6125387058030947,3271590.6413123314,215982.01049548975,3487572.6518078214,196276.7197338685,OK,False
E02016,PEN_DB_02,49.620807665982205,5.204654346338125,60.0,10.379192334017795,15.583846680355919,pensionable_salary_annual,pensionable_salary_annual,2381000.0,0.065,4577477.6738950545,0.02,1426694.2050546557,476483.7814140725,0.068,0.03,Gompertz-Makeham,0.0002,1e-05,1.1,0.67,0.0,,0.5299394753821656,PIPELINE_06_RETIREMENT_SUMMARY,10.379192334017795,16.87779941727805,0.0,8041997.688292875,0.0,8041997.688292875,0.5051885200875926,2152998.3077965686,0.0,2152998.3077965686,413667.8758141487,OK,False
E02017,PEN_DB_01,38.76249144421629,8.903490759753593,60.0,21.237508555783712,30.140999315537307,pensionable_salary_annual,pensionable_salary_annual,742000.0,0.06,2557628.338981026,0.015,1156342.1102193887,341577.3042450224,0.07,0.03,Gompertz-Makeham,0.0002,1e-05,1.1,0.5,0.0,,0.3271715215222544,PIPELINE_06_RETIREMENT_SUMMARY,21.237508555783712,16.452696014800427,0.0,5619867.552298353,0.0,5619867.552298353,0.23766310677952399,436981.7947487758,0.0,436981.7947487758,49079.82796186666,OK,False
E02024,PEN_DB_01,35.493497604380565,12.071184120465434,60.0,24.506502395619435,36.57768651608487,pensionable_salary_annual,pensionable_salary_annual,1986000.0,0.06,8282043.207554734,0.015,4544069.702379106,1499611.0267806496,0.07,0.03,Gompertz-Makeham,0.0002,1e-05,1.1,0.5,0.0,,0.29514604975159664,PIPELINE_06_RETIREMENT_SUMMARY,24.506502395619435,16.452696014800427,0.0,24672644.364064768,0.0,24672644.364064768,0.19050500135882326,1387263.8058092364,0.0,1387263.8058092364,114923.58926555309,OK,False
E02025,PEN_DB_01,37.07049965776865,6.636550308008213,60.0,22.92950034223135,29.566050650239564,pensionable_salary_annual,pensionable_salary_annual,3475000.0,0.06,13219214.667590909,0.015,5862599.556275738,1315949.747607407,0.07,0.03,Gompertz-Makeham,0.0002,1e-05,1.1,0.5,0.5,56.75290896646133,0.9675961058969176,REVIEW_DB_MORTALITY_ONLY_FALLBACK,22.92950034223135,16.45269919212516,1.2731603347844997,21650925.34933769,1675415.0212234242,23326340.370561115,0.21195548488090313,4440329.861244502,343606.3460882763,4783936.207332778,720846.8233202547,REVIEW_DB_MORTALITY_ONLY_FALLBACK,True
E02028,PEN_DB_02,40.99657768651608,1.566050650239562,60.0,19.003422313483917,20.569472963723477,pensionable_salary_annual,pensionable_salary_annual,5110000.0,0.065,16910523.285946593,0.02,6956811.030653895,529654.7197569583,0.068,0.03,Gompertz-Makeham,0.0002,1e-05,1.1,0.67,0.0,,0.9699359021932604,REVIEW_DB_MORTALITY_ONLY_FALLBACK,19.003422313483917,16.87779941727805,0.0,8939406.120472562,0.0,8939406.120472562,0.286449731205177,2483705.6312894523,0.0,2483705.6312894523,1585967.6255742523,REVIEW_DB_MORTALITY_ONLY_FALLBACK,True
E02054,PEN_DB_02,46.54620123203286,0.5585215605749486,60.0,13.453798767967143,14.012320328542092,pensionable_salary_annual,pensionable_salary_annual,881000.0,0.065,2055568.850061246,0.02,576065.7836886218,22961.590440109194,0.068,0.03,Gompertz-Makeham,0.0002,1e-05,1.1,0.67,0.67,57.719370294318956,0.39116431506779353,PIPELINE_06_RETIREMENT_SUMMARY,13.453798767967143,16.8778029178778,1.712391966103664,387541.19812918996,39319.242998605674,426860.4411277956,0.4126749579694675,62558.34080106475,6347.058365460997,68905.39916652575,123371.06394888986,OK,False
E02067,PEN_DB_01,31.15126625598905,6.2559890485968515,60.0,28.84873374401095,35.1047227926078,pensionable_salary_annual,pensionable_salary_annual,710000.0,0.06,3813296.0001914725,0.015,2007970.4851932263,357839.0702438404,0.07,0.03,Gompertz-Makeham,0.0002,1e-05,1.1,0.5,0.0,,0.22063527118758908,PIPELINE_06_RETIREMENT_SUMMARY,28.84873374401095,16.452696014800427,0.0,5887417.444940723,0.0,5887417.444940723,0.1420087880953101,184465.43161663748,0.0,184465.43161663748,29486.213959727284,OK,False
E02080,PEN_DB_01,35.09103353867214,2.524298425735797,60.0,24.908966461327857,27.433264887063654,pensionable_salary_annual,pensionable_salary_annual,1194000.0,0.06,5097383.114147315,0.015,2097567.9180187304,193009.7425562145,0.07,0.03,Gompertz-Makeham,0.0002,1e-05,1.1,0.5,0.0,,0.23864961496122686,PIPELINE_06_RETIREMENT_SUMMARY,24.908966461327857,16.452696014800427,0.0,3175530.6221722867,0.0,3175530.6221722867,0.18538750820544198,140493.91354462862,0.0,140493.91354462862,55656.6181368499,OK,False
E02086,PEN_DB_02,44.41889117043121,2.3381245722108144,60.0,15.581108829568791,17.919233401779607,pensionable_salary_annual,pensionable_salary_annual,832000.0,0.065,2219527.5570412762,0.02,795444.6467260866,103790.63839634496,0.068,0.03,Gompertz-Makeham,0.0002,1e-05,1.1,0.67,0.67,57.163586584531146,0.3763585208875937,PIPELINE_06_RETIREMENT_SUMMARY,15.581108829568791,16.8778029178778,1.7604097664221159,1751757.9395742307,182714.05349611194,1934471.9930703426,0.35877998089034835,236539.70454101727,24671.860907886887,261211.56544890415,111718.41250610333,OK,False
E02090,PEN_DB_02,36.440793976728266,7.058179329226557,60.0,23.559206023271734,30.617385352498292,pensionable_salary_annual,pensionable_salary_annual,517000.0,0.065,2279426.4703793703,0.02,1395801.5725258042,321772.0159144704,0.068,0.03,Gompertz-Makeham,0.0002,1e-05,1.1,0.67,0.0,,0.28493292715595525,PIPELINE_06_RETIREMENT_SUMMARY,23.559206023271734,16.87779941727805,0.0,5430803.542697633,0.0,5430803.542697633,0.21226772799834676,328466.2133024021,0.0,328466.2133024021,46536.96059297999,REVIEW_SPOUSE_DOB_MISSING,True
E02106,PEN_DB_02,28.435318275154003,5.0130047912388775,60.0,31.564681724845997,36.577686516084874,pensionable_salary_annual,pensionable_salary_annual,683000.0,0.065,4985427.080203608,0.02,3647107.777769758,499839.3967886547,0.068,0.03,Gompertz-Makeham,0.0002,1e-05,1.1,0.67,0.67,61.12799452429843,0.18984564485559138,PIPELINE_06_RETIREMENT_SUMMARY,31.564681724845997,16.87779941727805,1.4292754674015382,8436189.07985217,714408.1874708073,9150597.267322976,0.12535957245487725,200772.6013056368,17002.178215174914,217774.77952081172,43441.96516656279,OK,False
E02113,PEN_DB_01,44.09856262833676,9.051334702258726,60.0,15.901437371663242,24.95277207392197,pensionable_salary_annual,pensionable_salary_annual,809000.0,0.06,2043375.3652241358,0.015,764818.1962485738,277429.1152949073,0.07,0.03,Gompertz-Makeham,0.0002,1e-05,1.1,0.5,0.5,58.77344284736482,0.4218843256664922,PIPELINE_06_RETIREMENT_SUMMARY,15.901437371663242,16.452698921686956,1.1523367648634641,4564457.7060570875,319691.7691978665,4884149.475254954,0.34100103675781424,656656.544478111,45991.814576568075,702648.359054679,77629.25382477966,OK,False
E02114,PEN_DB_02,40.440793976728266,12.14236824093087,60.0,19.559206023271734,31.701574264202605,pensionable_salary_annual,pensionable_salary_annual,1272000.0,0.065,4359369.932351536,0.02,2763977.793111482,1058661.500341085,0.068,0.03,Gompertz-Makeham,0.0002,1e-05,1.1,0.67,0.0,,0.3688148430279941,PIPELINE_06_RETIREMENT_SUMMARY,19.559206023271734,16.87779941727805,0.0,17867876.45355147,0.0,17867876.45355147,0.27616521950058814,1819911.6879244477,0.0,1819911.6879244477,149881.11477213178,OK,False
E02115,PEN_DB_01,37.90006844626968,4.900752908966461,60.0,22.099931553730322,27.000684462696782,pensionable_salary_annual,pensionable_salary_annual,811000.0,0.06,2939535.737257771,0.015,1190542.1536277675,216089.07473065337,0.07,0.03,Gompertz-Makeham,0.0002,1e-05,1.1,0.5,0.5,61.62628336755647,0.29162863093574465,PIPELINE_06_RETIREMENT_SUMMARY,22.099931553730322,16.452696014800427,0.9896658302018184,3555247.8586629326,213855.97354085484,3769103.8322037873,0.2241922132331271,232445.1917069259,13982.08922234476,246427.28092927067,50283.555508053694,OK,False
E02122,PEN_DB_01,41.70294318959617,1.4209445585215605,60.0,18.29705681040383,19.718001368925393,pensionable_salary_annual,pensionable_salary_annual,2100000.0,0.06,6098768.508551509,0.015,1803832.8870056658,129990.17888863379,0.07,0.03,Gompertz-Makeham,0.0002,1e-05,1.1,0.5,0.0,,0.9704257733837585,REVIEW_DB_MORTALITY_ONLY_FALLBACK,18.29705681040383,16.452696014800427,0.0,2138688.8981642197,0.0,2138688.8981642197,0.2899768650595661,601829.244974538,0.0,601829.244974538,423541.6796280347,REVIEW_DB_MORTALITY_ONLY_FALLBACK,True
E02124,PEN_DB_02,37.36344969199179,3.4414784394250515,60.0,22.63655030800821,26.07802874743326,pensionable_salary_annual,pensionable_salary_annual,894000.0,0.065,3719103.726595053,0.02,1939737.8779366394,255984.30578124474,0.068,0.03,Gompertz-Makeham,0.0002,1e-05,1.1,0.67,0.67,54.24229979466119,0.2737495043354545,PIPELINE_06_RETIREMENT_SUMMARY,22.63655030800821,16.8778029992237,2.0193468937062695,4320452.683868889,516921.1127169124,4837373.796585801,0.22555133453571438,266764.47602447495,31917.069777149394,298681.54580162436,86788.73079080613,OK,False
E02166,PEN_DB_01,47.02258726899384,5.500342231348392,60.0,12.977412731006162,18.477754962354553,pensionable_salary_annual,pensionable_salary_annual,1264000.0,0.06,2692475.325467328,0.015,746263.4895925666,222143.03609297174,0.07,0.03,Gompertz-Makeham,0.0002,1e-05,1.1,0.5,0.5,59.690622861054074,0.463784129628071,PIPELINE_06_RETIREMENT_SUMMARY,12.977412731006162,16.452698200221736,1.098928238889099,3654852.330118628,244119.255435127,3898971.585553755,0.41559909137068574,704466.4376605486,47053.56241715724,751520.0000777058,136631.49827196717,OK,False
E02177,PEN_DB_01,43.945242984257355,8.457221081451062,60.0,16.054757015742645,24.511978097193705,pensionable_salary_annual,pensionable_salary_annual,2818000.0,0.06,7181588.333638244,0.015,2640524.039058037,911044.2038032254,0.07,0.03,Gompertz-Makeham,0.0002,1e-05,1.1,0.5,0.5,56.26557152635181,0.41547238824615734,PIPELINE_06_RETIREMENT_SUMMARY,16.054757015742645,16.45269919212516,1.302868718501878,14989136.235903636,1186970.994307672,16176107.230211308,0.33748198048156514,2101693.4096636944,166430.47851035855,2268123.888174053,268187.84401281085,OK,False
E02182,PEN_DB_01,37.30321697467488,5.147159479808351,60.0,22.696783025325118,27.84394250513347,pensionable_salary_annual,pensionable_salary_annual,421000.0,0.06,1579951.7672449036,0.015,659881.2925207666,121983.95574621843,0.07,0.03,Gompertz-Makeham,0.0002,1e-05,1.1,0.5,0.5,60.91444216290212,0.2851352889295025,PIPELINE_06_RETIREMENT_SUMMARY,22.696783025325118,16.452696014800427,1.0292694270059293,2006964.9425753995,125554.35623482688,2132519.2988102264,0.21531920785908562,123217.82246751036,7708.422827113851,130926.24529462421,25436.601645671002,OK,False
E02183,PEN_DB_02,32.544832306639286,9.963039014373717,60.0,27.455167693360714,37.41820670773443,pensionable_salary_annual,pensionable_salary_annual,538000.0,0.065,3031589.1458471664,0.02,2268732.5862446665,604076.8187125443,0.068,0.03,Gompertz-Makeham,0.0002,1e-05,1.1,0.67,0.67,61.65639972621492,0.251482318157348,PIPELINE_06_RETIREMENT_SUMMARY,27.455167693360714,16.87779941727805,1.3873821223988378,10195487.37885776,838085.3788373477,11033572.757695107,0.16427499631367304,421198.5936963058,34623.198464816756,455821.79216112255,45751.28045805165,OK,False
E02191,PEN_DB_01,41.84804928131417,14.39835728952772,60.0,18.151950718685832,32.55030800821355,pensionable_salary_annual,pensionable_salary_annual,1722000.0,0.06,4958884.194800053,0.015,2421198.118767056,1070996.7959118471,0.07,0.03,Gompertz-Makeham,0.0002,1e-05,1.1,0.5,0.0,,0.4026040689292064,PIPELINE_06_RETIREMENT_SUMMARY,18.151950718685832,16.452696014800427,0.0,17620784.715962876,0.0,17620784.715962876,0.292837786552076,2077449.715359731,0.0,2077449.715359731,144283.80082432815,OK,False
E02199,PEN_DB_01,44.36413415468857,7.230663928815879,60.0,15.635865845311429,22.866529774127308,pensionable_salary_annual,pensionable_salary_annual,1110000.0,0.06,2760591.161390543,0.015,946877.099791943,299413.603993118,0.07,0.03,Gompertz-Makeham,0.0002,1e-05,1.1,0.5,0.0,,0.41667764427946885,PIPELINE_06_RETIREMENT_SUMMARY,15.635865845311429,16.452696014800427,0.0,4926161.009194605,0.0,4926161.009194605,0.34718359358506723,712636.3922128483,0.0,712636.3922128483,98557.5320922919,OK,False
E02201,PEN_DB_01,50.16290212183436,14.469541409993155,60.0,9.837097878165643,24.3066392881588,pensionable_salary_annual,pensionable_salary_annual,1532000.0,0.06,2717659.4778367113,0.015,990857.529537344,589849.29529228,0.07,0.03,Gompertz-Makeham,0.0002,1e-05,1.1,0.5,0.0,,0.5961183745293666,PIPELINE_06_RETIREMENT_SUMMARY,9.837097878165643,16.452696014800427,0.0,9704611.149988135,0.0,9704611.149988135,0.5139831750947986,2973442.5367146214,0.0,2973442.5367146214,205496.66727247223,OK,False
E02202,PEN_DB_01,23.43874058863792,3.2279260780287475,60.0,36.56125941136208,39.789185489390825,pensionable_salary_annual,pensionable_salary_annual,534000.0,0.06,4495267.71934822,0.015,2682945.6166442577,217655.878485074,0.07,0.03,Gompertz-Makeham,0.0002,1e-05,1.1,0.5,0.5,58.573579739904176,0.14461167446868356,PIPELINE_06_RETIREMENT_SUMMARY,36.56125941136208,16.452698921686956,1.1641019381747957,3581026.637250204,253373.62999961246,3834400.2672498166,0.08427370382580643,43641.83348622603,3087.854654645825,46729.688140871855,14476.690918959663,OK,False
E02203,PEN_DB_01,27.156741957563312,8.85968514715948,60.0,32.84325804243669,41.70294318959617,pensionable_salary_annual,pensionable_salary_annual,304000.0,0.06,2060632.9807068657,0.015,1289016.9019353995,273848.3911937338,0.07,0.03,Gompertz-Makeham,0.0002,1e-05,1.1,0.5,0.5,58.02327173169063,0.19536758826123954,PIPELINE_06_RETIREMENT_SUMMARY,32.84325804243669,16.452698921686956,1.1967178664919755,4505545.130498852,327719.262451625,4833264.392950477,0.10837796878450093,95398.35077499092,6938.977692943432,102337.32846793435,11550.899018205504,OK,False
E02207,PEN_DB_02,30.078028747433265,4.002737850787132,60.0,29.921971252566735,33.92470910335387,pensionable_salary_annual,pensionable_salary_annual,755000.0,0.065,4969367.658929136,0.02,3371687.0451357113,397821.5204574618,0.068,0.03,Gompertz-Makeham,0.0002,1e-05,1.1,0.67,0.0,,0.19864629450051388,PIPELINE_06_RETIREMENT_SUMMARY,29.921971252566735,16.87779941727805,0.0,6714351.826157617,0.0,6714351.826157617,0.1396663547325011,186284.34567814507,0.0,186284.34567814507,46539.232051260245,REVIEW_SPOUSE_DOB_MISSING,True
E02219,PEN_DB_01,38.07529089664613,4.528405201916495,60.0,21.92470910335387,26.453114305270365,pensionable_salary_annual,pensionable_salary_annual,517000.0,0.06,1854873.4188502484,0.015,736007.6785597989,125994.27658227149,0.07,0.03,Gompertz-Makeham,0.0002,1e-05,1.1,0.5,0.5,53.158110882956876,0.2914770284778547,PIPELINE_06_RETIREMENT_SUMMARY,21.92470910335387,16.4526992082766,1.496148766015253,2072945.934572521,188506.18143354997,2261452.1160060707,0.22686589973815738,137076.0339733466,12465.197137763145,149541.23111110975,33022.93510479615,OK,False
E02228,PEN_DB_01,25.97946611909651,3.7481177275838466,60.0,34.020533880903486,37.76865160848733,pensionable_salary_annual,pensionable_salary_annual,476000.0,0.06,3455620.162730336,0.015,1957711.7102613954,194281.06787588625,0.07,0.03,Gompertz-Makeham,0.0002,1e-05,1.1,0.5,0.0,,0.16434641879865075,PIPELINE_06_RETIREMENT_SUMMARY,34.020533880903486,16.452696014800427,0.0,3196447.351192765,0.0,3196447.351192765,0.10008020717421354,52574.602312426556,0.0,52574.602312426556,14026.9346198786,OK,False
E02234,PEN_DB_01,47.46611909650924,17.409993155373034,60.0,12.533880903490761,29.943874058863795,pensionable_salary_annual,pensionable_salary_annual,985000.0,0.06,2044640.3723577133,0.015,918366.807083216,533957.6233192073,0.07,0.03,Gompertz-Makeham,0.0002,1e-05,1.1,0.5,0.5,64.6735112936345,0.5337303766175767,PIPELINE_06_RETIREMENT_SUMMARY,12.533880903490761,16.452696014800427,0.8286118288269309,8785042.46125623,442443.60277460987,9227486.064030841,0.4282597212636967,2008043.033674139,101131.64486836169,2109174.678542501,121147.35828552418,OK,False
E02237,PEN_DB_01,39.12936344969199,2.2340862422997945,60.0,20.870636550308006,23.104722792607802,pensionable_salary_annual,pensionable_salary_annual,1090000.0,0.06,3677697.584093626,0.015,1274582.7479328997,123244.40363944141,0.07,0.03,Gompertz-Makeham,0.0002,1e-05,1.1,0.5,0.5,59.71800136892539,0.286885493696537,PIPELINE_06_RETIREMENT_SUMMARY,20.870636550308006,16.452698200221736,1.0973492596686076,2027702.9779460388,135242.15509204008,2162945.133038079,0.24363622147301883,141727.7143306339,9452.844785857007,151180.5591164909,67669.97453100282,OK,False
E02239,PEN_DB_02,47.05270362765229,28.813141683778234,60.0,12.947296372347708,41.76043805612594,pensionable_salary_annual,pensionable_salary_annual,781000.0,0.065,1765039.835094331,0.02,1474176.7340010314,1017126.8569217108,0.068,0.03,Gompertz-Makeham,0.0002,1e-05,1.1,0.67,0.67,58.78713210130048,0.5539235010962396,PIPELINE_06_RETIREMENT_SUMMARY,12.947296372347708,16.87780267710021,1.6214890476224135,17166866.38870377,1649260.0585411636,18816126.447244935,0.4266576369271008,4057143.2477223687,389779.0172498525,4446922.264972221,154336.59799326342,OK,False
E02247,PEN_DB_01,36.07392197125257,6.236824093086927,60.0,23.926078028747433,30.16290212183436,pensionable_salary_annual,pensionable_salary_annual,913000.0,0.06,3680788.6785313175,0.015,1665349.0296254423,344346.47267738567,0.07,0.03,Gompertz-Makeham,0.0002,1e-05,1.1,0.5,0.0,,0.27567147887566357,PIPELINE_06_RETIREMENT_SUMMARY,23.926078028747433,16.452696014800427,0.0,5665427.838729807,0.0,5665427.838729807,0.19813511090294944,309446.7961971009,0.0,309446.7961971009,49616.08529894253,OK,False
E02250,PEN_DB_01,46.06160164271047,15.290896646132786,60.0,13.938398357289529,29.229295003422315,pensionable_salary_annual,pensionable_salary_annual,2221000.0,0.06,5003475.636217537,0.015,2193720.9812015784,1147614.4323726879,0.07,0.03,Gompertz-Makeham,0.0002,1e-05,1.1,0.5,0.5,58.327173169062284,0.49261860084204323,PIPELINE_06_RETIREMENT_SUMMARY,13.938398357289529,16.452698921686956,1.1786665887297139,18881354.73401051,1352654.7881817028,20234009.522192214,0.38943699136919413,3622272.8390514893,259498.57776983813,3881771.4168213275,253861.59534359712,OK,False
E02251,PEN_DB_01,33.90554414784394,2.0506502395619437,60.0,26.09445585215606,28.145106091718002,pensionable_salary_annual,pensionable_salary_annual,440000.0,0.06,2012776.0699642808,0.015,849746.9404202384,61912.495950852,0.07,0.03,Gompertz-Makeham,0.0002,1e-05,1.1,0.5,0.0,,0.22172945867909516,PIPELINE_06_RETIREMENT_SUMMARY,26.09445585215606,16.452696014800427,0.0,1018627.4753969302,0.0,1018627.4753969302,0.17109854265639254,38644.2687169902,0.0,38644.2687169902,18844.885379012914,OK,False
E02255,PEN_DB_01,31.077344284736483,5.152635181382615,60.0,28.922655715263517,34.07529089664613,pensionable_salary_annual,pensionable_salary_annual,398000.0,0.06,2146821.3254635916,0.015,1097303.4175244295,165926.80634589237,0.07,0.03,Gompertz-Makeham,0.0002,1e-05,1.1,0.5,0.5,61.360711841204655,0.21428982206555472,PIPELINE_06_RETIREMENT_SUMMARY,28.922655715263517,16.452696014800427,1.0043591476673102,2729943.3055156255,166650.1057967193,2896593.411312345,0.141300309916946,82660.54921218748,5046.034928122473,87706.58414030996,17021.69492946239,OK,False
E02264,PEN_DB_01,38.039698836413415,7.704312114989733,60.0,21.960301163586585,29.66461327857632,pensionable_salary_annual,pensionable_salary_annual,649000.0,0.06,2333292.146188284,0.015,1038243.1377392219,269646.16424533183,0.07,0.03,Gompertz-Makeham,0.0002,1e-05,1.1,0.5,0.5,58.48596851471595,0.31034502732077063,PIPELINE_06_RETIREMENT_SUMMARY,21.960301163586585,16.452698921686956,1.1692730139841399,4436407.155716195,315289.9831764016,4751697.138892597,0.22632023880905497,311601.5295923036,22145.136272335258,333746.66586463887,43319.46329319806,OK,False
E02267,PEN_DB_01,48.02190280629706,19.923340177960302,60.0,11.978097193702943,31.901437371663246,pensionable_salary_annual,pensionable_salary_annual,1309000.0,0.06,2630605.7209171215,0.015,1258801.554830649,786156.7897788046,0.07,0.03,Gompertz-Makeham,0.0002,1e-05,1.1,0.5,0.0,,0.5555934514764068,PIPELINE_06_RETIREMENT_SUMMARY,11.978097193702943,16.452696014800427,0.0,12934398.682202036,0.0,12934398.682202036,0.4446704346815745,3195520.562504111,0.0,3195520.562504111,160390.80465227796,REVIEW_SPOUSE_DOB_MISSING,True
E02271,PEN_DB_02,40.238193018480494,8.974674880219029,60.0,19.761806981519506,28.736481861738532,pensionable_salary_annual,pensionable_salary_annual,802000.0,0.065,2783889.78957793,0.02,1599983.9688657054,499690.11527646566,0.068,0.03,Gompertz-Makeham,0.0002,1e-05,1.1,0.67,0.67,54.940451745379875,0.35076214547289564,PIPELINE_06_RETIREMENT_SUMMARY,19.761806981519506,16.8778029992237,1.956596649696534,8433671.326295568,977692.0054364075,9411363.331731975,0.27250872957282896,806138.7706829834,93453.42032854371,899592.1910115272,100236.7442852228,OK,False
E02308,PEN_DB_02,39.449691991786445,5.470225872689938,60.0,20.550308008213555,26.020533880903493,pensionable_salary_annual,pensionable_salary_annual,2078000.0,0.065,7580335.138497247,0.02,3944887.345997418,829322.9079653661,0.068,0.03,Gompertz-Makeham,0.0002,1e-05,1.1,0.67,0.0,,0.31792943594438355,PIPELINE_06_RETIREMENT_SUMMARY,20.550308008213555,16.87779941727805,0.0,13997145.692793196,0.0,13997145.692793196,0.25873307912667465,1151389.274634197,0.0,1151389.274634197,210482.94922929953,OK,False
E02309,PEN_DB_01,31.397672826830938,6.48870636550308,60.0,28.602327173169062,35.09103353867214,pensionable_salary_annual,pensionable_salary_annual,552000.0,0.06,2922440.7530975244,0.015,1538271.9972259125,284442.8987614428,0.07,0.03,Gompertz-Makeham,0.0002,1e-05,1.1,0.5,0.0,,0.22420683158932836,PIPELINE_06_RETIREMENT_SUMMARY,28.602327173169062,16.452696014800427,0.0,4679852.546890671,0.0,4679852.546890671,0.14439613775321766,151508.3567888096,0.0,151508.3567888096,23349.547391186796,OK,False
E02315,PEN_DB_02,40.92265571526352,2.622861054072553,60.0,19.077344284736483,21.700205338809035,pensionable_salary_annual,pensionable_salary_annual,1276000.0,0.065,4242370.146106116,0.02,1841206.06587472,222542.94866363634,0.068,0.03,Gompertz-Makeham,0.0002,1e-05,1.1,0.67,0.0,,0.3176910748608005,PIPELINE_06_RETIREMENT_SUMMARY,19.077344284736483,16.87779941727805,0.0,3756035.249274461,0.0,3756035.249274461,0.28506006231322517,340150.44942210405,0.0,340150.44942210405,129686.79713092222,OK,False
E02317,PEN_DB_02,37.4839151266256,0.487337440109514,60.0,22.516084873374403,23.003422313483917,pensionable_salary_annual,pensionable_salary_annual,960000.0,0.065,3963485.949362706,0.02,1823474.8225350012,38631.10192944896,0.068,0.03,Gompertz-Makeham,0.0002,1e-05,1.1,0.67,0.67,58.15195071868583,0.24297259492968606,PIPELINE_06_RETIREMENT_SUMMARY,22.516084873374403,16.87780267710021,1.6753420784923152,652008.1155641847,64720.31060093151,716728.4261651163,0.22734596437550186,36016.171264384866,3575.0748115617084,39591.246075946576,81239.90241145778,OK,False
E02323,PEN_DB_01,29.793292265571527,4.418891170431212,60.0,30.206707734428473,34.625598904859686,pensionable_salary_annual,pensionable_salary_annual,660000.0,0.06,3836637.8905386203,0.015,1992688.2711146583,254305.2794796441,0.07,0.03,Gompertz-Makeham,0.0002,1e-05,1.1,0.5,0.0,,0.19845777960587827,PIPELINE_06_RETIREMENT_SUMMARY,30.206707734428473,16.452696014800427,0.0,4184007.458237449,0.0,4184007.458237449,0.129542661436019,107565.59736058809,0.0,107565.59736058809,24342.21464433383,OK,False
E02330,PEN_DB_02,29.034907597535934,10.704996577686517,60.0,30.965092402464066,41.67008898015058,pensionable_salary_annual,pensionable_salary_annual,1034000.0,0.065,7267811.765680665,0.02,6057007.259337973,1556038.0015776267,0.068,0.03,Gompertz-Makeham,0.0002,1e-05,1.1,0.67,0.0,,0.21858520580155727,PIPELINE_06_RETIREMENT_SUMMARY,30.965092402464066,16.87779941727805,0.0,26262497.27628937,0.0,26262497.27628937,0.13040328152872985,748592.2136309482,0.0,748592.2136309482,69929.23427844087,OK,False
E02333,PEN_DB_01,46.58179329226557,6.346338124572211,60.0,13.418206707734427,19.764544832306637,pensionable_salary_annual,pensionable_salary_annual,637000.0,0.06,1392190.8124557459,0.015,412740.26591860485,132529.7044465059,0.07,0.03,Gompertz-Makeham,0.0002,1e-05,1.1,0.5,0.0,,0.4595901359016849,PIPELINE_06_RETIREMENT_SUMMARY,13.418206707734427,16.452696014800427,0.0,2180470.940189706,0.0,2180470.940189706,0.40338746360166794,404243.82926177164,0.0,404243.82926177164,63697.178014608326,OK,False
E02343,PEN_DB_02,39.17864476386037,6.839151266255989,60.0,20.82135523613963,27.66050650239562,pensionable_salary_annual,pensionable_salary_annual,1483000.0,0.065,5502968.794457444,0.02,3044298.0824314062,752712.7199756164,0.068,0.03,Gompertz-Makeham,0.0002,1e-05,1.1,0.67,0.0,,0.32235828673706524,PIPELINE_06_RETIREMENT_SUMMARY,20.82135523613963,16.87779941727805,0.0,12704134.306582237,0.0,12704134.306582237,0.2541603489863517,1040858.5487380361,0.0,1040858.5487380361,152191.1869201632,OK,False
E02350,PEN_DB_01,58.73511293634497,9.637234770704996,60.0,1.2648870636550313,10.902121834360027,pensionable_salary_annual,pensionable_salary_annual,2680000.0,0.06,2884986.9675093726,0.015,471787.1911549208,417049.4507446813,0.07,0.03,Gompertz-Makeham,0.0002,1e-05,1.1,0.5,0.5,57.256673511293634,0.9252610492523773,PIPELINE_06_RETIREMENT_SUMMARY,1.2648870636550313,16.452699135693468,1.242665577531848,6861589.137808453,518252.9965689794,7379842.134377433,0.9179791975870916,5828030.680090785,440188.7526914342,6268219.432782219,650416.8033590073,OK,False
E02367,PEN_DB_01,40.714579055441476,11.493497604380561,60.0,19.285420944558524,30.778918548939085,pensionable_salary_annual,pensionable_salary_annual,2821000.0,0.06,8678353.772774495,0.015,4006655.158666566,1496169.5744602599,0.07,0.03,Gompertz-Makeham,0.0002,1e-05,1.1,0.5,0.5,53.32238193018481,0.9697469012793025,REVIEW_DB_MORTALITY_ONLY_FALLBACK,19.285420944558524,16.4526992082766,1.4858013964166477,24616027.973169852,2223010.8430091557,26839038.816179007,0.27121985434538093,6474375.078760202,584684.3372732333,7059059.416033436,614178.5258947624,REVIEW_DB_MORTALITY_ONLY_FALLBACK,True
E02379,PEN_DB_01,49.68104038329911,21.95482546201232,60.0,10.318959616700887,32.2737850787132,pensionable_salary_annual,pensionable_salary_annual,3016000.0,0.06,5502518.849219053,0.015,2663806.6609689603,1812102.6140405578,0.07,0.03,Gompertz-Makeham,0.0002,1e-05,1.1,0.5,0.0,,0.6054481255605638,PIPELINE_06_RETIREMENT_SUMMARY,10.318959616700887,16.452696014800427,0.0,29813973.45643452,0.0,29813973.45643452,0.49749644839083973,8980216.027055988,0.0,8980216.027055988,409031.5380823295,OK,False
E02384,PEN_DB_01,42.338124572210816,3.457905544147844,60.0,17.661875427789184,21.11978097193703,pensionable_salary_annual,pensionable_salary_annual,1344000.0,0.06,3761389.506363389,0.015,1191595.8378680567,195097.94441630226,0.07,0.03,Gompertz-Makeham,0.0002,1e-05,1.1,0.5,0.5,64.94729637234771,0.3494137178793953,PIPELINE_06_RETIREMENT_SUMMARY,17.661875427789184,16.452696014800427,0.814864058220254,3209887.1725938516,158978.3027374976,3368865.4753313493,0.30271042577214424,339513.5388574223,16815.321929318157,356328.86078674044,103047.59810162864,OK,False
E02389,PEN_DB_01,46.19028062970568,13.656399726214921,60.0,13.809719370294317,27.46611909650924,pensionable_salary_annual,pensionable_salary_annual,2054000.0,0.06,4592692.166182845,0.015,1892151.4501497454,940794.6006127323,0.07,0.03,Gompertz-Makeham,0.0002,1e-05,1.1,0.5,0.5,67.15947980835044,0.4892134702403938,PIPELINE_06_RETIREMENT_SUMMARY,13.809719370294317,16.452696014800427,0.7084803244307499,15478607.576246861,666534.4638648065,16145142.040111668,0.392842328092936,2974736.9816446463,128097.0984910836,3102834.08013573,227207.32713904875,OK,False
E02393,PEN_DB_01,33.18001368925393,13.880903490759753,60.0,26.819986310746067,40.700889801505824,pensionable_salary_annual,pensionable_salary_annual,824000.0,0.06,3932150.8614251567,0.015,2400630.5834064223,818727.0992782563,0.07,0.03,Gompertz-Makeham,0.0002,1e-05,1.1,0.5,0.0,,0.27304849919819124,PIPELINE_06_RETIREMENT_SUMMARY,26.819986310746067,16.452696014800427,0.0,13470268.083504481,0.0,13470268.083504481,0.1629024007569036,599160.9733147864,0.0,599160.9733147864,43164.40739708596,OK,False
E02394,PEN_DB_01,49.790554414784395,3.6249144421629023,60.0,10.209445585215605,13.834360027378507,pensionable_salary_annual,pensionable_salary_annual,5520000.0,0.06,10006862.494581047,0.015,2076578.077417578,544110.3056601769,0.07,0.03,Gompertz-Makeham,0.0002,1e-05,1.1,0.5,0.5,59.148528405201915,0.5200432605256694,PIPELINE_06_RETIREMENT_SUMMARY,10.209445585215605,16.452698200221736,1.1303764575991107,8952082.646657292,615049.4798553201,9567132.126512611,0.5011963743311012,2333304.8091354487,160308.83156988508,2493613.6407053336,687909.6542806821,OK,False
E02397,PEN_DB_02,41.09514031485284,8.991101984941821,60.0,18.90485968514716,27.89596167008898,pensionable_salary_annual,pensionable_salary_annual,3334000.0,0.065,10964935.792493643,0.02,6117548.571647788,1971737.1193729844,0.068,0.03,Gompertz-Makeham,0.0002,1e-05,1.1,0.67,0.0,,0.9700028273965772,REVIEW_DB_MORTALITY_ONLY_FALLBACK,18.90485968514716,16.87779941727805,0.0,33278583.60437886,0.0,33278583.60437886,0.28831316709543203,9306841.348257143,0.0,9306841.348257143,1035116.8704174547,REVIEW_SPOUSE_DOB_MISSING | REVIEW_DB_MORTALITY_ONLY_FALLBACK,True
E02402,PEN_DB_02,42.3025325119781,7.115674195756331,60.0,17.6974674880219,24.81314168377823,pensionable_salary_annual,pensionable_salary_annual,2934000.0,0.065,8942910.902051402,0.02,4438034.305560129,1272696.8068135027,0.068,0.03,Gompertz-Makeham,0.0002,1e-05,1.1,0.67,0.67,56.925393566050644,0.3760230455288433,PIPELINE_06_RETIREMENT_SUMMARY,17.6974674880219,16.877802981487697,1.781127316290084,21480325.960566808,2266835.0479706936,23747161.0085375,0.312148451175679,2521253.5016659293,266069.78929868876,2787323.2909646183,391715.9800018572,OK,False
E02407,PEN_DB_01,39.110198494182065,2.1820670773442847,60.0,20.889801505817935,23.07186858316222,pensionable_salary_annual,pensionable_salary_annual,2630000.0,0.06,8883625.67901884,0.015,3074427.6631249185,290770.0068245591,0.07,0.03,Gompertz-Makeham,0.0002,1e-05,1.1,0.5,0.0,,0.9687372705180911,REVIEW_DB_MORTALITY_ONLY_FALLBACK,20.889801505817935,16.452696014800427,0.0,4783950.532505917,0.0,4783950.532505917,0.24332050921082993,1127642.4220804127,0.0,1127642.4220804127,516777.1576723598,REVIEW_DB_MORTALITY_ONLY_FALLBACK,True
E02411,PEN_DB_01,28.854209445585216,4.1505817932922655,60.0,31.145790554414784,35.29637234770705,pensionable_salary_annual,pensionable_salary_annual,512000.0,0.06,3143700.3274298627,0.015,1664418.259598595,195722.78013895982,0.07,0.03,Gompertz-Makeham,0.0002,1e-05,1.1,0.5,0.5,59.80835044490075,0.18887750460613947,PIPELINE_06_RETIREMENT_SUMMARY,31.145790554414784,16.452698200221736,1.0921451135411842,3220167.8325346587,213757.67793746048,3433925.5104721193,0.12156792796085579,73939.71261012908,4908.185565739219,78847.8981758683,18996.830348770385,OK,False
E02414,PEN_DB_01,29.420944558521562,8.128678986995208,60.0,30.579055441478438,38.70773442847364,pensionable_salary_annual,pensionable_salary_annual,594000.0,0.06,3528709.461361496,0.015,2048825.2305843458,430256.19674670557,0.07,0.03,Gompertz-Makeham,0.0002,1e-05,1.1,0.5,0.0,,0.2124686445214988,PIPELINE_06_RETIREMENT_SUMMARY,30.579055441478438,16.452696014800427,0.0,7078874.413557711,0.0,7078874.413557711,0.12631991741939633,189990.06350270973,0.0,189990.06350270973,23372.809260479873,OK,False
E02422,PEN_DB_01,39.90965092402464,2.5735797399041753,60.0,20.09034907597536,22.663928815879537,pensionable_salary_annual,pensionable_salary_annual,534000.0,0.06,1721650.2257946595,0.015,585290.3724487964,66462.06210459876,0.07,0.03,Gompertz-Makeham,0.0002,1e-05,1.1,0.5,0.5,53.12799452429843,0.3016228238997133,PIPELINE_06_RETIREMENT_SUMMARY,20.09034907597536,16.4526992082766,1.4980469510030754,1093480.3165687623,99563.28949317122,1193043.6060619336,0.2568441326424349,84711.97763036603,7713.173273037881,92425.15090340392,35913.07060368966,OK,False
E02437,PEN_DB_02,40.6652977412731,8.626967830253252,60.0,19.3347022587269,27.96167008898015,pensionable_salary_annual,pensionable_salary_annual,1400000.0,0.065,4730690.752021645,0.02,2645560.282020373,816230.3386513459,0.068,0.03,Gompertz-Makeham,0.0002,1e-05,1.1,0.67,0.0,,0.3560340670611865,PIPELINE_06_RETIREMENT_SUMMARY,19.3347022587269,16.87779941727805,0.0,13776171.934054352,0.0,13776171.934054352,0.2802743383740336,1374685.7973798383,0.0,1374685.7973798383,159347.50475816758,OK,False
E02439,PEN_DB_01,32.33401779603012,2.239561943874059,60.0,27.665982203969882,29.90554414784394,pensionable_salary_annual,pensionable_salary_annual,442000.0,0.06,2215816.9868173273,0.015,993978.1908421217,74436.8909739866,0.07,0.03,Gompertz-Makeham,0.0002,1e-05,1.1,0.5,0.5,55.6413415468857,0.20761163029405527,PIPELINE_06_RETIREMENT_SUMMARY,27.665982203969882,16.452699205198666,1.3411993379806604,1224687.7769651692,99834.70889564943,1324522.4858608188,0.15383987894033585,39115.23931173191,3188.615583105864,42303.85489483777,18889.34352119743,OK,False
E02442,PEN_DB_01,48.21629021218344,4.744695414099931,60.0,11.783709787816562,16.52840520191649,pensionable_salary_annual,pensionable_salary_annual,2069000.0,0.06,4111094.528736478,0.015,1019247.5429150765,292588.3703614093,0.07,0.03,Gompertz-Makeham,0.0002,1e-05,1.1,0.5,0.0,,0.4874804008620556,PIPELINE_06_RETIREMENT_SUMMARY,11.783709787816562,16.452696014800427,0.0,4813867.51502211,0.0,4813867.51502211,0.4505573629706815,1057307.674433611,0.0,1057307.674433611,222839.94696299854,REVIEW_SPOUSE_DOB_MISSING,True
E02450,PEN_DB_01,30.90759753593429,5.075975359342916,60.0,29.09240246406571,34.168377823408626,pensionable_salary_annual,pensionable_salary_annual,576000.0,0.06,3137840.762111106,0.015,1608223.9306425708,238914.03585026652,0.07,0.03,Gompertz-Makeham,0.0002,1e-05,1.1,0.5,0.0,,0.21225677167034368,PIPELINE_06_RETIREMENT_SUMMARY,29.09240246406571,16.452696014800427,0.0,3930780.0055135665,0.0,3930780.0055135665,0.13968678237118057,116545.5260480617,0.0,116545.5260480617,22960.222971442574,REVIEW_SPOUSE_DOB_MISSING,True
E02454,PEN_DB_01,40.42436687200548,3.3374401095140316,60.0,19.57563312799452,22.913073237508552,pensionable_salary_annual,pensionable_salary_annual,835000.0,0.06,2612551.1970934714,0.015,897923.6537361502,130788.49730007975,0.07,0.03,Gompertz-Makeham,0.0002,1e-05,1.1,0.5,0.5,59.09377138945927,0.3166255900714467,PIPELINE_06_RETIREMENT_SUMMARY,19.57563312799452,16.452698200221736,1.1335721854922742,2151823.6741387276,148258.20272170182,2300081.8768604295,0.2659462972928766,181195.18032785124,12484.141753851709,193679.32208170294,58032.2989256292,OK,False
E02456,PEN_DB_01,35.630390143737166,3.162217659137577,60.0,24.369609856262834,27.531827515400412,pensionable_salary_annual,pensionable_salary_annual,1596000.0,0.06,6602781.87710897,0.015,2726799.776435639,313191.5017684132,0.07,0.03,Gompertz-Makeham,0.0002,1e-05,1.1,0.5,0.5,60.80492813141684,0.2500291524614082,PIPELINE_06_RETIREMENT_SUMMARY,24.369609856262834,16.452696014800427,1.0354236015590943,5152844.573014532,324285.8727387518,5477130.445753284,0.19227764828528635,247723.0927031983,15590.04898682645,263313.14169002476,83268.50649548185,OK,False
E02466,PEN_DB_01,47.389459274469544,5.8507871321013,60.0,12.610540725530456,18.461327857631755,pensionable_salary_annual,pensionable_salary_annual,1783000.0,0.06,3717679.851269604,0.015,1029499.5990599974,326270.3015262071,0.07,0.03,Gompertz-Makeham,0.0002,1e-05,1.1,0.5,0.5,58.784394250513344,0.47546435679861426,PIPELINE_06_RETIREMENT_SUMMARY,12.610540725530456,16.452698921686956,1.1516933708379182,5368027.038098706,375763.3433690215,5743790.381467727,0.42604421713255775,1087395.008407131,76117.94445554272,1163512.952862674,198864.3453594252,OK,False
E02473,PEN_DB_01,43.26351813826147,3.6605065023956196,60.0,16.736481861738532,20.396988364134153,pensionable_salary_annual,pensionable_salary_annual,1003000.0,0.06,2659696.538194372,0.015,813746.9901251773,146037.54708689425,0.07,0.03,Gompertz-Makeham,0.0002,1e-05,1.1,0.5,0.5,53.86173853524983,0.3680432441979984,PIPELINE_06_RETIREMENT_SUMMARY,16.736481861738532,16.4526992082766,1.4519093831195327,2402711.8353352016,212033.28490322235,2614745.120238424,0.32226930148109767,284983.3423177004,25149.06420556733,310132.40652326774,84723.9053721941,OK,False
E02480,PEN_DB_01,44.95277207392197,1.6892539356605065,60.0,15.04722792607803,16.736481861738536,pensionable_salary_annual,pensionable_salary_annual,1067000.0,0.06,2564174.293327209,0.015,643728.8482591059,64973.12275083728,0.07,0.03,Gompertz-Makeham,0.0002,1e-05,1.1,0.5,0.5,62.29705681040383,0.37849834657848935,PIPELINE_06_RETIREMENT_SUMMARY,15.04722792607803,16.452696014800427,0.9530015165561966,1068983.0377518395,61919.48451693985,1130902.5222687793,0.361289716129412,146180.82229790773,8467.338435963184,154648.1607338709,91548.20212001029,OK,False
E02481,PEN_DB_01,32.20260095824778,1.2019164955509924,60.0,27.79739904175222,28.999315537303215,pensionable_salary_annual,pensionable_salary_annual,767000.0,0.06,3874651.0736235767,0.015,1685433.4362144116,69855.1055983881,0.07,0.03,Gompertz-Makeham,0.0002,1e-05,1.1,0.5,0.0,,0.19705480815302578,PIPELINE_06_RETIREMENT_SUMMARY,27.79739904175222,16.452696014800427,0.0,1149304.8174920627,0.0,1149304.8174920627,0.15247807706000474,34532.63112819532,0.0,34532.63112819532,28731.30642271832,OK,False
E02483,PEN_DB_01,45.4072553045859,22.7378507871321,60.0,14.592744695414098,37.3305954825462,pensionable_salary_annual,pensionable_salary_annual,1895000.0,0.06,4434975.708270148,0.015,2483404.2621052763,1512627.238488032,0.07,0.03,Gompertz-Makeham,0.0002,1e-05,1.1,0.5,0.5,58.09993155373032,0.5014012628344574,PIPELINE_06_RETIREMENT_SUMMARY,14.592744695414098,16.452698921686956,1.1921553687388304,24886800.53558636,1803286.6832640986,26690087.21885046,0.37257184636423085,4649053.291690946,336868.3683828094,4985921.660073755,219278.49323804205,OK,False
E02484,PEN_DB_01,47.167693360711844,1.8507871321013005,60.0,12.832306639288156,14.683093771389457,pensionable_salary_annual,pensionable_salary_annual,1276000.0,0.06,2695152.2102039447,0.015,593597.5894588811,74822.29544549761,0.07,0.03,Gompertz-Makeham,0.0002,1e-05,1.1,0.5,0.5,59.23340177960301,0.4291103280611967,PIPELINE_06_RETIREMENT_SUMMARY,12.832306639288156,16.452698200221736,1.1254299168053945,1231028.6456125975,84207.24973841503,1315235.8953510125,0.4196994059682858,221704.99658072664,15165.502510331391,236870.49909105804,127983.65353995407,OK,False
E02487,PEN_DB_01,33.516769336071185,13.097878165639973,60.0,26.483230663928815,39.58110882956879,pensionable_salary_annual,pensionable_salary_annual,1757000.0,0.06,8221533.456766323,0.015,4881261.157473131,1615269.6532718723,0.07,0.03,Gompertz-Makeham,0.0002,1e-05,1.1,0.5,0.0,,0.27433796144622397,PIPELINE_06_RETIREMENT_SUMMARY,26.483230663928815,16.452696014800427,0.0,26575540.5872142,0.0,26575540.5872142,0.16665664618229917,1215040.2153633705,0.0,1215040.2153633705,92766.18701117705,OK,False
E02488,PEN_DB_01,35.43052703627652,8.591375770020534,60.0,24.569472963723477,33.16084873374401,pensionable_salary_annual,pensionable_salary_annual,926000.0,0.06,3875812.500760924,0.015,1927878.4808713065,499478.4241227014,0.07,0.03,Gompertz-Makeham,0.0002,1e-05,1.1,0.5,0.0,,0.2796074327377179,PIPELINE_06_RETIREMENT_SUMMARY,24.569472963723477,16.452696014800427,0.0,8217766.678042367,0.0,8217766.678042367,0.18969508068782823,435871.6143641721,0.0,435871.6143641721,50733.622417627106,OK,False
E02499,PEN_DB_01,27.197809719370294,4.454483230663929,60.0,32.8021902806297,37.25667351129363,pensionable_salary_annual,pensionable_salary_annual,815000.0,0.06,5511190.414317893,0.015,3079929.3288721917,368242.5792236226,0.07,0.03,Gompertz-Makeham,0.0002,1e-05,1.1,0.5,0.0,,0.1770650925296594,PIPELINE_06_RETIREMENT_SUMMARY,32.8021902806297,16.452696014800427,0.0,6058583.215672326,0.0,6058583.215672326,0.10867952540152742,116587.43866407812,0.0,116587.43866407812,26173.055913985576,OK,False
E02515,PEN_DB_02,47.30732375085558,6.959616700889802,60.0,12.69267624914442,19.652292950034223,pensionable_salary_annual,pensionable_salary_annual,1789000.0,0.065,3978781.203559991,0.02,1563843.475929014,553815.8422696508,0.068,0.03,Gompertz-Makeham,0.0002,1e-05,1.1,0.67,0.0,,0.481343124462576,PIPELINE_06_RETIREMENT_SUMMARY,12.69267624914442,16.87779941727805,0.0,9347192.699938064,0.0,9347192.699938064,0.43386472291964534,1952047.172008976,0.0,1952047.172008976,280481.99432583735,OK,False
E02528,PEN_DB_01,43.383983572895275,5.68104038329911,60.0,16.616016427104725,22.297056810403834,pensionable_salary_annual,pensionable_salary_annual,559000.0,0.06,1471954.8227224338,0.015,492303.9045688502,125433.52185417044,0.07,0.03,Gompertz-Makeham,0.0002,1e-05,1.1,0.5,0.0,,0.38671484154957547,PIPELINE_06_RETIREMENT_SUMMARY,16.616016427104725,16.452696014800427,0.0,2063719.6051324923,0.0,2063719.6051324923,0.32490670010180384,259298.61508994558,0.0,259298.61508994558,45642.80441523018,OK,False
E02530,PEN_DB_01,35.35386721423682,14.934976043805612,60.0,24.64613278576318,39.58110882956879,pensionable_salary_annual,pensionable_salary_annual,935000.0,0.06,3931002.558184659,0.015,2333901.6009723046,880641.4355193969,0.07,0.03,Gompertz-Makeham,0.0002,1e-05,1.1,0.5,0.5,58.45311430527037,0.3036151761752832,PIPELINE_06_RETIREMENT_SUMMARY,24.64613278576318,16.452698921686956,1.1712143014432048,14488928.396562835,1031419.8437237915,15520348.240286626,0.18871373639123984,830162.7751428338,59096.596819834886,889259.3719626687,59542.06885597886,OK,False
E02532,PEN_DB_01,44.59958932238193,10.956878850102669,60.0,15.40041067761807,26.357289527720738,pensionable_salary_annual,pensionable_salary_annual,1552000.0,0.06,3807259.1102156644,0.015,1505235.4601251006,625735.1523237408,0.07,0.03,Gompertz-Makeham,0.0002,1e-05,1.1,0.5,0.0,,0.4420064311004315,PIPELINE_06_RETIREMENT_SUMMARY,15.40041067761807,16.452696014800427,0.0,10295030.246957349,0.0,10295030.246957349,0.3527587186273121,1605217.8173215594,0.0,1605217.8173215594,146503.2003440029,OK,False
E02569,PEN_DB_01,50.65023956194388,12.66255989048597,60.0,9.349760438056123,22.012320328542092,pensionable_salary_annual,pensionable_salary_annual,1592000.0,0.06,2745028.3955440097,0.015,906366.6653048802,521386.2968949094,0.07,0.03,Gompertz-Makeham,0.0002,1e-05,1.1,0.5,0.5,61.18275154004107,0.6035775851552626,PIPELINE_06_RETIREMENT_SUMMARY,9.349760438056123,16.452696014800427,1.0142600560544912,8578210.249094428,528821.2947146744,9107031.543809103,0.5312130283853581,2750416.770845889,169555.06049962126,2919971.83134551,230598.85651869138,OK,False
E02580,PEN_DB_01,44.23545516769336,3.8466803559206024,60.0,15.76454483230664,19.611225188227245,pensionable_salary_annual,pensionable_salary_annual,716000.0,0.06,1794107.533415308,0.015,527769.7027455381,103520.37307796747,0.07,0.03,Gompertz-Makeham,0.0002,1e-05,1.1,0.5,0.5,57.648186173853524,0.38849173248935726,PIPELINE_06_RETIREMENT_SUMMARY,15.76454483230664,16.452699135693468,1.2191283631144278,1703189.5526665407,126204.62297953737,1829394.175646078,0.34417404762586445,227731.3836384795,16874.665164370996,244606.0488028505,63588.867847146714,OK,False
E02595,PEN_DB_02,29.245722108145106,7.208761122518823,60.0,30.754277891854894,37.96303901437372,pensionable_salary_annual,pensionable_salary_annual,612000.0,0.065,4244913.646371395,0.02,3222996.447396894,612011.3692482346,0.068,0.03,Gompertz-Makeham,0.0002,1e-05,1.1,0.67,0.0,,0.2070174833660868,PIPELINE_06_RETIREMENT_SUMMARY,30.754277891854894,16.87779941727805,0.0,10329405.131265396,0.0,10329405.131265396,0.13222444566729938,282744.4513628724,0.0,282744.4513628724,39222.33606543454,OK,False
E02607,PEN_DB_01,49.52224503764545,13.831622176591376,60.0,10.477754962354553,24.309377138945926,pensionable_salary_annual,pensionable_salary_annual,2302000.0,0.06,4238907.841649545,0.015,1545678.140698411,879464.575606304,0.07,0.03,Gompertz-Makeham,0.0002,1e-05,1.1,0.5,0.0,,0.5752662229365704,PIPELINE_06_RETIREMENT_SUMMARY,10.477754962354553,16.452696014800427,0.0,14469563.318235986,0.0,14469563.318235986,0.49218001769225084,4096833.150965029,0.0,4096833.150965029,296193.2518586653,OK,False
E02609,PEN_DB_01,34.06160164271047,6.2149212867898695,60.0,25.93839835728953,32.153319644079396,pensionable_salary_annual,pensionable_salary_annual,821000.0,0.06,3721660.654729406,0.015,1794956.1695746258,346947.42037929164,0.07,0.03,Gompertz-Makeham,0.0002,1e-05,1.1,0.5,0.5,58.34633812457221,0.25128119906145413,PIPELINE_06_RETIREMENT_SUMMARY,25.93839835728953,16.452698921686956,1.1775314573433544,5708221.449156443,408541.5015407447,6116762.950697187,0.17291468153865308,248023.41220058597,17751.213427898914,265774.6256284849,42763.956832953336,OK,False
E02627,PEN_DB_02,40.26009582477755,5.319644079397673,60.0,19.73990417522245,25.059548254620122,pensionable_salary_annual,pensionable_salary_annual,844000.0,0.065,2925641.335101079,0.02,1466305.0042535346,311267.4121342312,0.068,0.03,Gompertz-Makeham,0.0002,1e-05,1.1,0.67,0.0,,0.3295064887723757,PIPELINE_06_RETIREMENT_SUMMARY,19.73990417522245,16.87779941727805,0.0,5253508.947136775,0.0,5253508.947136775,0.2729016802895698,472410.6254874023,0.0,472410.6254874023,88804.93101352223,OK,False
E02635,PEN_DB_01,39.285420944558524,6.023271731690623,60.0,20.714579055441476,26.7378507871321,pensionable_salary_annual,pensionable_salary_annual,2050000.0,0.06,6854159.518468128,0.015,2748982.41714003,619266.9790813093,0.07,0.03,Gompertz-Makeham,0.0002,1e-05,1.1,0.5,0.0,,0.3190229375529317,PIPELINE_06_RETIREMENT_SUMMARY,20.714579055441476,16.452696014800427,0.0,10188611.358828556,0.0,10188611.358828556,0.24622231722856708,800321.1984995251,0.0,800321.1984995251,132871.50806906886,REVIEW_SPOUSE_DOB_MISSING,True
E02638,PEN_DB_02,33.54688569472964,2.0698151950718686,60.0,26.45311430527036,28.52292950034223,pensionable_salary_annual,pensionable_salary_annual,437000.0,0.065,2311871.747371074,0.02,1318827.0972819629,95702.94543532001,0.068,0.03,Gompertz-Makeham,0.0002,1e-05,1.1,0.67,0.0,,0.21820235546646546,PIPELINE_06_RETIREMENT_SUMMARY,26.45311430527036,16.87779941727805,0.0,1615255.1167000374,0.0,1615255.1167000374,0.17546939823049684,61844.62301635039,0.0,61844.62301635039,29879.29703270103,OK,False
E02665,PEN_DB_01,41.883641341546884,2.3572895277207393,60.0,18.116358658453116,20.473648186173854,pensionable_salary_annual,pensionable_salary_annual,800000.0,0.06,2299006.071931735,0.015,706035.6224191176,81291.34406296608,0.07,0.03,Gompertz-Makeham,0.0002,1e-05,1.1,0.5,0.0,,0.3305399358955904,PIPELINE_06_RETIREMENT_SUMMARY,18.116358658453116,16.452696014800427,0.0,1337461.7725025322,0.0,1337461.7725025322,0.293543822121529,129771.18221012532,0.0,129771.18221012532,55051.0154497657,OK,False
E02678,PEN_DB_01,38.20396988364134,3.6139630390143735,60.0,21.796030116358658,25.40999315537303,pensionable_salary_annual,pensionable_salary_annual,584000.0,0.06,2079602.1058792642,0.015,792640.1291443716,112734.07719756174,0.07,0.03,Gompertz-Makeham,0.0002,1e-05,1.1,0.5,0.5,52.76933607118412,0.2863983184779685,PIPELINE_06_RETIREMENT_SUMMARY,21.796030116358658,16.452699208341844,1.520679735024224,1854779.8626614723,171432.4266409886,2026212.2893024608,0.22884967322877242,121566.28148533247,11236.051809861461,132802.33329519394,36747.00926974969,OK,False
E02680,PEN_DB_01,36.27926078028747,8.435318275154003,60.0,23.720739219712527,32.15605749486653,pensionable_salary_annual,pensionable_salary_annual,1214000.0,0.06,4836069.320257518,0.015,2332633.846670413,611906.7587561976,0.07,0.03,Gompertz-Makeham,0.0002,1e-05,1.1,0.5,0.5,55.70704996577687,0.289810976050469,PIPELINE_06_RETIREMENT_SUMMARY,23.720739219712527,16.452699205198666,1.3371508346832808,10067517.843443785,818211.6332191906,10885729.476662975,0.2009070016388226,586181.7724999074,47640.41672424848,633822.1892241559,75139.09594745959,OK,False
E02703,PEN_DB_01,48.15605749486653,2.6611909650924024,60.0,11.84394250513347,14.505133470225871,pensionable_salary_annual,pensionable_salary_annual,480000.0,0.06,957111.315245106,0.015,208245.41060240538,38205.83977076974,0.07,0.03,Gompertz-Makeham,0.0002,1e-05,1.1,0.5,0.0,,0.46433704721347896,PIPELINE_06_RETIREMENT_SUMMARY,11.84394250513347,16.452696014800427,0.0,628589.0677386469,0.0,628589.0677386469,0.44872495895917913,130972.58083279588,0.0,130972.58083279588,49215.776902447215,OK,False
E02709,PEN_DB_01,33.661875427789184,9.894592744695414,60.0,26.338124572210816,36.23271731690623,pensionable_salary_annual,pensionable_salary_annual,692000.0,0.06,3210813.8392720963,0.015,1745047.652933344,476545.4297794397,0.07,0.03,Gompertz-Makeham,0.0002,1e-05,1.1,0.5,0.0,,0.26387646112022556,PIPELINE_06_RETIREMENT_SUMMARY,26.338124572210816,16.452696014800427,0.0,7840457.093403544,0.0,7840457.093403544,0.16830088625239795,348199.735190242,0.0,348199.735190242,35190.91125573766,OK,False
E02720,PEN_DB_02,40.766598220396986,6.507871321013004,60.0,19.233401779603014,25.74127310061602,pensionable_salary_annual,pensionable_salary_annual,2641000.0,0.065,8867361.13524053,0.02,4565143.2932803,1154152.9045019434,0.068,0.03,Gompertz-Makeham,0.0002,1e-05,1.1,0.67,0.0,,0.34555573786281935,PIPELINE_06_RETIREMENT_SUMMARY,19.233401779603014,16.87779941727805,0.0,19479561.219052672,0.0,19479561.219052672,0.2821484167556339,1899218.3442534944,0.0,1899218.3442534944,291834.03459763934,OK,False
E02721,PEN_DB_01,50.39835728952772,12.914442162902121,60.0,9.601642710472277,22.516084873374396,pensionable_salary_annual,pensionable_salary_annual,3504000.0,0.06,6131150.464123396,0.015,2070742.5633244682,1187705.8209145814,0.07,0.03,Gompertz-Makeham,0.0002,1e-05,1.1,0.5,0.5,57.60438056125941,0.5970273258937431,PIPELINE_06_RETIREMENT_SUMMARY,9.601642710472277,16.452699135693468,1.221754606357279,19540966.533219434,1451085.0576997434,20992051.590919178,0.5222367922694291,6092670.8341160305,452433.28132409556,6545104.1154401265,506805.0197507964,OK,False
E02729,PEN_DB_01,42.902121834360024,14.850102669404517,60.0,17.097878165639976,31.947980835044493,pensionable_salary_annual,pensionable_salary_annual,702000.0,0.06,1901138.3094080517,0.015,911062.9541060597,423481.48625171545,0.07,0.03,Gompertz-Makeham,0.0002,1e-05,1.1,0.5,0.0,,0.42416566739969636,PIPELINE_06_RETIREMENT_SUMMARY,17.097878165639976,16.452696014800427,0.0,6967412.161195361,0.0,6967412.161195361,0.3144848648581197,929408.7663017451,0.0,929408.7663017451,62586.01620422426,OK,False
E02733,PEN_DB_01,34.08624229979466,15.83025325119781,60.0,25.913757700205338,41.74401095140315,pensionable_salary_annual,pensionable_salary_annual,698000.0,0.06,3159551.8261114405,0.015,1978385.4904608265,750247.583514429,0.07,0.03,Gompertz-Makeham,0.0002,1e-05,1.1,0.5,0.0,,0.290345423993899,PIPELINE_06_RETIREMENT_SUMMARY,25.913757700205338,16.452696014800427,0.0,12343595.427401498,0.0,12343595.427401498,0.17320319729804629,620744.0556068809,0.0,620744.0556068809,39212.515792184924,OK,False
E02739,PEN_DB_01,48.714579055441476,7.707049965776865,60.0,11.285420944558524,18.99247091033539,pensionable_salary_annual,pensionable_salary_annual,1780000.0,0.06,3435637.577262362,0.015,978768.7011691583,397179.457083924,0.07,0.03,Gompertz-Makeham,0.0002,1e-05,1.1,0.5,0.5,53.149897330595486,0.5226562908110564,PIPELINE_06_RETIREMENT_SUMMARY,11.285420944558524,16.4526992082766,1.4966664176506055,6534674.139108405,594445.1551982089,7129119.294306614,0.46600620543226007,1591592.2569599564,144783.70092527935,1736375.9578852358,225297.09364745373,OK,False
E02744,PEN_DB_02,24.62696783025325,2.108145106091718,60.0,35.37303216974675,37.48117727583847,pensionable_salary_annual,pensionable_salary_annual,462000.0,0.065,4286279.934947666,0.02,3213096.361912857,180722.00136398096,0.068,0.03,Gompertz-Makeham,0.0002,1e-05,1.1,0.67,0.0,,0.14594412898246967,PIPELINE_06_RETIREMENT_SUMMARY,35.37303216974675,16.87779941727805,0.0,3050189.689310321,0.0,3050189.689310321,0.09757715677184547,43437.181448666815,0.0,43437.181448666815,20604.455226137085,OK,False
E02750,PEN_DB_01,40.01916495550992,1.9685147159479808,60.0,19.980835044490078,21.94934976043806,pensionable_salary_annual,pensionable_salary_annual,755000.0,0.06,2418684.776670127,0.015,796328.3718506946,71418.24864171751,0.07,0.03,Gompertz-Makeham,0.0002,1e-05,1.1,0.5,0.0,,0.2968784387544358,PIPELINE_06_RETIREMENT_SUMMARY,19.980835044490078,16.452696014800427,0.0,1175022.7348116117,0.0,1175022.7348116117,0.25875430561360174,90263.57122489056,0.0,90263.57122489056,45853.64310137869,OK,False
E02754,PEN_DB_01,52.114989733059545,3.263518138261465,60.0,7.885010266940455,11.148528405201919,pensionable_salary_annual,pensionable_salary_annual,1433000.0,0.06,2268732.0057438426,0.015,379395.34814738925,111060.72077399015,0.07,0.03,Gompertz-Makeham,0.0002,1e-05,1.1,0.5,0.5,58.86379192334018,0.5899652141050417,PIPELINE_06_RETIREMENT_SUMMARY,7.885010266940455,16.452698921686956,1.1470327602657435,1827248.6009200038,127390.28510649293,1954638.8860264968,0.5865548244915816,632313.7917468557,44083.01868002142,676396.8104268771,207260.0125909538,OK,False
E02768,PEN_DB_01,44.832306639288156,8.731006160164272,60.0,15.167693360711844,23.898699520876114,pensionable_salary_annual,pensionable_salary_annual,1123000.0,0.06,2717761.6171621378,0.015,974264.5238689241,355931.9013195096,0.07,0.03,Gompertz-Makeham,0.0002,1e-05,1.1,0.5,0.5,63.13210130047913,0.43542583488141334,PIPELINE_06_RETIREMENT_SUMMARY,15.167693360711844,16.452696014800427,0.9082878945647562,5856039.374379834,323288.63725792797,6179328.011637762,0.35835698190541315,913764.0162089885,50445.27618238898,964209.2923913775,110435.07182375371,OK,False
E02775,PEN_DB_02,42.68856947296372,9.681040383299111,60.0,17.31143052703628,26.992470910335392,pensionable_salary_annual,pensionable_salary_annual,2236000.0,0.065,6651699.69956859,0.02,3590916.2128978367,1287907.4681820415,0.068,0.03,Gompertz-Makeham,0.0002,1e-05,1.1,0.67,0.0,,0.3975040746788639,PIPELINE_06_RETIREMENT_SUMMARY,17.31143052703628,16.87779941727805,0.0,21737043.91599091,0.0,21737043.91599091,0.3201774518505206,2766513.612973133,0.0,2766513.612973133,285766.1473807797,OK,False
E02782,PEN_DB_01,28.54483230663929,7.994524298425736,60.0,31.45516769336071,39.449691991786445,pensionable_salary_annual,pensionable_salary_annual,413000.0,0.06,2581964.62142827,0.015,1527865.635735521,309623.6835552586,0.07,0.03,Gompertz-Makeham,0.0002,1e-05,1.1,0.5,0.0,,0.20400151468280012,PIPELINE_06_RETIREMENT_SUMMARY,31.45516769336071,16.452696014800427,0.0,5094144.344517432,0.0,5094144.344517432,0.11904971099448448,123718.02663280976,0.0,123718.02663280976,15475.345625901977,OK,False
E02785,PEN_DB_01,40.95824777549623,5.61533196440794,60.0,19.041752224503767,24.657084188911707,pensionable_salary_annual,pensionable_salary_annual,776000.0,0.06,2353584.1867446783,0.015,870487.8515738224,198242.34772128685,0.07,0.03,Gompertz-Makeham,0.0002,1e-05,1.1,0.5,0.0,,0.3428924663140499,PIPELINE_06_RETIREMENT_SUMMARY,19.041752224503767,16.452696014800427,0.0,3261621.0843186965,0.0,3261621.0843186965,0.27572832711279055,308370.5072255069,0.0,308370.5072255069,54915.810708979225,OK,False
E02793,PEN_DB_02,55.57563312799452,5.494866529774128,60.0,4.4243668720054785,9.919233401779607,pensionable_salary_annual,pensionable_salary_annual,1639000.0,0.065,2165626.9740685867,0.02,429627.1883395205,237996.62351571,0.068,0.03,Gompertz-Makeham,0.0002,1e-05,1.1,0.67,0.67,68.31485284052019,0.748656801752302,PIPELINE_06_RETIREMENT_SUMMARY,4.4243668720054785,16.87779941727805,0.9155528223006754,4016859.273687594,217898.48035783958,4234757.754045433,0.7474640266035414,2247810.4591925656,121934.68822742005,2369745.147419986,431265.279070827,OK,False
E02807,PEN_DB_01,28.6652977412731,4.418891170431212,60.0,31.3347022587269,35.75359342915811,pensionable_salary_annual,pensionable_salary_annual,566000.0,0.06,3513728.365866869,0.015,1884426.2312055621,232901.74876834196,0.07,0.03,Gompertz-Makeham,0.0002,1e-05,1.1,0.5,0.0,,0.18873366550562762,PIPELINE_06_RETIREMENT_SUMMARY,31.3347022587269,16.452696014800427,0.0,3831861.67380095,0.0,3831861.67380095,0.12002399412393343,86801.50851044474,0.0,86801.50851044474,19643.278180569974,OK,False
E02808,PEN_DB_02,45.7741273100616,23.45516769336071,60.0,14.225872689938399,37.681040383299106,pensionable_salary_annual,pensionable_salary_annual,1369000.0,0.065,3353323.7624211987,0.02,2527134.562201394,1573055.4235544098,0.068,0.03,Gompertz-Makeham,0.0002,1e-05,1.1,0.67,0.67,58.65023956194388,0.5115068109199817,PIPELINE_06_RETIREMENT_SUMMARY,14.225872689938399,16.87780267710021,1.6330385655286055,26549719.03889362,2568860.1723782863,29118579.211271908,0.3922373956083273,5326725.867957082,515395.8093238763,5842121.677280958,249076.0992911018,OK,False
E02834,PEN_DB_02,41.93018480492813,8.487337440109513,60.0,18.069815195071868,26.55715263518138,pensionable_salary_annual,pensionable_salary_annual,1703000.0,0.065,5313944.400631486,0.02,2822464.6508487565,902024.7853227984,0.068,0.03,Gompertz-Makeham,0.0002,1e-05,1.1,0.67,0.0,,0.3772330505599561,PIPELINE_06_RETIREMENT_SUMMARY,18.069815195071868,16.87779941727805,0.0,15224193.396091487,0.0,15224193.396091487,0.3045949817252755,1749309.9718578737,0.0,1749309.9718578737,206108.2152326092,OK,False
E02844,PEN_DB_02,48.50102669404517,10.43668720054757,60.0,11.498973305954827,21.935660506502398,pensionable_salary_annual,pensionable_salary_annual,1242000.0,0.065,2562205.774118324,0.02,1124073.5201771944,534818.8041581959,0.068,0.03,Gompertz-Makeham,0.0002,1e-05,1.1,0.67,0.67,60.46543463381246,0.5321871001674741,PIPELINE_06_RETIREMENT_SUMMARY,11.498973305954827,16.87779941727805,1.4826143924502577,9026564.501170542,792930.0563979769,9819494.557568518,0.46931012942240913,2254481.9426892553,198042.84273745504,2452524.7854267103,234990.73396566266,OK,False
E02867,PEN_DB_02,44.106776180698155,3.132101300479124,60.0,15.893223819301845,19.02532511978097,pensionable_salary_annual,pensionable_salary_annual,1303000.0,0.065,3545013.1739752623,0.02,1348900.5637757203,222066.8074484709,0.068,0.03,Gompertz-Makeham,0.0002,1e-05,1.1,0.67,0.67,59.17864476386037,0.37902303924490677,PIPELINE_06_RETIREMENT_SUMMARY,15.893223819301845,16.87780186690075,1.5886340350366013,3747999.5773304915,352782.8883645603,4100782.465695052,0.35148814860216293,499316.39825998386,46998.47946925572,546314.8777292396,174424.39605822094,OK,False
E02881,PEN_DB_01,35.87132101300479,3.268993839835729,60.0,24.12867898699521,27.39767282683094,pensionable_salary_annual,pensionable_salary_annual,398000.0,0.06,1623604.2203358386,0.015,667244.6584353487,79613.28291913723,0.07,0.03,Gompertz-Makeham,0.0002,1e-05,1.1,0.5,0.0,,0.2537196876191212,PIPELINE_06_RETIREMENT_SUMMARY,24.12867898699521,16.452696014800427,0.0,1309853.142608868,0.0,1309853.142608868,0.19543766300382456,64950.87934949269,0.0,64950.87934949269,19868.767740705363,OK,False
E02890,PEN_DB_02,40.64613278576318,9.932922655715263,60.0,19.35386721423682,29.286789869952084,pensionable_salary_annual,pensionable_salary_annual,488000.0,0.065,1650975.0085824048,0.02,967035.1631379046,327980.1413353574,0.068,0.03,Gompertz-Makeham,0.0002,1e-05,1.1,0.67,0.0,,0.3623057478293701,PIPELINE_06_RETIREMENT_SUMMARY,19.35386721423682,16.87779941727805,0.0,5535583.038308668,0.0,5535583.038308668,0.27992118580676106,561402.5270009685,0.0,561402.5270009685,56519.36962158317,OK,False
E02897,PEN_DB_01,50.0807665982204,7.444216290212183,60.0,9.9192334017796,17.363449691991782,pensionable_salary_annual,pensionable_salary_annual,2050000.0,0.06,3654000.858482077,0.015,951690.9012112248,408017.59072742367,0.07,0.03,Gompertz-Makeham,0.0002,1e-05,1.1,0.5,0.0,,0.5597527456595064,PIPELINE_06_RETIREMENT_SUMMARY,9.9192334017796,16.452696014800427,0.0,6712989.388929555,0.0,6712989.388929555,0.5111348006278686,1920647.406439741,0.0,1920647.406439741,258005.32004491187,OK,False
E02901,PEN_DB_02,24.689938398357288,1.6290212183436004,60.0,35.310061601642715,36.93908281998632,pensionable_salary_annual,pensionable_salary_annual,254000.0,0.065,2347199.759105752,0.02,1734068.1259331864,76472.76422548515,0.068,0.03,Gompertz-Makeham,0.0002,1e-05,1.1,0.67,0.67,55.60027378507871,0.1432408047112728,PIPELINE_06_RETIREMENT_SUMMARY,35.310061601642715,16.877802996251773,1.8977483761298761,1290692.2491765488,145126.06412707732,1435818.3133036261,0.09798222728138913,18114.93423125347,2036.8520137778216,20151.786245031293,12370.487270584335,OK,False
E02916,PEN_DB_01,50.25051334702259,2.0479123887748116,60.0,9.74948665297741,11.797399041752222,pensionable_salary_annual,pensionable_salary_annual,2074000.0,0.06,3660394.951530455,0.015,647747.098404301,112442.52253571994,0.07,0.03,Gompertz-Makeham,0.0002,1e-05,1.1,0.5,0.5,60.41067761806981,0.5138342824623711,PIPELINE_06_RETIREMENT_SUMMARY,9.74948665297741,16.452696014800427,1.057709946712805,1849982.6424175466,118931.57451950971,1968914.2169370563,0.5170389389179244,491489.20311098365,31596.828772913024,523086.0318838967,255424.02826950973,OK,False
E02918,PEN_DB_02,39.096509240246405,8.796714579055442,60.0,20.903490759753595,29.700205338809035,pensionable_salary_annual,pensionable_salary_annual,734000.0,0.065,2737778.6557030333,0.02,1626251.764931773,481669.14829699363,0.068,0.03,Gompertz-Makeham,0.0002,1e-05,1.1,0.67,0.67,58.0889801505818,0.33172832872220287,PIPELINE_06_RETIREMENT_SUMMARY,20.903490759753595,16.87780267710021,1.6807168346381465,8129516.840603577,809549.4462685751,8939066.286872152,0.25279069467107007,681723.6790830591,67887.06361408942,749610.7426971485,85214.85333648723,OK,False
E02929,PEN_DB_01,45.894592744695416,20.870636550308006,60.0,14.105407255304584,34.97604380561259,pensionable_salary_annual,pensionable_salary_annual,330000.0,0.06,750694.917246842,0.015,393845.07465414394,235012.21167033576,0.07,0.03,Gompertz-Makeham,0.0002,1e-05,1.1,0.5,0.5,56.6652977412731,0.507104340783274,PIPELINE_06_RETIREMENT_SUMMARY,14.105407255304584,16.45269919212516,1.2784864730251142,3866585.22508808,300459.93361623917,4167045.158704319,0.3850612790229254,755013.5819743379,58669.68332870535,813683.2653030433,38986.98841032883,OK,False
E02936,PEN_DB_02,40.2299794661191,7.112936344969199,60.0,19.770020533880903,26.882956878850102,pensionable_salary_annual,pensionable_salary_annual,755000.0,0.065,2622100.0507769566,0.02,1409796.0519413517,373016.61502634,0.068,0.03,Gompertz-Makeham,0.0002,1e-05,1.1,0.67,0.67,65.14715947980835,0.34044243454398326,PIPELINE_06_RETIREMENT_SUMMARY,19.770020533880903,16.87779941727805,1.126367328794297,6295699.607726593,420153.7282631092,6715853.335989702,0.2723615189705051,583758.7900719336,38958.0900197448,622716.8800916785,87547.09024383586,OK,False
E02939,PEN_DB_02,38.58179329226557,2.2861054072553046,60.0,21.418206707734427,23.704312114989733,pensionable_salary_annual,pensionable_salary_annual,1160000.0,0.065,4469279.772552796,0.02,2118824.053156036,204344.89309139407,0.068,0.03,Gompertz-Makeham,0.0002,1e-05,1.1,0.67,0.67,57.2621492128679,0.27980863587289545,PIPELINE_06_RETIREMENT_SUMMARY,21.418206707734427,16.8778029178778,1.7518612198310686,3448892.8328713584,357983.8936773389,3806876.7265486973,0.24437400357879357,235828.24438956834,24478.207139704897,260306.45152927324,113864.588528224,OK,False
E02943,PEN_DB_01,24.580424366872005,4.418891170431212,60.0,35.41957563312799,39.8384668035592,pensionable_salary_annual,pensionable_salary_annual,395000.0,0.06,3111143.9379770234,0.015,1859148.0674128812,206217.09716200884,0.07,0.03,Gompertz-Makeham,0.0002,1e-05,1.1,0.5,0.0,,0.15779295878971938,PIPELINE_06_RETIREMENT_SUMMARY,35.41957563312799,16.452696014800427,0.0,3392827.2126610954,0.0,3392827.2126610954,0.09104142858818412,48740.325638690316,0.0,48740.325638690316,11029.990049276108,OK,False
E02944,PEN_DB_02,46.04243668720055,3.0992470910335386,60.0,13.95756331279945,17.05681040383299,pensionable_salary_annual,pensionable_salary_annual,1027000.0,0.065,2473456.7776142326,0.02,843785.6659568334,153317.07445636202,0.068,0.03,Gompertz-Makeham,0.0002,1e-05,1.1,0.67,0.0,,0.41901577519344463,PIPELINE_06_RETIREMENT_SUMMARY,13.95756331279945,16.87779941727805,0.0,2587654.8299183627,0.0,2587654.8299183627,0.39922242799723207,432864.18120499334,0.0,432864.18120499334,139667.52843208818,OK,False
E02950,PEN_DB_01,36.969199178644764,6.247775496235455,60.0,23.030800821355236,29.27857631759069,pensionable_salary_annual,pensionable_salary_annual,372000.0,0.06,1423499.3802597506,0.015,625170.5286446724,133405.5682033984,0.07,0.03,Gompertz-Makeham,0.0002,1e-05,1.1,0.5,0.0,,0.2874083569624734,PIPELINE_06_RETIREMENT_SUMMARY,23.030800821355236,16.452696014800427,0.0,2194881.2603322393,0.0,2194881.2603322393,0.2105077400204121,132794.0117434746,0.0,132794.0117434746,21254.606831421603,OK,False
E02952,PEN_DB_02,47.41409993155373,11.181382614647502,60.0,12.585900068446271,23.767282683093775,pensionable_salary_annual,pensionable_salary_annual,1218000.0,0.065,2690708.921174547,0.02,1279016.7909495549,601716.9190459603,0.068,0.03,Gompertz-Makeham,0.0002,1e-05,1.1,0.67,0.67,60.484599589322386,0.507769535363188,PIPELINE_06_RETIREMENT_SUMMARY,12.585900068446271,16.87779941727805,1.481059218655267,10155657.465640252,891178.3899738644,11046835.855614116,0.4369231628170491,2253096.2986685974,197713.51472781948,2450809.8133964166,219186.65140622953,OK,False
E02955,PEN_DB_02,32.34496919917864,5.371663244353183,60.0,27.655030800821358,33.02669404517454,pensionable_salary_annual,pensionable_salary_annual,1573000.0,0.065,8976002.565157473,0.02,5928953.809363154,964321.2612095256,0.068,0.03,Gompertz-Makeham,0.0002,1e-05,1.1,0.67,0.67,56.654346338124576,0.22809150630507424,PIPELINE_06_RETIREMENT_SUMMARY,27.655030800821358,16.877802981487697,1.8047967083365284,16275624.257554108,1740403.8380098816,18016028.09556399,0.16212915782199422,601877.204450486,64360.62789727386,666237.8323477599,124028.22031856234,OK,False
E02963,PEN_DB_02,29.31690622861054,8.386036960985626,60.0,30.68309377138946,39.069130732375086,pensionable_salary_annual,pensionable_salary_annual,522000.0,0.065,3604467.242241281,0.02,2816468.0381537625,604543.9103619463,0.068,0.03,Gompertz-Makeham,0.0002,1e-05,1.1,0.67,0.0,,0.2125453243243717,PIPELINE_06_RETIREMENT_SUMMARY,30.68309377138946,16.87779941727805,0.0,10203370.858025853,0.0,10203370.858025853,0.1328451105245963,288098.37065665715,0.0,288098.37065665715,34354.53146664839,OK,False
E02978,PEN_DB_01,37.40177960301163,5.87542778918549,60.0,22.598220396988367,28.473648186173858,pensionable_salary_annual,pensionable_salary_annual,598000.0,0.06,2231355.175794759,0.015,953022.3338096711,196652.49311111096,0.07,0.03,Gompertz-Makeham,0.0002,1e-05,1.1,0.5,0.5,60.78028747433265,0.29103499985803355,PIPELINE_06_RETIREMENT_SUMMARY,22.598220396988367,16.452696014800427,1.0368104974260388,3235463.689709744,203891.36920260164,3439355.0589123457,0.21675988691863401,204108.30041811083,12862.428643604391,216970.72906171522,36928.498970079905,OK,False
E02979,PEN_DB_02,31.381245722108144,13.379876796714578,60.0,28.618754277891856,41.998631074606436,pensionable_salary_annual,pensionable_salary_annual,467000.0,0.065,2831578.3628876214,0.02,2378448.300435106,757723.3927135828,0.068,0.03,Gompertz-Makeham,0.0002,1e-05,1.1,0.67,0.0,,0.25119198236616136,PIPELINE_06_RETIREMENT_SUMMARY,28.618754277891856,16.87779941727805,0.0,12788703.435999257,0.0,12788703.435999257,0.15216905367221387,488830.87609167176,0.0,488830.87609167176,36534.78156179315,OK,False
E02981,PEN_DB_01,32.69815195071869,3.3894592744695413,60.0,27.30184804928131,30.691307323750852,pensionable_salary_annual,pensionable_salary_annual,512000.0,0.06,2512851.6446350813,0.015,1156840.5312673205,127758.12468411624,0.07,0.03,Gompertz-Makeham,0.0002,1e-05,1.1,0.5,0.0,,0.21967356301463792,PIPELINE_06_RETIREMENT_SUMMARY,27.30184804928131,16.452696014800427,0.0,2101965.588848735,0.0,2101965.588848735,0.1576770792078033,72806.80322599832,0.0,72806.80322599832,21480.35935241994,OK,False
E02990,PEN_DB_02,60.73921971252567,12.862422997946611,60.0,0.0,12.862422997946611,pensionable_salary_annual,pensionable_salary_annual,2753000.0,0.065,2753000.0,0.02,708205.0102669405,708205.0102669405,0.068,0.03,Gompertz-Makeham,0.0002,1e-05,1.1,0.67,0.67,63.37577002053388,1.0,AT_RETIREMENT,0.0,16.87779941727805,1.255273543811898,11952942.109596765,888991.012983124,12841933.12257989,1.0,11952942.109596765,888991.012983124,12841933.12257989,998406.9972376127,OK,False
E03018,PEN_DB_01,52.91444216290212,8.24914442162902,60.0,7.0855578370978805,15.334702258726901,pensionable_salary_annual,pensionable_salary_annual,1996000.0,0.06,3016245.6522269803,0.015,693798.435241204,373221.6899449647,0.07,0.03,Gompertz-Makeham,0.0002,1e-05,1.1,0.5,0.5,56.78850102669405,0.6574842287060881,PIPELINE_06_RETIREMENT_SUMMARY,7.0855578370978805,16.45269919212516,1.2709984800343386,6140504.196641108,474364.20063589734,6614868.397277005,0.6191552271216045,2499705.9040810904,193106.4542978219,2692812.3583789123,326435.351443046,OK,False
E03020,PEN_DB_01,44.4517453798768,14.600958247775496,60.0,15.548254620123203,30.149212867898697,pensionable_salary_annual,pensionable_salary_annual,2636000.0,0.06,6522400.197118921,0.015,2949678.4792884416,1428499.3943012406,0.07,0.03,Gompertz-Makeham,0.0002,1e-05,1.1,0.5,0.5,61.765913757700204,0.9725851059200873,REVIEW_DB_MORTALITY_ONLY_FALLBACK,15.548254620123203,16.452696014800427,0.9819803375433783,23502666.291764844,1402758.3173964438,24905424.609161288,0.34924769045956955,7983223.565016857,476479.26905155304,8459702.83406841,579393.6733814902,REVIEW_DB_MORTALITY_ONLY_FALLBACK,True
E03026,PEN_DB_01,42.99520876112252,16.758384668035593,60.0,17.00479123887748,33.76317590691308,pensionable_salary_annual,pensionable_salary_annual,1018000.0,0.06,2742008.103591955,0.015,1388683.5290963445,689274.3984429714,0.07,0.03,Gompertz-Makeham,0.0002,1e-05,1.1,0.5,0.0,,0.432872254664126,PIPELINE_06_RETIREMENT_SUMMARY,17.00479123887748,16.452696014800427,0.0,11340422.148366638,0.0,11340422.148366638,0.31647178357250405,1553545.4608337816,0.0,1553545.4608337816,92702.57793980374,OK,False
E03058,PEN_DB_02,41.18275154004107,3.0691307323750854,60.0,18.817248459958932,21.88637919233402,pensionable_salary_annual,pensionable_salary_annual,2495000.0,0.065,8160465.1558061885,0.02,3572060.695716067,500910.6880032163,0.068,0.03,Gompertz-Makeham,0.0002,1e-05,1.1,0.67,0.0,,0.32624336949502464,PIPELINE_06_RETIREMENT_SUMMARY,18.817248459958932,16.87779941727805,0.0,8454270.118089031,0.0,8454270.118089031,0.28997972874534517,799807.4641321665,0.0,799807.4641321665,260597.39185929866,OK,False
E03060,PEN_DB_01,37.086926762491444,7.649555099247091,60.0,22.913073237508556,30.562628336755647,pensionable_salary_annual,pensionable_salary_annual,918000.0,0.06,3488814.0717761004,0.015,1599409.9171760415,400318.1320961981,0.07,0.03,Gompertz-Makeham,0.0002,1e-05,1.1,0.5,0.5,63.709787816563995,0.2967019113692666,PIPELINE_06_RETIREMENT_SUMMARY,22.913073237508556,16.452696014800427,0.8779821932817029,6586312.536591469,351472.1916282545,6937784.728219723,0.21219119073612122,414657.98140932067,22127.821704845075,436785.8031141657,57099.50414726164,OK,False
E03067,PEN_DB_01,35.94250513347023,1.264887063655031,60.0,24.057494866529773,25.322381930184804,pensionable_salary_annual,pensionable_salary_annual,931000.0,0.06,3782207.9632592928,0.015,1436617.7187755727,71760.98887169582,0.07,0.03,Gompertz-Makeham,0.0002,1e-05,1.1,0.5,0.5,58.04243668720055,0.2359530493261885,PIPELINE_06_RETIREMENT_SUMMARY,24.057494866529773,16.452698921686956,1.1955766777203432,1180661.9442285395,85795.76466514861,1266457.7088936882,0.1963812043837439,54708.030265801935,3975.4963839759475,58683.52664977788,46394.28162084713,OK,False
E03070,PEN_DB_01,34.06707734428473,3.7207392197125255,60.0,25.932922655715267,29.653661875427794,pensionable_salary_annual,pensionable_salary_annual,1072000.0,0.06,4857914.109767998,0.015,2160824.1364639504,271125.47331312974,0.07,0.03,Gompertz-Makeham,0.0002,1e-05,1.1,0.5,0.0,,0.2363363481721576,PIPELINE_06_RETIREMENT_SUMMARY,25.932922655715267,16.452696014800427,0.0,4460744.994289809,0.0,4460744.994289809,0.17297875459036224,182360.4618198964,0.0,182360.4618198964,49011.89012488385,OK,False
E03072,PEN_DB_01,47.3347022587269,16.279260780287473,60.0,12.6652977412731,28.944558521560573,pensionable_salary_annual,pensionable_salary_annual,1764000.0,0.06,3689817.6077385084,0.015,1602002.1252160785,901012.5460210746,0.07,0.03,Gompertz-Makeham,0.0002,1e-05,1.1,0.5,0.5,53.256673511293634,0.5265998480109558,PIPELINE_06_RETIREMENT_SUMMARY,12.6652977412731,16.4526992082766,1.4899390344718701,14824088.402568217,1342453.7628656814,16166542.165433899,0.42446873483219305,3313556.898780079,300072.2072371212,3613629.1060172003,221977.46905024935,OK,False
E03077,PEN_DB_02,41.125256673511295,12.673511293634498,60.0,18.874743326488705,31.548254620123203,pensionable_salary_annual,pensionable_salary_annual,1478000.0,0.065,4851670.083235382,0.02,3061234.4623748837,1229753.9118574448,0.068,0.03,Gompertz-Makeham,0.0002,1e-05,1.1,0.67,0.67,66.92676249144421,0.3827942708681762,PIPELINE_06_RETIREMENT_SUMMARY,18.874743326488705,16.87779941727805,1.0047259404253641,20755539.856942985,1235565.6555827416,21991105.512525726,0.2888849645403525,2295220.436166707,136633.18624644596,2431853.622413153,191884.75601348112,OK,False
E03079,PEN_DB_01,25.10335386721424,4.418891170431212,60.0,34.89664613278576,39.31553730321697,pensionable_salary_annual,pensionable_salary_annual,792000.0,0.06,6050830.7712556785,0.015,3568374.943541336,401069.44003312796,0.07,0.03,Gompertz-Makeham,0.0002,1e-05,1.1,0.5,0.0,,0.16141300151580854,PIPELINE_06_RETIREMENT_SUMMARY,34.89664613278576,16.452696014800427,0.0,6598673.577691283,0.0,6598673.577691283,0.09432019893427185,100461.54820447716,0.0,100461.54820447716,22734.560397574525,REVIEW_SPOUSE_DOB_MISSING,True
E03090,PEN_DB_01,48.2217659137577,6.836413415468857,60.0,11.7782340862423,18.614647501711158,pensionable_salary_annual,pensionable_salary_annual,402000.0,0.06,798517.535889663,0.015,222961.836817816,81884.9399226484,0.07,0.03,Gompertz-Makeham,0.0002,1e-05,1.1,0.5,0.5,54.41478439425051,0.5037937647295675,PIPELINE_06_RETIREMENT_SUMMARY,11.7782340862423,16.452699207825372,1.4173037545594656,1347228.2861981855,116055.83279424584,1463284.1189924313,0.4507243157416011,305917.95596828463,26353.041656215577,332270.9976245002,48603.11649273076,OK,False
E03092,PEN_DB_01,53.97946611909651,12.112251882272416,60.0,6.020533880903493,18.13278576317591,pensionable_salary_annual,pensionable_salary_annual,2944000.0,0.06,4181119.929757541,0.015,1137230.279046579,759641.6660881874,0.07,0.03,Gompertz-Makeham,0.0002,1e-05,1.1,0.5,0.0,,0.7143000525980189,PIPELINE_06_RETIREMENT_SUMMARY,6.020533880903493,16.452696014800427,0.0,12498153.412325477,0.0,12498153.412325477,0.6654171209123666,5940465.858899145,0.0,5940465.858899145,490450.98439487186,OK,False
E03105,PEN_DB_01,36.60780287474333,8.747433264887064,60.0,23.392197125256672,32.139630390143736,pensionable_salary_annual,pensionable_salary_annual,779000.0,0.06,3044368.687249769,0.015,1467673.26569302,399456.1788814379,0.07,0.03,Gompertz-Makeham,0.0002,1e-05,1.1,0.5,0.5,49.27310061601642,0.2956838904435858,PIPELINE_06_RETIREMENT_SUMMARY,23.392197125256672,16.452699208350463,1.742691283831883,6572132.358053335,696128.8012094714,7268261.159262806,0.20542291142115035,399192.93377555965,42283.03437923809,441475.96815479774,50469.20105431607,OK,False
E03107,PEN_DB_01,29.78507871321013,1.623545516769336,60.0,30.21492128678987,31.838466803559207,pensionable_salary_annual,pensionable_salary_annual,361000.0,0.06,2099529.2475860794,0.015,1002686.8837855654,51130.21945866715,0.07,0.03,Gompertz-Makeham,0.0002,1e-05,1.1,0.5,0.5,55.70431211498973,0.17994369927257495,PIPELINE_06_RETIREMENT_SUMMARY,30.21492128678987,16.452699205198666,1.3373194597093034,841230.1210492463,68377.43746128287,909607.5585105291,0.1294706922655996,19598.50432904142,1593.0189261676014,21191.523255209024,13052.620352386333,OK,False
E03110,PEN_DB_02,26.425735797399042,5.127994524298426,60.0,33.57426420260096,38.70225872689939,pensionable_salary_annual,pensionable_salary_annual,893000.0,0.065,7397660.836361222,0.02,5726123.673254059,758703.2852295452,0.068,0.03,Gompertz-Makeham,0.0002,1e-05,1.1,0.67,0.0,,0.1743539901035525,PIPELINE_06_RETIREMENT_SUMMARY,33.57426420260096,16.87779941727805,0.0,12805241.86533416,0.0,12805241.86533416,0.1098351161177232,245222.82430326194,0.0,245222.82430326194,47820.41461653307,OK,False
E03119,PEN_DB_01,41.23477070499658,4.0629705681040384,60.0,18.765229295003422,22.82819986310746,pensionable_salary_annual,pensionable_salary_annual,743000.0,0.06,2217477.2757306313,0.015,759315.2166341685,135143.17360099618,0.07,0.03,Gompertz-Makeham,0.0002,1e-05,1.1,0.5,0.0,,0.3358594666609437,PIPELINE_06_RETIREMENT_SUMMARY,18.765229295003422,16.452696014800427,0.0,2223469.553732592,0.0,2223469.553732592,0.28093553398238247,209795.15536481203,0.0,209795.15536481203,51635.9032998636,OK,False
E03121,PEN_DB_01,57.2539356605065,9.36892539356605,60.0,2.7460643394935005,12.11498973305955,pensionable_salary_annual,pensionable_salary_annual,1009000.0,0.06,1184084.5117383979,0.015,215177.5755417828,166403.991752312,0.07,0.03,Gompertz-Makeham,0.0002,1e-05,1.1,0.5,0.5,56.68446269678303,0.846570791184827,PIPELINE_06_RETIREMENT_SUMMARY,2.7460643394935005,16.45269919212516,1.2773208181274127,2737794.820669665,212551.2828847304,2950346.1035543955,0.8304438169946233,1924750.4668981386,149429.81770712652,2074180.2846052651,221389.3480280752,OK,False
E03139,PEN_DB_01,38.71321013004791,11.323750855578371,60.0,21.286789869952088,32.610540725530456,pensionable_salary_annual,pensionable_salary_annual,1524000.0,0.06,5268240.629666484,0.015,2577002.634084496,894843.6650636788,0.07,0.03,Gompertz-Makeham,0.0002,1e-05,1.1,0.5,0.0,,0.3375775472084892,PIPELINE_06_RETIREMENT_SUMMARY,21.286789869952088,16.452696014800427,0.0,14722590.802062595,0.0,14722590.802062595,0.23687198464743722,1177257.5753267517,0.0,1177257.5753267517,103963.57093522631,OK,False
E03149,PEN_DB_01,40.31485284052019,0.27104722792607805,60.0,19.68514715947981,19.95619438740589,pensionable_salary_annual,pensionable_salary_annual,632000.0,0.06,1990062.7012530544,0.015,595711.1716399802,8091.014678605848,0.07,0.03,Gompertz-Makeham,0.0002,1e-05,1.1,0.5,0.0,,0.275104684785922,PIPELINE_06_RETIREMENT_SUMMARY,19.68514715947981,16.452696014800427,0.0,133119.0049583902,0.0,133119.0049583902,0.2639830316858903,9667.497333234385,0.0,9667.497333234385,35667.20607034201,REVIEW_SPOUSE_DOB_MISSING,True
E03151,PEN_DB_01,20.024640657084188,1.998631074606434,60.0,39.97535934291581,41.973990417522245,pensionable_salary_annual,pensionable_salary_annual,413000.0,0.06,4241906.671137453,0.015,2670746.249495207,127170.09732773474,0.07,0.03,Gompertz-Makeham,0.0002,1e-05,1.1,0.5,0.0,,0.1189538475578898,PIPELINE_06_RETIREMENT_SUMMARY,39.97535934291581,16.452696014800427,0.0,2092290.9535058038,0.0,2092290.9535058038,0.06689180702130597,16648.438237622744,0.0,16648.438237622744,8329.920638755762,OK,False
E03152,PEN_DB_02,49.163586584531146,7.049965776865161,60.0,10.836413415468854,17.886379192334015,pensionable_salary_annual,pensionable_salary_annual,1931000.0,0.065,3820796.7031829236,0.02,1366804.372998989,538729.7199559769,0.068,0.03,Gompertz-Makeham,0.0002,1e-05,1.1,0.67,0.0,,0.5307398590509783,PIPELINE_06_RETIREMENT_SUMMARY,10.836413415468854,16.87779941727805,0.0,9092572.153543355,0.0,9092572.153543355,0.4902189484338358,2365693.926223334,0.0,2365693.926223334,335561.05108857196,OK,False
E03153,PEN_DB_02,49.06502395619439,2.707734428473648,60.0,10.934976043805612,13.64271047227926,pensionable_salary_annual,pensionable_salary_annual,1446000.0,0.065,2878959.787271924,0.02,785536.2967817109,155909.17068374716,0.068,0.03,Gompertz-Makeham,0.0002,1e-05,1.1,0.67,0.67,57.516769336071185,0.48899524660522803,PIPELINE_06_RETIREMENT_SUMMARY,10.934976043805612,16.8778029178778,1.7298429402915783,2631404.255890056,269698.3782339947,2901102.634124051,0.4870505479344847,626709.454524308,64232.82288564458,690942.2774099526,255173.57616176456,OK,False
E03161,PEN_DB_01,29.590691307323752,11.299110198494182,60.0,30.409308692676248,41.70841889117043,pensionable_salary_annual,pensionable_salary_annual,326000.0,0.06,1917571.0685695873,0.015,1199682.8607223446,325002.7022581801,0.07,0.03,Gompertz-Makeham,0.0002,1e-05,1.1,0.5,0.0,,0.2259356694833495,PIPELINE_06_RETIREMENT_SUMMARY,30.409308692676248,16.452696014800427,0.0,5347170.66424253,0.0,5347170.66424253,0.12777904377963709,154371.98186089334,0.0,154371.98186089334,13662.313151124617,OK,False
E03176,PEN_DB_01,46.001368925393564,4.640657084188912,60.0,13.998631074606436,18.63928815879535,pensionable_salary_annual,pensionable_salary_annual,2677000.0,0.06,6051957.131171627,0.015,1692062.5933887658,421275.86600968824,0.07,0.03,Gompertz-Makeham,0.0002,1e-05,1.1,0.5,0.0,,0.43292097077663455,PIPELINE_06_RETIREMENT_SUMMARY,13.998631074606436,16.452696014800427,0.0,6931123.7618291965,0.0,6931123.7618291965,0.3878531621748219,1163803.3792759057,0.0,1163803.3792759057,250784.1795165336,OK,False
E03177,PEN_DB_01,35.898699520876114,7.3347022587268995,60.0,24.101300479123886,31.436002737850785,pensionable_salary_annual,pensionable_salary_annual,2484000.0,0.06,10117095.607456248,0.015,4770615.678226392,1113088.26005648,0.07,0.03,Gompertz-Makeham,0.0002,1e-05,1.1,0.5,0.0,,0.27937389118465983,PIPELINE_06_RETIREMENT_SUMMARY,24.101300479123886,16.452696014800427,0.0,18313302.78035239,0.0,18313302.78035239,0.19580002584695239,1001763.5775132759,0.0,1001763.5775132759,136578.62884909444,OK,False
E03190,PEN_DB_01,33.11978097193703,2.195756331279945,60.0,26.880219028062967,29.075975359342912,pensionable_salary_annual,pensionable_salary_annual,1700000.0,0.06,8140969.401041537,0.015,3550599.3855877253,268133.7765763989,0.07,0.03,Gompertz-Makeham,0.0002,1e-05,1.1,0.5,0.5,59.422313483915126,0.2149563972033796,PIPELINE_06_RETIREMENT_SUMMARY,26.880219028062967,16.452698200221736,1.1144500398828625,4411524.103297175,298821.6979995103,4710345.801296685,0.16223988131506795,153849.69897354345,10421.257417504998,164270.95639104844,74812.92621175866,OK,False
E03196,PEN_DB_02,46.31895961670089,8.172484599589323,60.0,13.681040383299113,21.853524982888437,pensionable_salary_annual,pensionable_salary_annual,1606000.0,0.065,3801164.1914454964,0.02,1661376.7324363017,621299.1163019744,0.068,0.03,Gompertz-Makeham,0.0002,1e-05,1.1,0.67,0.67,63.21423682409309,0.465312446324717,PIPELINE_06_RETIREMENT_SUMMARY,13.681040383299113,16.87779941727805,1.2674005602543439,10486161.863076832,787434.8480866511,11273596.711163484,0.406551472242939,1983703.522872731,148961.77482081257,2132665.2976935436,260956.7839137577,OK,False
E03208,PEN_DB_01,42.403832991101986,11.66050650239562,60.0,17.596167008898014,29.256673511293634,pensionable_salary_annual,pensionable_salary_annual,580000.0,0.06,1617015.6570647177,0.015,709627.487120886,282828.32375518,0.07,0.03,Gompertz-Makeham,0.0002,1e-05,1.1,0.5,0.5,60.3586584531143,0.4015804669388258,PIPELINE_06_RETIREMENT_SUMMARY,17.596167008898014,16.452696014800427,1.0606656318817553,4653288.435119535,299986.28272984567,4953274.71784938,0.30405919439041146,568186.2165094998,36629.59504134877,604815.8115508487,51868.742702265175,OK,False
E03210,PEN_DB_02,48.498288843258045,16.136892539356605,60.0,11.501711156741955,27.63860369609856,pensionable_salary_annual,pensionable_salary_annual,2413000.0,0.065,4978799.196453281,0.02,2752141.157464524,1606846.9521640323,0.068,0.03,Gompertz-Makeham,0.0002,1e-05,1.1,0.67,0.0,,0.5558424048238094,PIPELINE_06_RETIREMENT_SUMMARY,11.501711156741955,16.87779941727805,0.0,27120040.552889116,0.0,27120040.552889116,0.469225606294004,7073326.649549474,0.0,7073326.649549474,438332.63636714383,OK,False
E03234,PEN_DB_02,27.293634496919918,9.292265571526352,60.0,32.70636550308008,41.99863107460643,pensionable_salary_annual,pensionable_salary_annual,998000.0,0.065,7827747.52485506,0.02,6575093.608831026,1454750.1765562259,0.068,0.03,Gompertz-Makeham,0.0002,1e-05,1.1,0.67,0.67,64.57494866529774,0.19808301959939248,PIPELINE_06_RETIREMENT_SUMMARY,32.70636550308008,16.87779941727805,1.1671755402149544,24552981.682165813,1697948.8231998133,26250930.505365625,0.11628887432051083,565574.2837690022,39111.998778347355,604686.2825473496,65074.14988226853,OK,False
E03246,PEN_DB_01,42.84462696783025,4.91170431211499,60.0,17.15537303216975,22.06707734428474,pensionable_salary_annual,pensionable_salary_annual,1052000.0,0.06,2858559.908035017,0.015,946200.9387582028,210606.01540101934,0.07,0.03,Gompertz-Makeham,0.0002,1e-05,1.1,0.5,0.0,,0.37080917357259124,PIPELINE_06_RETIREMENT_SUMMARY,17.15537303216975,16.452696014800427,0.0,3465036.7502813484,0.0,3465036.7502813484,0.31326388723954185,402502.56062515866,0.0,402502.56062515866,81947.63671590813,OK,False
E03257,PEN_DB_02,40.41067761806981,4.361396303901437,60.0,19.589322381930188,23.950718685831625,pensionable_salary_annual,pensionable_salary_annual,1344000.0,0.065,4614870.859596801,0.02,2210589.474592899,402545.61420055875,0.068,0.03,Gompertz-Makeham,0.0002,1e-05,1.1,0.67,0.0,,0.3248857419319806,PIPELINE_06_RETIREMENT_SUMMARY,19.589322381930188,16.87779941727805,0.0,6794084.132782026,0.0,6794084.132782026,0.2756185985743742,608373.2259540217,0.0,608373.2259540217,139490.47129925073,OK,False
E03258,PEN_DB_01,33.73305954825462,8.041067761806982,60.0,26.266940451745377,34.308008213552355,pensionable_salary_annual,pensionable_salary_annual,1690000.0,0.06,7808980.900264663,0.015,4018658.7129863026,941888.1685452696,0.07,0.03,Gompertz-Makeham,0.0002,1e-05,1.1,0.5,0.0,,0.2565957893445208,PIPELINE_06_RETIREMENT_SUMMARY,26.266940451745377,16.452696014800427,0.0,15496599.717012431,0.0,15496599.717012431,0.16911341566978627,672456.1997621176,0.0,672456.1997621176,83627.72453630011,OK,False
E03279,PEN_DB_01,25.790554414784395,2.1464750171115674,60.0,34.209445585215605,36.355920602327174,pensionable_salary_annual,pensionable_salary_annual,1564000.0,0.06,11479854.124667585,0.015,6260409.976240693,369618.3011802623,0.07,0.03,Gompertz-Makeham,0.0002,1e-05,1.1,0.5,0.5,57.91375770020534,0.15387498155363355,PIPELINE_06_RETIREMENT_SUMMARY,34.209445585215605,16.452699135693468,1.2032472075301068,6081218.704364989,444742.1887471726,6525960.893112161,0.09880917112996818,92460.42655779721,6761.975597144037,99222.40215494124,46225.74284067895,OK,False
E03281,PEN_DB_02,28.005475701574266,9.952087611225188,60.0,31.994524298425734,41.946611909650926,pensionable_salary_annual,pensionable_salary_annual,846000.0,0.065,6344655.611726341,0.02,5322736.132909475,1262851.3702190418,0.068,0.03,Gompertz-Makeham,0.0002,1e-05,1.1,0.67,0.0,,0.20658228090751457,PIPELINE_06_RETIREMENT_SUMMARY,31.994524298425734,16.87779941727805,0.0,21314152.120391734,0.0,21314152.120391734,0.12186426163815373,536583.7184660642,0.0,536583.7184660642,53916.6996340385,OK,False
E03285,PEN_DB_01,49.77138945927447,9.82340862422998,60.0,10.228610540725533,20.052019164955514,pensionable_salary_annual,pensionable_salary_annual,793000.0,0.06,1439186.3374974523,0.015,432878.8803216157,212065.73219469647,0.07,0.03,Gompertz-Makeham,0.0002,1e-05,1.1,0.5,0.5,60.89253935660507,0.5643773531920795,PIPELINE_06_RETIREMENT_SUMMARY,10.228610540725533,16.452696014800427,1.030498977336893,3489053.0269554174,218533.52015483414,3707586.5471102516,0.5005469066937185,985648.1934709277,61735.137783621634,1047383.3312545493,106621.17105371351,OK,False
E03292,PEN_DB_01,56.714579055441476,16.955509924709105,60.0,3.285420944558524,20.24093086926763,pensionable_salary_annual,pensionable_salary_annual,2332000.0,0.06,2824027.7883653897,0.015,857414.2685579191,718242.4678992551,0.07,0.03,Gompertz-Makeham,0.0002,1e-05,1.1,0.5,0.5,59.030800821355236,0.8387580702890605,PIPELINE_06_RETIREMENT_SUMMARY,3.285420944558524,16.452698200221736,1.1372515208682208,11817026.558928892,816822.3389705721,12633848.897899464,0.8006854218896242,7936094.7601890415,548562.6567718644,8484657.416960906,500407.0921273972,OK,False
E03302,PEN_DB_02,31.9315537303217,3.8603696098562628,60.0,28.0684462696783,31.928815879534564,pensionable_salary_annual,pensionable_salary_annual,626000.0,0.065,3666361.8861750234,0.02,2341251.872228508,283070.2400825069,0.068,0.03,Gompertz-Makeham,0.0002,1e-05,1.1,0.67,0.0,,0.2151231260859006,PIPELINE_06_RETIREMENT_SUMMARY,28.0684462696783,16.87779941727805,0.0,4777602.733113294,0.0,4777602.733113294,0.15777904714116966,162161.01860657893,0.0,162161.01860657893,42006.60428798082,OK,False
E03305,PEN_DB_02,50.25325119780972,1.0266940451745379,60.0,9.746748802190282,10.77344284736482,pensionable_salary_annual,pensionable_salary_annual,1531000.0,0.065,2828426.825300809,0.02,609437.8950066357,58078.57957496527,0.068,0.03,Gompertz-Makeham,0.0002,1e-05,1.1,0.67,0.67,58.417522245037645,0.49571366034484254,PIPELINE_06_RETIREMENT_SUMMARY,9.746748802190282,16.87780267710021,1.6527449287850082,980238.8058325264,95989.07786356041,1076227.8836960867,0.5266513200035334,255909.23311474532,25059.7009190964,280968.9340338417,273663.74174896185,OK,False
E03307,PEN_DB_01,51.04996577686516,5.522245037645448,60.0,8.950034223134843,14.47227926078029,pensionable_salary_annual,pensionable_salary_annual,968000.0,0.06,1630661.1240268897,0.015,353990.7474992255,135073.6545035826,0.07,0.03,Gompertz-Makeham,0.0002,1e-05,1.1,0.5,0.5,57.87268993839836,0.5758856373962463,PIPELINE_06_RETIREMENT_SUMMARY,8.950034223134843,16.452699135693468,1.2056984671817075,2222326.1987060513,162858.09819160108,2385184.2968976526,0.545775685902717,698486.8552673984,51187.0133767554,749673.8686441538,135755.27046220982,OK,False
E03315,PEN_DB_01,42.5242984257358,12.996577686516085,60.0,17.4757015742642,30.472279260780283,pensionable_salary_annual,pensionable_salary_annual,862000.0,0.06,2386409.7529884838,0.015,1090790.1663557214,465227.3961986173,0.07,0.03,Gompertz-Makeham,0.0002,1e-05,1.1,0.5,0.0,,0.4095967640639011,PIPELINE_06_RETIREMENT_SUMMARY,17.4757015742642,16.452696014800427,0.0,7654244.92741297,0.0,7654244.92741297,0.3065475645088584,961073.8088427999,0.0,961073.8088427999,73948.22175686383,OK,False
E03329,PEN_DB_02,41.44832306639288,9.026694045174539,60.0,18.55167693360712,27.578370978781656,pensionable_salary_annual,pensionable_salary_annual,727000.0,0.065,2338382.2112446884,0.02,1289775.4422377958,422157.21563169,0.068,0.03,Gompertz-Makeham,0.0002,1e-05,1.1,0.67,0.67,60.29295003422313,0.3715563193208337,PIPELINE_06_RETIREMENT_SUMMARY,18.55167693360712,16.87779941727805,1.496643300100104,7125084.807988262,631818.7683640837,7756903.576352346,0.29509058303126506,781214.0412263442,69274.36046838005,850488.4016947242,94219.25651167668,OK,False
E03352,PEN_DB_01,28.840520191649556,4.884325804243669,60.0,31.159479808350444,36.04380561259411,pensionable_salary_annual,pensionable_salary_annual,941000.0,0.06,5782387.887799366,0.015,3126288.9750668854,423645.99555786734,0.07,0.03,Gompertz-Makeham,0.0002,1e-05,1.1,0.5,0.5,59.66050650239562,0.19262574874722616,PIPELINE_06_RETIREMENT_SUMMARY,31.159479808350444,16.452698200221736,1.100666167052709,6970119.708646069,466292.8141179068,7436412.522763976,0.12145538430801314,163068.9779975098,10909.122916708136,173978.10091421794,35619.67564961777,OK,False
E03361,PEN_DB_02,43.06091718001369,16.032854209445585,60.0,16.93908281998631,32.9719370294319,pensionable_salary_annual,pensionable_salary_annual,1790000.0,0.065,5201520.352940343,0.02,3430084.0306891478,1667904.3497231295,0.068,0.03,Gompertz-Makeham,0.0002,1e-05,1.1,0.67,0.67,60.62149212867899,0.4316056108493286,PIPELINE_06_RETIREMENT_SUMMARY,16.93908281998631,16.87779941727805,1.469971907491146,28150555.061832562,2451772.538475288,30602327.600307852,0.3281173416923113,3986605.1985621247,347213.37203150516,4333818.57059363,270308.6121771385,OK,False
E03365,PEN_DB_01,34.15195071868583,3.156741957563313,60.0,25.848049281314168,29.00479123887748,pensionable_salary_annual,pensionable_salary_annual,1296000.0,0.06,5844027.541659476,0.015,2542571.982601252,276721.3041286807,0.07,0.03,Gompertz-Makeham,0.0002,1e-05,1.1,0.5,0.5,60.64065708418891,0.23325086670926073,PIPELINE_06_RETIREMENT_SUMMARY,25.848049281314168,16.452696014800427,1.044684777897452,4552811.497648322,289086.53414316406,4841898.031791486,0.17397492835588238,184752.19287255552,11731.07455480293,196483.26742735846,62242.42274747847,OK,False
E03399,PEN_DB_01,37.889117043121146,7.731690622861054,60.0,22.110882956878854,29.842573579739906,pensionable_salary_annual,pensionable_salary_annual,624000.0,0.06,2263182.700021443,0.015,1013087.9437467649,262473.42689365725,0.07,0.03,Gompertz-Makeham,0.0002,1e-05,1.1,0.5,0.0,,0.30833273512178305,PIPELINE_06_RETIREMENT_SUMMARY,22.110882956878854,16.452696014800427,0.0,4318395.504644286,0.0,4318395.504644286,0.22402615794043826,298291.4335599961,0.0,298291.4335599961,38580.36335261635,OK,False
E03401,PEN_DB_02,32.94729637234771,2.236824093086927,60.0,27.052703627652292,29.28952772073922,pensionable_salary_annual,pensionable_salary_annual,984000.0,0.065,5405998.637362874,0.02,3166782.9389463672,241845.35998496748,0.068,0.03,Gompertz-Makeham,0.0002,1e-05,1.1,0.67,0.67,69.5605749486653,0.21357685097071374,PIPELINE_06_RETIREMENT_SUMMARY,27.052703627652292,16.87779941727805,0.8398844612899379,4081817.4758256846,203122.1598864455,4284939.63571213,0.16868263193394756,147054.43546100822,7317.822202640182,154372.2576636484,69014.03563237158,OK,False
E03408,PEN_DB_01,42.16563997262149,1.88911704312115,60.0,17.83436002737851,19.72347707049966,pensionable_salary_annual,pensionable_salary_annual,809000.0,0.06,2286980.3522865777,0.015,676608.0680851132,64805.60341181678,0.07,0.03,Gompertz-Makeham,0.0002,1e-05,1.1,0.5,0.5,61.47022587268994,0.3298194558694919,PIPELINE_06_RETIREMENT_SUMMARY,17.83436002737851,16.452696014800427,0.9982880876368129,1066226.892990335,64694.66189813229,1130921.554888467,0.29919830564535754,105216.78636412835,6384.161255532132,111600.94761966048,59075.71901171158,OK,False
E03419,PEN_DB_01,32.544832306639286,11.29637234770705,60.0,27.455167693360714,38.75154004106776,pensionable_salary_annual,pensionable_salary_annual,1691000.0,0.06,8373757.544156672,0.015,4867440.011498708,1418896.247523221,0.07,0.03,Gompertz-Makeham,0.0002,1e-05,1.1,0.5,0.5,55.860369609856264,0.2566296865002197,PIPELINE_06_RETIREMENT_SUMMARY,27.455167693360714,16.452699205198666,1.3277166367294626,23344673.163884666,1883892.153629586,25228565.317514252,0.1560498861632234,934884.9050765733,75444.29193145409,1010329.1970080273,89438.37595908434,OK,False
E03425,PEN_DB_01,35.663244353182755,4.982888432580425,60.0,24.336755646817245,29.31964407939767,pensionable_salary_annual,pensionable_salary_annual,887000.0,0.06,3662572.913059018,0.015,1610780.0133859967,273752.88302946254,0.07,0.03,Gompertz-Makeham,0.0002,1e-05,1.1,0.5,0.0,,0.26308230461174975,PIPELINE_06_RETIREMENT_SUMMARY,24.336755646817245,16.452696014800427,0.0,4503972.967658966,0.0,4503972.967658966,0.19270553216124192,228339.78899808327,0.0,228339.78899808327,45824.784577774684,OK,False
E03447,PEN_DB_01,51.06639288158795,5.842573579739904,60.0,8.933607118412048,14.776180698151952,pensionable_salary_annual,pensionable_salary_annual,2381000.0,0.06,4007117.2795906854,0.015,888148.3350287856,351178.1632298366,0.07,0.03,Gompertz-Makeham,0.0002,1e-05,1.1,0.5,0.5,51.4113620807666,0.5789094493071198,PIPELINE_06_RETIREMENT_SUMMARY,8.933607118412048,16.45269920834965,1.6067192446226715,5777828.688161217,564244.7131526204,6342073.401313837,0.5463826177067004,1827562.2295998777,178474.0222779643,2006036.251877842,343348.05107702996,OK,False
E03463,PEN_DB_02,45.19644079397673,1.6618754277891854,60.0,14.803559206023273,16.465434633812457,pensionable_salary_annual,pensionable_salary_annual,918000.0,0.065,2331923.0709748864,0.02,767922.5379243239,77507.3130229572,0.068,0.03,Gompertz-Makeham,0.0002,1e-05,1.1,0.67,0.67,60.78850102669405,0.38304759687404366,PIPELINE_06_RETIREMENT_SUMMARY,14.803559206023273,16.87779941727805,1.456495847633949,1308152.8825736546,112889.07957920185,1421041.9621528564,0.3776102454185561,189214.76110566256,16328.58093924976,205543.3420449123,123681.55796030349,OK,False
E03466,PEN_DB_01,33.43189596167009,12.27378507871321,60.0,26.568104038329913,38.841889117043124,pensionable_salary_annual,pensionable_salary_annual,2209000.0,0.06,10387823.86126843,0.015,6052240.538801446,1912468.7626310622,0.07,0.03,Gompertz-Makeham,0.0002,1e-05,1.1,0.5,0.0,,0.2703936524259772,PIPELINE_06_RETIREMENT_SUMMARY,26.568104038329913,16.452696014800427,0.0,31465267.189370383,0.0,31465267.189370383,0.16570237661975182,1409797.232047387,0.0,1409797.232047387,114862.46687604461,OK,False
E03468,PEN_DB_01,32.46543463381246,4.312114989733059,60.0,27.534565366187543,31.846680355920604,pensionable_salary_annual,pensionable_salary_annual,2111000.0,0.06,10502053.699032001,0.015,5016833.208506785,679290.9476786611,0.07,0.03,Gompertz-Makeham,0.0002,1e-05,1.1,0.5,0.5,60.309377138945926,0.22323909889400229,PIPELINE_06_RETIREMENT_SUMMARY,27.534565366187543,16.452696014800427,1.0634689640451236,11176167.467762712,722404.840413056,11898572.308175769,0.15521384325343784,387251.950802394,25031.18215846223,412283.13296085625,95610.42178663668,OK,False
E03474,PEN_DB_01,42.053388090349074,11.66050650239562,60.0,17.946611909650926,29.607118412046546,pensionable_salary_annual,pensionable_salary_annual,1793000.0,0.06,5101933.957095987,0.015,2265803.441972731,892367.0112226615,0.07,0.03,Gompertz-Makeham,0.0002,1e-05,1.1,0.5,0.5,64.66255989048597,0.39508458355714915,PIPELINE_06_RETIREMENT_SUMMARY,17.946611909650926,16.452696014800427,0.8291643299682215,14681843.169282451,739918.8949461825,15421762.064228633,0.29693455841627575,1722389.6601526455,86803.04232327268,1809192.7024759182,155155.58454551047,OK,False
E03484,PEN_DB_01,30.12457221081451,4.616016427104722,60.0,29.87542778918549,34.49144421629021,pensionable_salary_annual,pensionable_salary_annual,539000.0,0.06,3073352.080843679,0.015,1590065.2778015882,212799.65537176357,0.07,0.03,Gompertz-Makeham,0.0002,1e-05,1.1,0.5,0.0,,0.20250481996900987,PIPELINE_06_RETIREMENT_SUMMARY,29.87542778918549,16.452696014800427,0.0,3501128.041885919,0.0,3501128.041885919,0.13247900925889322,93926.995418031,0.0,93926.995418031,20348.06350915529,OK,False
E03502,PEN_DB_01,47.123887748117724,5.642710472279261,60.0,12.876112251882276,18.518822724161538,pensionable_salary_annual,pensionable_salary_annual,487000.0,0.06,1031264.6306874307,0.015,286467.1031609767,87286.91596906754,0.07,0.03,Gompertz-Makeham,0.0002,1e-05,1.1,0.5,0.5,63.6413415468857,0.46734995671541296,PIPELINE_06_RETIREMENT_SUMMARY,12.876112251882276,16.452696014800427,0.8815455036729398,1436105.0945084973,76947.38830200922,1513052.4828105066,0.4184573304477777,280853.35084486904,15048.294115812494,295901.64496068156,52439.62921974232,OK,False
E03515,PEN_DB_02,50.639288158795345,1.1471594798083504,60.0,9.360711841204655,10.507871321013004,pensionable_salary_annual,pensionable_salary_annual,1682000.0,0.065,3032758.222067395,0.02,637356.6629045674,69581.14688822662,0.068,0.03,Gompertz-Makeham,0.0002,1e-05,1.1,0.67,0.67,62.08624229979466,0.5097963646992829,PIPELINE_06_RETIREMENT_SUMMARY,9.360711841204655,16.87779941727805,1.3537405380010497,1174376.6404036498,94194.81922319796,1268571.4596268476,0.5401977072682738,323412.5546615009,25940.38920118666,349352.94386268756,304537.3812550039,OK,False
E03524,PEN_DB_01,27.6249144421629,6.099931553730322,60.0,32.375085557837096,38.47501711156742,pensionable_salary_annual,pensionable_salary_annual,1459000.0,0.06,9623539.759986904,0.015,5553987.854090183,880544.0076078366,0.07,0.03,Gompertz-Makeham,0.0002,1e-05,1.1,0.5,0.5,60.64613278576317,0.18820413753072526,PIPELINE_06_RETIREMENT_SUMMARY,32.375085557837096,16.452696014800427,1.0443754976650017,14487322.88482585,919618.5861613695,15406941.47098722,0.11186589031355461,305010.64017200866,19361.303389803517,324371.94356181216,53176.32512834465,OK,False
E03545,PEN_DB_01,42.620123203285424,8.175222450376454,60.0,17.379876796714576,25.55509924709103,pensionable_salary_annual,pensionable_salary_annual,790000.0,0.06,2174903.0976699376,0.015,833697.9677064145,266704.7494719685,0.07,0.03,Gompertz-Makeham,0.0002,1e-05,1.1,0.5,0.5,61.77138945927447,0.3881348174787679,PIPELINE_06_RETIREMENT_SUMMARY,17.379876796714576,16.452696014800427,0.9816795105897461,4388012.168765803,261818.5879336029,4649830.756699406,0.308541483985698,525489.4362823545,31354.26632605907,556843.7026084136,68113.58418543976,OK,False
E03556,PEN_DB_01,56.01368925393566,0.6598220396988365,60.0,3.9863107460643405,4.646132785763177,pensionable_salary_annual,pensionable_salary_annual,3773000.0,0.06,4759527.580854068,0.015,331700.95707225276,47106.61794603,0.07,0.03,Gompertz-Makeham,0.0002,1e-05,1.1,0.5,0.5,56.709103353867214,0.7090067836795599,PIPELINE_06_RETIREMENT_SUMMARY,3.9863107460643405,16.45269919212516,1.275822580542806,775031.0150243962,60099.68686854805,835130.7018929443,0.7636021301836717,419601.08651359373,32537.915799893144,452139.0023134869,685243.8613900458,OK,False
E03559,PEN_DB_01,53.440109514031484,2.97056810403833,60.0,6.559890485968516,9.530458590006846,pensionable_salary_annual,pensionable_salary_annual,2618000.0,0.06,3836836.9779785248,0.015,548502.2390284701,170963.78320766732,0.07,0.03,Gompertz-Makeham,0.0002,1e-05,1.1,0.5,0.5,58.79260780287475,0.6352994832693596,PIPELINE_06_RETIREMENT_SUMMARY,6.559890485968516,16.452698921686956,1.1512109127893793,2812815.651628311,196815.37292042424,3009631.024548735,0.6415723463610866,1146477.163226544,80220.09202578173,1226697.2552523257,412950.38938332896,OK,False
E03561,PEN_DB_02,45.60438056125941,11.047227926078028,60.0,14.395619438740589,25.44284736481862,pensionable_salary_annual,pensionable_salary_annual,689000.0,0.065,1705822.2200441235,0.02,868019.4875219736,376892.13732391724,0.068,0.03,Gompertz-Makeham,0.0002,1e-05,1.1,0.67,0.67,66.86379192334019,0.4643140809530344,PIPELINE_06_RETIREMENT_SUMMARY,14.395619438740589,16.87779941727805,1.0088912225702835,6361109.895702289,380243.16920185403,6741353.064904143,0.3878815472665263,1145628.6668710536,68481.36286937247,1214110.0297404262,109901.7815025256,OK,False
E03562,PEN_DB_01,34.77344284736482,9.557837097878165,60.0,25.22655715263518,34.784394250513344,pensionable_salary_annual,pensionable_salary_annual,410000.0,0.06,1783050.7856382763,0.015,930335.1224449404,255631.63419561487,0.07,0.03,Gompertz-Makeham,0.0002,1e-05,1.1,0.5,0.5,55.82203969883641,0.27576968346778286,PIPELINE_06_RETIREMENT_SUMMARY,25.22655715263518,16.452699205198666,1.3300735532312673,4205830.384753829,340008.876012877,4545839.2607667055,0.18144644048096673,210448.93277689753,17013.16946849976,227462.10224539728,23798.491218886094,OK,False
E03569,PEN_DB_01,34.234086242299796,15.33744010951403,60.0,25.765913757700204,41.10335386721424,pensionable_salary_annual,pensionable_salary_annual,959000.0,0.06,4303753.106053744,0.015,2653480.303128742,990128.3326535143,0.07,0.03,Gompertz-Makeham,0.0002,1e-05,1.1,0.5,0.5,62.012320328542096,0.2906083693975803,PIPELINE_06_RETIREMENT_SUMMARY,25.765913757700204,16.452696014800427,0.9684856889448114,16290280.472789466,958925.1203937161,17249205.593183182,0.17494442944093117,828202.9967841307,48752.05554184463,876955.0523259754,57177.40679437032,OK,False
E03579,PEN_DB_02,44.016427104722794,9.434633812457221,60.0,15.983572895277206,25.418206707734427,pensionable_salary_annual,pensionable_salary_annual,1022000.0,0.065,2796374.578287315,0.02,1421576.5412632134,527655.4029721061,0.068,0.03,Gompertz-Makeham,0.0002,1e-05,1.1,0.67,0.67,60.15605749486653,0.42226027256085047,PIPELINE_06_RETIREMENT_SUMMARY,15.983572895277206,16.87779941727805,1.5078184493420697,8905662.052806228,795608.5514963659,9701270.604302594,0.349405148369162,1313940.6061217652,117384.01661664089,1431324.622738406,151709.6106950676,OK,False
E03580,PEN_DB_01,26.38193018480493,4.960985626283367,60.0,33.61806981519507,38.57905544147844,pensionable_salary_annual,pensionable_salary_annual,228000.0,0.06,1616847.9941786875,0.015,935647.0261179418,120317.39488508343,0.07,0.03,Gompertz-Makeham,0.0002,1e-05,1.1,0.5,0.0,,0.17325056847440803,PIPELINE_06_RETIREMENT_SUMMARY,33.61806981519507,16.452696014800427,0.0,1979545.5233369814,0.0,1979545.5233369814,0.10284285164773138,35270.715697324486,0.0,35270.715697324486,7109.61860289612,OK,False
E03596,PEN_DB_02,41.89733059548254,2.43668720054757,60.0,18.102669404517457,20.539356605065027,pensionable_salary_annual,pensionable_salary_annual,869000.0,0.065,2717194.234060825,0.02,1116188.4267720364,132419.04823075343,0.068,0.03,Gompertz-Makeham,0.0002,1e-05,1.1,0.67,0.67,63.16221765913758,0.33163793831989663,PIPELINE_06_RETIREMENT_SUMMARY,18.102669404517457,16.87779941727805,1.2713187418817176,2234942.1350655244,168346.81779789593,2403288.9528634204,0.3039373398214814,225275.80379087524,16968.87990970073,242244.68370057596,99415.58508048918,OK,False
E03598,PEN_DB_02,31.633127994524298,7.761806981519507,60.0,28.366872005475702,36.12867898699521,pensionable_salary_annual,pensionable_salary_annual,587000.0,0.065,3503167.671647608,0.02,2531296.404931518,543818.2258245569,0.068,0.03,Gompertz-Makeham,0.0002,1e-05,1.1,0.67,0.0,,0.23249096447603826,PIPELINE_06_RETIREMENT_SUMMARY,28.366872005475702,16.87779941727805,0.0,9178454.93492689,0.0,9178454.93492689,0.15471161933950722,330140.3374818622,0.0,330140.3374818622,42533.953532716114,OK,False
E03599,PEN_DB_01,34.95687885010267,9.256673511293634,60.0,25.04312114989733,34.299794661190965,pensionable_salary_annual,pensionable_salary_annual,846000.0,0.06,3640057.2372529064,0.015,1872798.2368913516,505422.32111507497,0.07,0.03,Gompertz-Makeham,0.0002,1e-05,1.1,0.5,0.5,57.5523613963039,0.2767140392863164,PIPELINE_06_RETIREMENT_SUMMARY,25.04312114989733,16.452699135693468,1.2248756868961679,8315561.38577018,619079.512748483,8934640.898518663,0.1837124104918513,422728.2418902071,31471.404259277628,454199.64614948473,49067.26434667238,OK,False
E03618,PEN_DB_01,37.51129363449692,6.26694045174538,60.0,22.488706365503077,28.755646817248458,pensionable_salary_annual,pensionable_salary_annual,1034000.0,0.06,3833687.528320131,0.015,1653602.4685809582,360382.3717587178,0.07,0.03,Gompertz-Makeham,0.0002,1e-05,1.1,0.5,0.0,,0.29487374360575824,PIPELINE_06_RETIREMENT_SUMMARY,22.488706365503077,16.452696014800427,0.0,5929261.611638983,0.0,5929261.611638983,0.218371949740414,381797.9286910855,0.0,381797.9286910855,60922.53973543861,OK,False
E03620,PEN_DB_01,39.66598220396988,13.998631074606434,60.0,20.334017796030118,34.332648870636554,pensionable_salary_annual,pensionable_salary_annual,919000.0,0.06,3005283.355212906,0.015,1547690.072869398,631047.7944642131,0.07,0.03,Gompertz-Makeham,0.0002,1e-05,1.1,0.5,0.5,60.878850102669404,0.36340445797553966,PIPELINE_06_RETIREMENT_SUMMARY,20.334017796030118,16.452696014800427,1.0312677730663986,10382437.533129957,650779.2536955714,11033216.786825528,0.25264443800237824,953233.5493201234,59749.419714266034,1012982.9690343895,72363.00204181709,OK,False
E03628,PEN_DB_02,33.90280629705681,15.542778918548938,60.0,26.097193702943187,41.63997262149213,pensionable_salary_annual,pensionable_salary_annual,797000.0,0.065,4122933.5303627015,0.02,3433576.786490695,1281636.8871659988,0.068,0.03,Gompertz-Makeham,0.0002,1e-05,1.1,0.67,0.0,,0.2871680551697313,PIPELINE_06_RETIREMENT_SUMMARY,26.097193702943187,16.87779941727805,0.0,21631210.30737235,0.0,21631210.30737235,0.17962653157616623,1115802.7586987885,0.0,1115802.7586987885,71789.141732382,OK,False
E03630,PEN_DB_01,33.97946611909651,3.800136892539357,60.0,26.020533880903493,29.82067077344285,pensionable_salary_annual,pensionable_salary_annual,737000.0,0.06,3356909.3395727603,0.015,1501579.3234754212,191350.7253933056,0.07,0.03,Gompertz-Makeham,0.0002,1e-05,1.1,0.5,0.5,61.34428473648186,0.23591845022130914,PIPELINE_06_RETIREMENT_SUMMARY,26.020533880903493,16.452696014800427,1.0052712451026826,3148235.31710761,192359.38196742983,3340594.69907504,0.17195642884144907,127716.6476073416,7803.5765837450945,135520.2241910867,35661.93219437638,OK,False
E03637,PEN_DB_02,19.71252566735113,1.7111567419575633,60.0,40.28747433264887,41.998631074606436,pensionable_salary_annual,pensionable_salary_annual,714000.0,0.065,9027028.903232716,0.02,7582457.132133599,308933.22735224897,0.068,0.03,Gompertz-Makeham,0.0002,1e-05,1.1,0.67,0.67,58.628336755646814,0.11582541042897634,PIPELINE_06_RETIREMENT_SUMMARY,40.28747433264887,16.87780267710021,1.6348894274178472,5214114.051650995,505071.6671762659,5719185.718827262,0.07062141101258082,42650.16983040643,4131.361947246511,46781.53177765294,27339.127170860378,OK,False
E03641,PEN_DB_02,35.05544147843943,2.329911019849418,60.0,24.944558521560573,27.274469541409992,pensionable_salary_annual,pensionable_salary_annual,668000.0,0.065,3213663.1592893354,0.02,1753019.1590877678,149750.98417824638,0.068,0.03,Gompertz-Makeham,0.0002,1e-05,1.1,0.67,0.0,,0.23658276725861763,PIPELINE_06_RETIREMENT_SUMMARY,24.944558521560573,16.87779941727805,0.0,2527467.0735004214,0.0,2527467.0735004214,0.19377721737286122,115870.08593412206,0.0,115870.08593412206,49731.54980897542,OK,False
E03647,PEN_DB_02,50.795345653661876,10.967830253251197,60.0,9.204654346338124,20.17248459958932,pensionable_salary_annual,pensionable_salary_annual,1288000.0,0.065,2299638.384613018,0.02,927788.3979646115,504440.86892592744,0.068,0.03,Gompertz-Makeham,0.0002,1e-05,1.1,0.67,0.67,53.19644079397673,0.6006039932660399,PIPELINE_06_RETIREMENT_SUMMARY,9.204654346338124,16.877802999735188,2.1141449035578503,8513853.610747043,1066461.092186043,9580314.702933086,0.5457723061714846,2790781.8422499145,349578.50905280845,3140360.351302723,286324.6675769645,OK,False
E03665,PEN_DB_02,40.75290896646133,15.97535934291581,60.0,19.247091033538673,35.22245037645448,pensionable_salary_annual,pensionable_salary_annual,1391000.0,0.065,4674417.729851798,0.02,3292888.9305704795,1493510.0590655848,0.068,0.03,Gompertz-Makeham,0.0002,1e-05,1.1,0.67,0.67,58.98699520876112,0.3888846226855788,PIPELINE_06_RETIREMENT_SUMMARY,19.247091033538673,16.87780267710021,1.6046842863450757,25207168.073173217,2396612.12328085,27603780.196454067,0.2818944324838331,2763320.928136297,262727.1900462021,3026048.118182499,189419.72153661662,OK,False
E03666,PEN_DB_01,52.37782340862423,12.509240246406572,60.0,7.622176591375769,20.13141683778234,pensionable_salary_annual,pensionable_salary_annual,1680000.0,0.06,2619359.182232968,0.015,790971.1731810683,491492.89953274874,0.07,0.03,Gompertz-Makeham,0.0002,1e-05,1.1,0.5,0.5,62.417522245037645,0.9821402613674983,REVIEW_DB_MORTALITY_ONLY_FALLBACK,7.622176591375769,16.452696014800427,0.946486385945972,8086383.269445162,465191.33819685807,8551574.607642021,0.5970788085972291,4741977.55385907,272795.2423816441,5014772.796240714,400885.48124905245,REVIEW_DB_MORTALITY_ONLY_FALLBACK,True
E03668,PEN_DB_01,36.57494866529774,5.968514715947981,60.0,23.42505133470226,29.393566050650243,pensionable_salary_annual,pensionable_salary_annual,874000.0,0.06,3422178.2402803153,0.015,1508850.332141662,306379.8178156504,0.07,0.03,Gompertz-Makeham,0.0002,1e-05,1.1,0.5,0.5,59.761806981519506,0.28057568297908203,PIPELINE_06_RETIREMENT_SUMMARY,23.42505133470226,16.452698200221736,1.0948247914994995,5040774.677159814,335432.22015967406,5376206.897319488,0.20496678984247446,289888.38379642833,19290.269929328322,309178.6537257567,51801.607006115875,OK,False
E03673,PEN_DB_02,60.837782340862425,3.1266255989048597,60.0,0.0,3.1266255989048597,pensionable_salary_annual,pensionable_salary_annual,1324000.0,0.065,1324000.0,0.02,82793.04585900069,82793.04585900069,0.068,0.03,Gompertz-Makeham,0.0002,1e-05,1.1,0.67,0.67,60.06023271731691,1.0,AT_RETIREMENT,0.0,16.87779941727805,1.5156624682272892,1397364.4211537167,125486.31223870814,1522850.7333924249,1.0,1397364.4211537167,125486.31223870814,1522850.7333924249,487058.87072818144,OK,False
E03695,PEN_DB_01,50.68583162217659,5.47296372347707,60.0,9.314168377823407,14.787132101300477,pensionable_salary_annual,pensionable_salary_annual,1357000.0,0.06,2334978.7777262707,0.015,517914.5945995723,191688.8121837706,0.07,0.03,Gompertz-Makeham,0.0002,1e-05,1.1,0.5,0.5,54.80082135523614,0.5640194663892124,PIPELINE_06_RETIREMENT_SUMMARY,9.314168377823407,16.452699207825372,1.393249080322356,3153798.368364909,267070.2612831232,3420868.6296480326,0.5324937896471232,947201.9087804569,80211.04449902485,1027412.9532794817,187725.15316925003,OK,False
E03698,PEN_DB_01,50.87200547570158,11.512662559890487,60.0,9.127994524298423,20.64065708418891,pensionable_salary_annual,pensionable_salary_annual,2764000.0,0.06,4704677.281758734,0.015,1456614.4569683403,812450.4299710668,0.07,0.03,Gompertz-Makeham,0.0002,1e-05,1.1,0.5,0.5,60.205338809034906,0.6054475685255505,PIPELINE_06_RETIREMENT_SUMMARY,9.127994524298423,16.452696014800427,1.069397306146797,13366999.951407863,868832.3011888657,14235832.252596729,0.5392436481698446,4364108.345605305,283659.6327024328,4647767.978307738,403709.2161895129,OK,False
E03715,PEN_DB_01,47.76454483230664,3.0088980150581794,60.0,12.23545516769336,15.244353182751539,pensionable_salary_annual,pensionable_salary_annual,676000.0,0.06,1379035.5942020891,0.015,315337.58474403416,62240.66193133865,0.07,0.03,Gompertz-Makeham,0.0002,1e-05,1.1,0.5,0.5,64.31485284052019,0.45858290258318885,PIPELINE_06_RETIREMENT_SUMMARY,12.23545516769336,16.452696014800427,0.8468089895295994,1024026.690516276,52705.95203773028,1076732.6425540063,0.43699463532411625,205213.17545218172,10562.181516421235,215775.35696860295,71712.41959306845,OK,False
E03718,PEN_DB_01,33.21286789869952,2.305270362765229,60.0,26.78713210130048,29.092402464065707,pensionable_salary_annual,pensionable_salary_annual,529000.0,0.06,2519574.6363878287,0.015,1099507.1904007008,87124.51104059759,0.07,0.03,Gompertz-Makeham,0.0002,1e-05,1.1,0.5,0.0,,0.2167969784479816,PIPELINE_06_RETIREMENT_SUMMARY,26.78713210130048,16.452696014800427,0.0,1433433.0955890757,0.0,1433433.0955890757,0.163264914607369,50736.852034250114,0.0,50736.852034250114,22009.067940035457,OK,False
E03721,PEN_DB_01,40.799452429842574,6.611909650924025,60.0,19.200547570157426,25.812457221081452,pensionable_salary_annual,pensionable_salary_annual,1417000.0,0.06,4337668.114916485,0.015,1679488.0898329618,430204.04507282586,0.07,0.03,Gompertz-Makeham,0.0002,1e-05,1.1,0.5,0.5,56.11225188227242,0.34675013722798426,PIPELINE_06_RETIREMENT_SUMMARY,19.200547570157426,16.45269919212516,1.3122552268556145,7078017.744818658,564537.506761244,7642555.251579901,0.2727817924240016,669489.3417941811,53397.97913001654,722887.3209241977,109331.09481058521,OK,False
E03745,PEN_DB_01,43.40588637919233,11.808350444900753,60.0,16.59411362080767,28.402464065708422,pensionable_salary_annual,pensionable_salary_annual,1723000.0,0.06,4531204.687248984,0.015,1930460.6745593827,802590.7932691938,0.07,0.03,Gompertz-Makeham,0.0002,1e-05,1.1,0.5,0.0,,0.4215291200288978,PIPELINE_06_RETIREMENT_SUMMARY,16.59411362080767,16.452696014800427,0.0,13204782.34593558,0.0,13204782.34593558,0.3253885409129097,1811177.788337172,0.0,1811177.788337172,153381.1006701025,REVIEW_SPOUSE_DOB_MISSING,True
E03755,PEN_DB_01,31.211498973305954,2.4804928131416837,60.0,28.788501026694046,31.26899383983573,pensionable_salary_annual,pensionable_salary_annual,756000.0,0.06,4046128.987740036,0.015,1897775.7358923594,150545.90812700093,0.07,0.03,Gompertz-Makeham,0.0002,1e-05,1.1,0.5,0.5,62.40383299110199,0.19896778631499054,PIPELINE_06_RETIREMENT_SUMMARY,28.788501026694046,16.452696014800427,0.9472256592856699,2476886.0626856196,142600.94707835835,2619487.009763978,0.1425886922610556,70270.6358684066,4045.668219299565,74316.30408770617,29960.2980883385,OK,False
E03759,PEN_DB_01,34.38193018480493,0.8898015058179329,60.0,25.61806981519507,26.507871321013003,pensionable_salary_annual,pensionable_salary_annual,493000.0,0.06,2193483.350984976,0.015,872168.6161904123,29276.47183039496,0.07,0.03,Gompertz-Makeham,0.0002,1e-05,1.1,0.5,0.0,,0.2146386353585018,PIPELINE_06_RETIREMENT_SUMMARY,25.61806981519507,16.452696014800427,0.0,481676.8914113561,0.0,481676.8914113561,0.17670316639563655,18268.71672743048,0.0,18268.71672743048,20531.22702982764,OK,False
E03770,PEN_DB_01,30.472279260780287,0.4271047227926078,60.0,29.527720739219713,29.95482546201232,pensionable_salary_annual,pensionable_salary_annual,389000.0,0.06,2173572.4658145187,0.015,976634.7576376447,13925.145982220325,0.07,0.03,Gompertz-Makeham,0.0002,1e-05,1.1,0.5,0.0,,0.17318100846541715,PIPELINE_06_RETIREMENT_SUMMARY,29.527720739219713,16.452696014800427,0.0,229106.19380719052,0.0,229106.19380719052,0.13563257852437266,5381.472346009869,0.0,5381.472346009869,12599.889579359646,OK,False
E03788,PEN_DB_01,60.9637234770705,4.826830937713894,60.0,0.0,4.826830937713894,pensionable_salary_annual,pensionable_salary_annual,1790000.0,0.06,1790000.0,0.015,129600.41067761806,129600.41067761806,0.07,0.03,Gompertz-Makeham,0.0002,1e-05,1.1,0.5,0.5,59.408624229979466,1.0,AT_RETIREMENT,0.0,16.452698200221736,1.1152442723021574,2132276.4435036443,144536.1156962209,2276812.559199865,1.0,2132276.4435036443,144536.1156962209,2276812.559199865,471699.2553872665,OK,False
E03812,PEN_DB_01,29.32785763175907,4.720054757015743,60.0,30.67214236824093,35.39219712525667,pensionable_salary_annual,pensionable_salary_annual,545000.0,0.06,3255229.438847795,0.015,1728145.8298145975,230472.91797016835,0.07,0.03,Gompertz-Makeham,0.0002,1e-05,1.1,0.5,0.0,,0.19598045470518716,PIPELINE_06_RETIREMENT_SUMMARY,30.67214236824093,16.452696014800427,0.0,3791900.8590072147,0.0,3791900.8590072147,0.12552683752744895,93283.82004409781,0.0,93283.82004409781,19763.291920595544,OK,False
E03813,PEN_DB_01,30.543463381245722,6.981519507186858,60.0,29.456536618754278,36.43805612594114,pensionable_salary_annual,pensionable_salary_annual,1252000.0,0.06,6966705.8770160265,0.015,3807798.296394509,729572.8947183107,0.07,0.03,Gompertz-Makeham,0.0002,1e-05,1.1,0.5,0.0,,0.21813563612284648,PIPELINE_06_RETIREMENT_SUMMARY,29.456536618754278,16.452696014800427,0.0,12003441.057438362,0.0,12003441.057438362,0.13628739064367432,356851.93950978713,0.0,356851.93950978713,51113.79251213716,OK,False
E03819,PEN_DB_01,39.95345653661875,21.95208761122519,60.0,20.046543463381248,41.998631074606436,pensionable_salary_annual,pensionable_salary_annual,1884000.0,0.06,6058652.256475882,0.015,3816826.5139359357,1995000.977101586,0.07,0.03,Gompertz-Makeham,0.0002,1e-05,1.1,0.5,0.5,57.05407255304586,0.3937718502419288,PIPELINE_06_RETIREMENT_SUMMARY,20.046543463381248,16.452699135693468,1.2549019143997397,32823150.85166689,2503530.545394132,35326681.39706102,0.25760650382470063,3329521.000851184,253953.60624675886,3583474.607097943,163240.72090827185,OK,False
E03826,PEN_DB_01,40.06023271731691,12.399726214921287,60.0,19.939767282683093,32.33949349760438,pensionable_salary_annual,pensionable_salary_annual,548000.0,0.06,1751352.7262677727,0.015,849567.9015472251,325744.4146721455,0.07,0.03,Gompertz-Makeham,0.0002,1e-05,1.1,0.5,0.0,,0.36354008824670897,PIPELINE_06_RETIREMENT_SUMMARY,19.939767282683093,16.452696014800427,0.0,5359373.8331199065,0.0,5359373.8331199065,0.2594742773377169,505545.99112618575,0.0,505545.99112618575,40770.73818918952,REVIEW_SPOUSE_DOB_MISSING,True
E03838,PEN_DB_01,40.06023271731691,3.5263518138261465,60.0,19.939767282683093,23.46611909650924,pensionable_salary_annual,pensionable_salary_annual,586000.0,0.06,1872796.8934177277,0.015,659209.1241676937,99062.11083047364,0.07,0.03,Gompertz-Makeham,0.0002,1e-05,1.1,0.5,0.0,,0.3126395722417177,PIPELINE_06_RETIREMENT_SUMMARY,19.939767282683093,16.452696014800427,0.0,1629838.796078252,0.0,1629838.796078252,0.2594742773377169,132215.6639588018,0.0,132215.6639588018,37493.61122744748,OK,False
E03870,PEN_DB_01,26.78986995208761,8.788501026694044,60.0,33.210130047912386,41.99863107460643,pensionable_salary_annual,pensionable_salary_annual,625000.0,0.06,4328038.284606402,0.015,2726575.247879351,570554.5336175173,0.07,0.03,Gompertz-Makeham,0.0002,1e-05,1.1,0.5,0.0,,0.1920690417324917,PIPELINE_06_RETIREMENT_SUMMARY,33.210130047912386,16.452696014800427,0.0,9387160.301475244,0.0,9387160.301475244,0.10572091707895434,190613.00394174908,0.0,190613.00394174908,21688.90956066164,OK,False
E03878,PEN_DB_01,47.59753593429158,4.030116358658453,60.0,12.402464065708422,16.432580424366876,pensionable_salary_annual,pensionable_salary_annual,1122000.0,0.06,2311255.414194943,0.015,569698.3571251767,139719.42380677437,0.07,0.03,Gompertz-Makeham,0.0002,1e-05,1.1,0.5,0.5,61.790554414784395,0.4651353204737627,PIPELINE_06_RETIREMENT_SUMMARY,12.402464065708422,16.452696014800427,0.9806269532138678,2298761.207255929,137012.6328724343,2435773.840128363,0.4320845654965989,461999.9537097676,27536.49654645083,489536.45025621844,121469.55737505689,OK,False
E03882,PEN_DB_01,38.70773442847365,3.994524298425736,60.0,21.29226557152635,25.286789869952088,pensionable_salary_annual,pensionable_salary_annual,804000.0,0.06,2780194.9649915663,0.015,1054533.088158608,166583.3451302955,0.07,0.03,Gompertz-Makeham,0.0002,1e-05,1.1,0.5,0.0,,0.29643723689375934,PIPELINE_06_RETIREMENT_SUMMARY,21.29226557152635,16.452696014800427,0.0,2740745.1385573368,0.0,2740745.1385573368,0.2367842449076252,192377.4709207823,0.0,192377.4709207823,48160.29558177912,OK,False
E03894,PEN_DB_01,45.27310061601643,7.7645448323066395,60.0,14.726899383983572,22.491444216290212,pensionable_salary_annual,pensionable_salary_annual,565000.0,0.06,1332678.463365045,0.015,449607.949755394,155214.6251377112,0.07,0.03,Gompertz-Makeham,0.0002,1e-05,1.1,0.5,0.5,64.2135523613963,0.43926874697342966,PIPELINE_06_RETIREMENT_SUMMARY,14.726899383983572,16.452696014800427,0.8519868038941113,2553699.0444419635,132240.81238870116,2685939.856830665,0.36920541540006163,414159.9330143536,21446.86787578617,435606.80089013977,56102.03950110138,OK,False
E03908,PEN_DB_02,27.99726214921287,9.582477754962355,60.0,32.00273785078713,41.58521560574948,pensionable_salary_annual,pensionable_salary_annual,625000.0,0.065,4689670.665993499,0.02,3900419.3153059683,898773.2966996438,0.068,0.03,Gompertz-Makeham,0.0002,1e-05,1.1,0.67,0.67,60.90349075975359,0.20519261371125458,PIPELINE_06_RETIREMENT_SUMMARY,32.00273785078713,16.87779941727805,1.4472498113554324,15169315.423302323,1300749.4840998596,16470064.907402182,0.12179842994393379,379113.6272480572,32508.510852151772,411622.138100209,42955.71026888609,OK,False
E03923,PEN_DB_02,37.36618754277892,19.34839151266256,60.0,22.633812457221083,41.98220396988364,pensionable_salary_annual,pensionable_salary_annual,1133000.0,0.065,4712548.176236336,0.02,3956863.1750531406,1823604.542722091,0.068,0.03,Gompertz-Makeham,0.0002,1e-05,1.1,0.67,0.0,,0.3455432276002813,PIPELINE_06_RETIREMENT_SUMMARY,22.633812457221083,16.87779941727805,0.0,30778431.688500516,0.0,30778431.688500516,0.22559196382822352,2399233.391126571,0.0,2399233.391126571,124001.6974825216,OK,False
E03931,PEN_DB_01,51.455167693360714,6.628336755646817,60.0,8.544832306639286,15.173169062286103,pensionable_salary_annual,pensionable_salary_annual,992000.0,0.06,1632097.303346344,0.015,371461.32464662986,162271.35816843936,0.07,0.03,Gompertz-Makeham,0.0002,1e-05,1.1,0.5,0.5,58.1492128678987,0.5971982794654195,PIPELINE_06_RETIREMENT_SUMMARY,8.544832306639286,16.452698921686956,1.1892255266142342,2669801.79955856,192977.24137226932,2862779.040930829,0.5609453433986753,894371.8395767785,64646.525592688595,959018.365169467,144684.61705004043,OK,False
E03933,PEN_DB_02,47.389459274469544,8.013689253935661,60.0,12.610540725530456,20.624229979466115,pensionable_salary_annual,pensionable_salary_annual,2080000.0,0.065,4602106.636970157,0.02,1898298.113417998,737597.0500430746,0.068,0.03,Gompertz-Makeham,0.0002,1e-05,1.1,0.67,0.67,61.41546885694729,0.4901317008644297,PIPELINE_06_RETIREMENT_SUMMARY,12.610540725530456,16.87779941727805,1.4064112052571285,12449015.061403016,1037364.7561451831,13486379.817548199,0.436215460911677,2661637.088357755,221791.72372212075,2883428.8120798757,359812.90523135447,OK,False
E03941,PEN_DB_01,37.3388090349076,8.813141683778234,60.0,22.661190965092402,31.474332648870636,pensionable_salary_annual,pensionable_salary_annual,606000.0,0.06,2269518.198053342,0.015,1071473.5607729452,300023.7815003576,0.07,0.03,Gompertz-Makeham,0.0002,1e-05,1.1,0.5,0.0,,0.30602570888845454,PIPELINE_06_RETIREMENT_SUMMARY,22.661190965092402,16.452696014800427,0.0,4936200.074236288,0.0,4936200.074236288,0.21583834516484426,326046.2949564898,0.0,326046.2949564898,36995.46729818512,OK,False
E03950,PEN_DB_01,25.76865160848734,2.2642026009582477,60.0,34.23134839151266,36.49555099247091,pensionable_salary_annual,pensionable_salary_annual,1792000.0,0.06,13170185.608520217,0.015,7209797.706840842,447299.52764871536,0.07,0.03,Gompertz-Makeham,0.0002,1e-05,1.1,0.5,0.0,,0.1544715622480433,PIPELINE_06_RETIREMENT_SUMMARY,34.23134839151266,16.452696014800427,0.0,7359283.155968132,0.0,7359283.155968132,0.09866285285143143,112159.92777960974,0.0,112159.92777960974,49536.1712472823,OK,False
E03956,PEN_DB_01,39.85215605749487,11.4798083504449,60.0,20.147843942505133,31.62765229295003,pensionable_salary_annual,pensionable_salary_annual,949000.0,0.06,3069904.2961166715,0.015,1456407.984753174,528628.6946044026,0.07,0.03,Gompertz-Makeham,0.0002,1e-05,1.1,0.5,0.5,61.177275838466805,0.35622981010578203,PIPELINE_06_RETIREMENT_SUMMARY,20.147843942505133,16.452696014800427,1.0145653903339336,8697367.217027007,536328.3778830335,9233695.59491004,0.2558469433577902,792680.7273706828,48881.13357540682,841561.8609460896,73308.00613178137,OK,False
E03960,PEN_DB_02,43.98083504449008,3.509924709103354,60.0,16.019164955509922,19.529089664613277,pensionable_salary_annual,pensionable_salary_annual,1475000.0,0.065,4044919.6472279164,0.02,1579871.9695373978,283947.26832285774,0.068,0.03,Gompertz-Makeham,0.0002,1e-05,1.1,0.67,0.67,60.68172484599589,0.3803104780536019,PIPELINE_06_RETIREMENT_SUMMARY,16.019164955509922,16.87779941727805,1.4651052647258103,4792405.039837223,416012.6377243312,5208417.677561554,0.34858796589696606,635337.0721335536,55151.48428090933,690488.5564144629,196724.60626394895,OK,False
E03963,PEN_DB_01,43.29363449691992,1.0431211498973305,60.0,16.70636550308008,17.74948665297741,pensionable_salary_annual,pensionable_salary_annual,2533000.0,0.06,6705084.020012644,0.015,1785176.9898045983,104913.22429670708,0.07,0.03,Gompertz-Makeham,0.0002,1e-05,1.1,0.5,0.5,60.884325804243666,0.33722589365947614,PIPELINE_06_RETIREMENT_SUMMARY,16.70636550308008,16.452696014800427,1.0309602246338605,1726105.3872862959,108161.36128799572,1834266.7485742916,0.3229266372390981,187971.53692323095,11778.688292594514,199750.22521582546,191492.8340159587,OK,False
E03964,PEN_DB_01,31.772758384668034,2.379192334017796,60.0,28.227241615331966,30.60643394934976,pensionable_salary_annual,pensionable_salary_annual,616000.0,0.06,3190769.891030831,0.015,1464871.318761136,113871.82896533026,0.07,0.03,Gompertz-Makeham,0.0002,1e-05,1.1,0.5,0.5,57.76043805612594,0.20338688319377285,PIPELINE_06_RETIREMENT_SUMMARY,28.227241615331966,16.452699135693468,1.2124071828136862,1873498.9419977237,138059.02335769797,2011557.9653554216,0.1481074851440723,56435.63303960067,4158.768497468501,60594.40153706917,25468.47544466572,OK,False
E03974,PEN_DB_02,23.370294318959616,4.418891170431212,60.0,36.629705681040384,41.04859685147159,pensionable_salary_annual,pensionable_salary_annual,371000.0,0.065,3725477.9123879056,0.02,3058512.8180934633,329249.62905374845,0.068,0.03,Gompertz-Makeham,0.0002,1e-05,1.1,0.67,0.0,,0.14976071732889187,PIPELINE_06_RETIREMENT_SUMMARY,36.629705681040384,16.87779941727805,0.0,5557009.19738237,0.0,5557009.19738237,0.0898345554319312,74762.26496730978,0.0,74762.26496730978,16918.78394009287,OK,False
E03978,PEN_DB_01,30.954140999315538,3.3648186173853527,60.0,29.045859000684462,32.41067761806981,pensionable_salary_annual,pensionable_salary_annual,844000.0,0.06,4585355.807045918,0.015,2229217.3323946437,231433.35880326215,0.07,0.03,Gompertz-Makeham,0.0002,1e-05,1.1,0.5,0.0,,0.20269474710385807,PIPELINE_06_RETIREMENT_SUMMARY,29.045859000684462,16.452696014800427,0.0,3807702.7000743086,0.0,3807702.7000743086,0.14012735886203623,108150.48275720394,0.0,108150.48275720394,32141.549086304905,OK,False
E03990,PEN_DB_01,40.40520191649555,0.5119780971937029,60.0,19.59479808350445,20.106776180698155,pensionable_salary_annual,pensionable_salary_annual,516000.0,0.06,1616266.687271118,0.015,487468.6879391824,12412.39714659955,0.07,0.03,Gompertz-Makeham,0.0002,1e-05,1.1,0.5,0.0,,0.28166487583428457,PIPELINE_06_RETIREMENT_SUMMARY,19.59479808350445,16.452696014800427,0.0,204217.3970679786,0.0,204217.3970679786,0.26560167486099245,15277.638824044263,0.0,15277.638824044263,29840.41486888859,OK,False
E03993,PEN_DB_01,41.1170431211499,4.517453798767967,60.0,18.882956878850102,23.40041067761807,pensionable_salary_annual,pensionable_salary_annual,754000.0,0.06,2265796.5357106426,0.015,795308.5417133003,153534.46751222014,0.07,0.03,Gompertz-Makeham,0.0002,1e-05,1.1,0.5,0.0,,0.3375372565884132,PIPELINE_06_RETIREMENT_SUMMARY,18.882956878850102,16.452696014800427,0.0,2526055.92177281,0.0,2526055.92177281,0.2787066896834742,237635.9105274226,0.0,237635.9105274226,52603.949284933995,OK,False
E03998,PEN_DB_02,41.26488706365503,3.783709787816564,60.0,18.73511293634497,22.51882272416153,pensionable_salary_annual,pensionable_salary_annual,1199000.0,0.065,3901370.3003112543,0.02,1757085.3234803595,295233.05982369086,0.068,0.03,Gompertz-Makeham,0.0002,1e-05,1.1,0.67,0.0,,0.3340164800239195,PIPELINE_06_RETIREMENT_SUMMARY,18.73511293634497,16.87779941727805,0.0,4982884.365053506,0.0,4982884.365053506,0.2915508782978912,485247.22216208105,0.0,485247.22216208105,128246.416711071,REVIEW_SPOUSE_DOB_MISSING,True
E04004,PEN_DB_02,40.54757015742642,6.702258726899384,60.0,19.45242984257358,26.154688569472963,pensionable_salary_annual,pensionable_salary_annual,1286000.0,0.065,4377813.891900318,0.02,2290007.1791553036,586824.8272346052,0.068,0.03,Gompertz-Makeham,0.0002,1e-05,1.1,0.67,0.67,63.09103353867214,0.34314939403258393,PIPELINE_06_RETIREMENT_SUMMARY,19.45242984257358,16.87779941727805,1.2766905809811377,9904311.727144513,749193.7296163039,10653505.456760816,0.2781119892676991,945207.6950434196,71498.52486678271,1016706.2199102023,151696.0567084156,OK,False
E04022,PEN_DB_01,43.44695414099932,4.80766598220397,60.0,16.553045859000683,21.360711841204655,pensionable_salary_annual,pensionable_salary_annual,1963000.0,0.06,5150026.311153266,0.015,1650123.4201075062,371394.09455380426,0.07,0.03,Gompertz-Makeham,0.0002,1e-05,1.1,0.5,0.5,61.237508555783705,0.3813141570591282,PIPELINE_06_RETIREMENT_SUMMARY,16.553045859000683,16.452696014800427,1.011208975378915,6110434.139385789,375557.0418155323,6485991.181201321,0.32629391927271256,760263.2145073181,46726.99145894667,806990.2059662648,167854.88196422448,OK,False
E04029,PEN_DB_02,58.32991101984942,0.5968514715947981,60.0,1.670088980150581,2.266940451745379,pensionable_salary_annual,pensionable_salary_annual,2155000.0,0.065,2393996.731058818,0.02,108540.96061966872,28577.20943851183,0.068,0.03,Gompertz-Makeham,0.0002,1e-05,1.1,0.67,0.67,61.59890485968515,0.9949775921852738,REVIEW_DB_MORTALITY_ONLY_FALLBACK,1.670088980150581,16.87779941727805,1.3919119969749614,482320.4088087478,39776.96065753071,522097.36946627847,0.8959493644439258,429964.30721839773,35459.153334625524,465423.46055302327,779797.7934265677,REVIEW_DB_MORTALITY_ONLY_FALLBACK,True
E04036,PEN_DB_02,38.14647501711157,5.300479123887748,60.0,21.85352498288843,27.154004106776178,pensionable_salary_annual,pensionable_salary_annual,1524000.0,0.065,6034903.13589364,0.02,3277435.6907210466,639757.5617297789,0.068,0.03,Gompertz-Makeham,0.0002,1e-05,1.1,0.67,0.67,60.00547570157426,0.29772814568046874,PIPELINE_06_RETIREMENT_SUMMARY,21.85352498288843,16.87779941727805,1.520152623202782,10797699.80256209,972529.1356773392,11770228.93823943,0.23747473706565433,763428.8309555585,68760.6429791834,832189.4739347418,157002.6887162523,OK,False
E04038,PEN_DB_02,48.04654346338125,9.273100616016427,60.0,11.953456536618752,21.22655715263518,pensionable_salary_annual,pensionable_salary_annual,1100000.0,0.065,2335151.344103412,0.02,991344.4693132787,433081.8673499387,0.068,0.03,Gompertz-Makeham,0.0002,1e-05,1.1,0.67,0.67,60.29568788501027,0.5141250473490688,PIPELINE_06_RETIREMENT_SUMMARY,11.953456536618752,16.87779941727805,1.4964201664632564,7309468.888392487,648072.4400320132,7957541.3284245,0.4554857271852111,1711706.7259971364,151763.4142061633,1863470.1402032997,200954.37517249933,OK,False
E04039,PEN_DB_02,37.856262833675565,10.464065708418891,60.0,22.143737166324435,32.60780287474333,pensionable_salary_annual,pensionable_salary_annual,1864000.0,0.065,7517413.407278523,0.02,4902526.690249814,1573254.1570222324,0.068,0.03,Gompertz-Makeham,0.0002,1e-05,1.1,0.67,0.0,,0.32104253601139654,PIPELINE_06_RETIREMENT_SUMMARY,22.143737166324435,16.87779941727805,0.0,26553068.09462011,0.0,26553068.09462011,0.2329837814756264,1986108.5290793225,0.0,1986108.5290793225,189802.7577828944,REVIEW_SPOUSE_DOB_MISSING,True
E04042,PEN_DB_01,27.93702943189596,9.935660506502396,60.0,32.062970568104035,41.99863107460643,pensionable_salary_annual,pensionable_salary_annual,594000.0,0.06,3847402.8128550164,0.015,2423784.7699875133,573397.3227043472,0.07,0.03,Gompertz-Makeham,0.0002,1e-05,1.1,0.5,0.0,,0.20592124007008847,PIPELINE_06_RETIREMENT_SUMMARY,32.062970568104035,16.452696014800427,0.0,9433931.846155047,0.0,9433931.846155047,0.11425331267127177,221953.84875950037,0.0,221953.84875950037,22339.11360137986,OK,False
E04044,PEN_DB_01,35.13757700205339,7.411362080766598,60.0,24.86242299794661,32.27378507871321,pensionable_salary_annual,pensionable_salary_annual,588000.0,0.06,2503470.3525654287,0.015,1211946.9616444055,278311.87861990207,0.07,0.03,Gompertz-Makeham,0.0002,1e-05,1.1,0.5,0.5,53.44284736481862,0.2702348863108268,PIPELINE_06_RETIREMENT_SUMMARY,24.86242299794661,16.4526992082766,1.4782204042116784,4578981.625023636,411406.29771042324,4990387.922734059,0.18597222621832163,230122.1403739928,20675.7103533854,250797.8507273782,33839.6435087458,OK,False
E04053,PEN_DB_02,46.85284052019165,6.995208761122519,60.0,13.147159479808352,20.14236824093087,pensionable_salary_annual,pensionable_salary_annual,2500000.0,0.065,5721496.858223353,0.02,2304889.9321532766,800461.2989875793,0.068,0.03,Gompertz-Makeham,0.0002,1e-05,1.1,0.67,0.0,,0.47050750541525693,PIPELINE_06_RETIREMENT_SUMMARY,13.147159479808352,16.87779941727805,0.0,13510025.245606199,0.0,13510025.245606199,0.42108443101852333,2676651.9359013704,0.0,2676651.9359013704,382640.7513064483,REVIEW_SPOUSE_DOB_MISSING,True
E04056,PEN_DB_01,27.98631074606434,4.427104722792608,60.0,32.01368925393566,36.440793976728266,pensionable_salary_annual,pensionable_salary_annual,1133000.0,0.06,7317521.66209357,0.015,3999844.4896289697,485931.52064087486,0.07,0.03,Gompertz-Makeham,0.0002,1e-05,1.1,0.5,0.0,,0.18318518407598539,PIPELINE_06_RETIREMENT_SUMMARY,32.01368925393566,16.452696014800427,0.0,7994883.593114033,0.0,7994883.593114033,0.11463490412225323,167887.8865486521,0.0,167887.8865486521,37922.727620219644,OK,False
E04058,PEN_DB_02,28.870636550308006,6.872005475701574,60.0,31.129363449691994,38.001368925393564,pensionable_salary_annual,pensionable_salary_annual,302000.0,0.065,2144780.357409582,0.02,1630091.79251718,294778.84720591654,0.068,0.03,Gompertz-Makeham,0.0002,1e-05,1.1,0.67,0.67,54.61464750171116,0.2022051109302739,PIPELINE_06_RETIREMENT_SUMMARY,31.129363449691994,16.8778029992237,1.9858219044737224,4975219.311479723,585378.2917570216,5560597.603236744,0.12900159817528165,129777.51347658841,15269.46540268284,145046.97887927125,21106.935870778423,OK,False
E04059,PEN_DB_01,47.06639288158795,6.609171800136893,60.0,12.933607118412048,19.54277891854894,pensionable_salary_annual,pensionable_salary_annual,2508000.0,0.06,5328729.2102834135,0.015,1562072.6531007395,528277.3024075631,0.07,0.03,Gompertz-Makeham,0.0002,1e-05,1.1,0.5,0.0,,0.47303624369320224,PIPELINE_06_RETIREMENT_SUMMARY,12.933607118412048,16.452696014800427,0.0,8691585.868030433,0.0,8691585.868030433,0.416832682994435,1713780.5365081134,0.0,1713780.5365081134,259303.37239419564,OK,False
E04072,PEN_DB_02,34.5160848733744,2.704996577686516,60.0,25.483915126625597,28.188911704312112,pensionable_salary_annual,pensionable_salary_annual,904000.0,0.065,4499285.103897245,0.02,2536599.0105257235,243411.01616155935,0.068,0.03,Gompertz-Makeham,0.0002,1e-05,1.1,0.67,0.0,,0.23374774906919182,PIPELINE_06_RETIREMENT_SUMMARY,25.483915126625597,16.87779941727805,0.0,4108242.3067306248,0.0,4108242.3067306248,0.18702196741060784,179595.77240931807,0.0,179595.77240931807,66394.0848911978,OK,False
E04084,PEN_DB_01,44.15605749486653,8.93908281998631,60.0,15.84394250513347,24.78302532511978,pensionable_salary_annual,pensionable_salary_annual,1859000.0,0.06,4679765.205436501,0.015,1739681.0940292075,627492.131242307,0.07,0.03,Gompertz-Makeham,0.0002,1e-05,1.1,0.5,0.5,58.965092402464066,0.42244846693297317,PIPELINE_06_RETIREMENT_SUMMARY,15.84394250513347,16.452698921686956,1.141096729190831,10323939.111057354,716029.2185535801,11039968.329610934,0.34233012271617996,1493015.4044086263,103549.879731679,1596565.2841403054,178605.0444202899,OK,False
E04096,PEN_DB_02,43.624914442162904,8.982888432580424,60.0,16.375085557837096,25.35797399041752,pensionable_salary_annual,pensionable_salary_annual,710000.0,0.065,1991179.9750748477,0.02,1009845.8003637638,357730.9513057125,0.068,0.03,Gompertz-Makeham,0.0002,1e-05,1.1,0.67,0.0,,0.41197115695707437,PIPELINE_06_RETIREMENT_SUMMARY,16.375085557837096,16.87779941727805,0.0,6037711.241489878,0.0,6037711.241489878,0.3405205237200576,846998.1124622773,0.0,846998.1124622773,94290.17390333643,OK,False
E04102,PEN_DB_01,32.969199178644764,2.028747433264887,60.0,27.030800821355236,29.059548254620122,pensionable_salary_annual,pensionable_salary_annual,1181000.0,0.06,5705421.064381089,0.015,2486954.380999625,173622.87510087833,0.07,0.03,Gompertz-Makeham,0.0002,1e-05,1.1,0.5,0.0,,0.21204875921243116,PIPELINE_06_RETIREMENT_SUMMARY,27.030800821355236,16.452696014800427,0.0,2856564.3852504133,0.0,2856564.3852504133,0.16059534696051755,97277.56943059574,0.0,97277.56943059574,47949.57116670053,OK,False
E04108,PEN_DB_02,36.93908281998631,5.560574948665297,60.0,23.06091718001369,28.621492128678987,pensionable_salary_annual,pensionable_salary_annual,1756000.0,0.065,7502941.345812676,0.02,4294907.533422353,834413.3537766212,0.068,0.03,Gompertz-Makeham,0.0002,1e-05,1.1,0.67,0.0,,0.2828990029261404,PIPELINE_06_RETIREMENT_SUMMARY,23.06091718001369,16.87779941727805,0.0,14083061.216140082,0.0,14083061.216140082,0.219341448886511,873874.751823886,0.0,873874.751823886,157155.4668161863,REVIEW_SPOUSE_DOB_MISSING,True
E04120,PEN_DB_01,39.94250513347023,2.6995208761122518,60.0,20.057494866529773,22.757015742642025,pensionable_salary_annual,pensionable_salary_annual,319000.0,0.06,1026509.4355295326,0.015,350404.3707647423,41566.254761072654,0.07,0.03,Gompertz-Makeham,0.0002,1e-05,1.1,0.5,0.5,55.31553730321697,0.303346638680926,PIPELINE_06_RETIREMENT_SUMMARY,20.057494866529773,16.452699205198666,1.3613184076457456,683877.0866705853,56584.90774314082,740461.9944137261,0.25741569914520607,53401.35412907353,4418.499691901415,57819.853820974946,21418.56146867252,OK,False
E04130,PEN_DB_01,39.069130732375086,15.41409993155373,60.0,20.930869267624914,36.34496919917864,pensionable_salary_annual,pensionable_salary_annual,515000.0,0.06,1743737.0150470003,0.015,950641.021550264,403172.0490642551,0.07,0.03,Gompertz-Makeham,0.0002,1e-05,1.1,0.5,0.0,,0.35897775602724963,PIPELINE_06_RETIREMENT_SUMMARY,20.930869267624914,16.452696014800427,0.0,6633267.164918392,0.0,6633267.164918392,0.24264535987299768,577786.0055383745,0.0,577786.0055383745,37484.25195788478,OK,False
E04136,PEN_DB_02,32.65434633812457,4.418891170431212,60.0,27.34565366187543,31.764544832306644,pensionable_salary_annual,pensionable_salary_annual,1135000.0,0.065,6351682.244587438,0.02,4035165.908375276,561347.8517598426,0.068,0.03,Gompertz-Makeham,0.0002,1e-05,1.1,0.67,0.67,60.33401779603012,0.22581874778047034,PIPELINE_06_RETIREMENT_SUMMARY,27.34565366187543,16.87779941727805,1.4932978233324687,9474316.445322558,838259.5251653303,10312575.970487889,0.16546281901079818,354004.10671938927,31321.237380842962,385325.34410023224,87199.55510074958,OK,False
E04165,PEN_DB_01,38.81724845995893,5.325119780971937,60.0,21.182751540041068,26.507871321013006,pensionable_salary_annual,pensionable_salary_annual,414000.0,0.06,1422486.6443872827,0.015,565606.393879165,113623.67652292667,0.07,0.03,Gompertz-Makeham,0.0002,1e-05,1.1,0.5,0.0,,0.3075255129917332,PIPELINE_06_RETIREMENT_SUMMARY,21.182751540041068,16.452696014800427,0.0,1869415.8099157286,0.0,1869415.8099157286,0.2385452306851371,137137.9966482977,0.0,137137.9966482977,25753.03510323431,OK,False
E04170,PEN_DB_01,19.583846680355922,1.5824777549623545,60.0,40.41615331964408,41.998631074606436,pensionable_salary_annual,pensionable_salary_annual,454000.0,0.06,4784335.020504567,0.015,3014032.821952364,113566.55613353757,0.07,0.03,Gompertz-Makeham,0.0002,1e-05,1.1,0.5,0.0,,0.11446858592421799,PIPELINE_06_RETIREMENT_SUMMARY,40.41615331964408,16.452696014800427,0.0,1868476.0255128625,0.0,1868476.0255128625,0.06492631223293407,13886.557077911975,0.0,13886.557077911975,8775.198914718596,OK,False
E04174,PEN_DB_01,48.459958932238195,8.955509924709103,60.0,11.540041067761805,20.49555099247091,pensionable_salary_annual,pensionable_salary_annual,1080000.0,0.06,2115701.9186304267,0.015,650437.1483723768,284207.8429503132,0.07,0.03,Gompertz-Makeham,0.0002,1e-05,1.1,0.5,0.0,,0.5232373809181587,PIPELINE_06_RETIREMENT_SUMMARY,11.540041067761805,16.452696014800427,0.0,4675985.245083643,0.0,4675985.245083643,0.45804695331063666,1120680.7032953606,0.0,1120680.7032953606,125138.68140587906,OK,False
E04175,PEN_DB_01,36.70362765229295,0.9582477754962354,60.0,23.29637234770705,24.254620123203285,pensionable_salary_annual,pensionable_salary_annual,1106000.0,0.06,4298233.322533498,0.015,1563780.2465841582,61781.587798222754,0.07,0.03,Gompertz-Makeham,0.0002,1e-05,1.1,0.5,0.0,,0.24091654176904964,PIPELINE_06_RETIREMENT_SUMMARY,23.29637234770705,16.452696014800427,0.0,1016473.6833558622,0.0,1016473.6833558622,0.20675907191137624,50632.262437635574,0.0,50632.262437635574,52838.382443846844,REVIEW_SPOUSE_DOB_MISSING,True
E04182,PEN_DB_02,43.31279945242984,15.091033538672143,60.0,16.687200547570157,31.7782340862423,pensionable_salary_annual,pensionable_salary_annual,1280000.0,0.065,3660988.4563084734,0.02,2326794.96303203,1104961.9915768546,0.068,0.03,Gompertz-Makeham,0.0002,1e-05,1.1,0.67,0.67,60.42984257357974,0.43311798571983107,PIPELINE_06_RETIREMENT_SUMMARY,16.687200547570157,16.87779941727805,1.485504485749875,18649326.857550234,1641425.9950705331,20290752.852620766,0.3335997960264725,2694605.2759925365,237166.4768520959,2931771.752844632,194272.4297399314,OK,False
E04189,PEN_DB_01,42.04517453798768,4.810403832991102,60.0,17.954825462012323,22.765229295003426,pensionable_salary_annual,pensionable_salary_annual,2474000.0,0.06,7043071.370144603,0.015,2405057.0202362374,508200.2627246023,0.07,0.03,Gompertz-Makeham,0.0002,1e-05,1.1,0.5,0.0,,0.35562953308644957,PIPELINE_06_RETIREMENT_SUMMARY,17.954825462012323,16.452696014800427,0.0,8361264.437249594,0.0,8361264.437249594,0.29676959242282475,882448.1128194742,0.0,882448.1128194742,183445.74456876094,OK,False
E04198,PEN_DB_01,44.982888432580424,10.343600273785079,60.0,15.017111567419576,25.360711841204655,pensionable_salary_annual,pensionable_salary_annual,541000.0,0.06,1297831.369332742,0.015,493708.9106418558,201363.73360735519,0.07,0.03,Gompertz-Makeham,0.0002,1e-05,1.1,0.5,0.5,61.56331279945243,0.44719615558322895,PIPELINE_06_RETIREMENT_SUMMARY,15.017111567419576,16.452696014800427,0.9931408656644038,3312976.2974470677,199982.55270822515,3512958.850155293,0.3620266421981322,536360.6672355911,32376.559859095752,568737.2270946868,54984.45531930502,OK,False
E04204,PEN_DB_01,37.91101984941821,1.73305954825462,60.0,22.08898015058179,23.82203969883641,pensionable_salary_annual,pensionable_salary_annual,1264000.0,0.06,4578548.610676005,0.015,1636055.501498641,119023.46080319962,0.07,0.03,Gompertz-Makeham,0.0002,1e-05,1.1,0.5,0.0,,0.2651004471309766,PIPELINE_06_RETIREMENT_SUMMARY,22.08898015058179,16.452696014800427,0.0,1958256.8192245571,0.0,1958256.8192245571,0.22435839161126486,116472.2394182291,0.0,116472.2394182291,67206.13814772225,OK,False
E04214,PEN_DB_01,47.351129363449694,15.534565366187543,60.0,12.648870636550306,28.18343600273785,pensionable_salary_annual,pensionable_salary_annual,2454000.0,0.06,5128202.599300803,0.015,2167955.546497021,1194965.9773483677,0.07,0.03,Gompertz-Makeham,0.0002,1e-05,1.1,0.5,0.0,,0.5243306888528981,PIPELINE_06_RETIREMENT_SUMMARY,12.648870636550306,16.452696014800427,0.0,19660411.973341588,0.0,19660411.973341588,0.4249407668072711,4380526.266308979,0.0,4380526.266308979,281985.7629131749,OK,False
E04215,PEN_DB_01,32.06023271731691,14.05886379192334,60.0,27.939767282683093,41.998631074606436,pensionable_salary_annual,pensionable_salary_annual,835000.0,0.06,4253304.365765516,0.015,2679494.413586982,896949.401158354,0.07,0.03,Gompertz-Makeham,0.0002,1e-05,1.1,0.5,0.0,,0.2608323823166612,PIPELINE_06_RETIREMENT_SUMMARY,27.939767282683093,16.452696014800427,0.0,14757235.837915681,0.0,14757235.837915681,0.151016391810985,581287.0067666684,0.0,581287.0067666684,41346.656128826806,OK,False
E04223,PEN_DB_01,47.3429158110883,16.188911704312115,60.0,12.657084188911703,28.84599589322382,pensionable_salary_annual,pensionable_salary_annual,4601000.0,0.06,9619460.162073392,0.015,4162243.624952988,2335928.8681043107,0.07,0.03,Gompertz-Makeham,0.0002,1e-05,1.1,0.5,0.0,,0.975391219790692,REVIEW_DB_MORTALITY_ONLY_FALLBACK,12.657084188911703,16.452696014800427,0.0,38432327.57911707,0.0,38432327.57911707,0.4247046852405849,15920715.4897012,0.0,15920715.4897012,983433.3388488692,REVIEW_DB_MORTALITY_ONLY_FALLBACK,True
E04228,PEN_DB_01,37.87268993839836,6.655715263518139,60.0,22.12731006160164,28.78302532511978,pensionable_salary_annual,pensionable_salary_annual,1898000.0,0.06,6890439.679895882,0.015,2974915.497114801,687912.0682475108,0.07,0.03,Gompertz-Makeham,0.0002,1e-05,1.1,0.5,0.0,,0.3021703549470423,PIPELINE_06_RETIREMENT_SUMMARY,22.12731006160164,16.452696014800427,0.0,11318008.143788941,0.0,11318008.143788941,0.2237773055872121,765310.8970949403,0.0,765310.8970949403,114985.52248618961,OK,False
E04239,PEN_DB_01,44.139630390143736,6.787132101300479,60.0,15.860369609856264,22.647501711156742,pensionable_salary_annual,pensionable_salary_annual,644000.0,0.06,1622729.9198908447,0.015,551261.6795620973,165205.2349654786,0.07,0.03,Gompertz-Makeham,0.0002,1e-05,1.1,0.5,0.5,58.940451745379875,0.40923317368169176,PIPELINE_06_RETIREMENT_SUMMARY,15.860369609856264,16.452698921686956,1.1425395636202047,2718071.99117357,188753.5170652313,2906825.5082388013,0.3419498561553401,380359.451453794,26413.6433634002,406773.0948171942,59932.98623718443,OK,False
E04260,PEN_DB_01,34.97604380561259,12.177960301163587,60.0,25.02395619438741,37.201916495550996,pensionable_salary_annual,pensionable_salary_annual,1285000.0,0.06,5522757.721341085,0.015,3081857.5736173578,1008838.8642515459,0.07,0.03,Gompertz-Makeham,0.0002,1e-05,1.1,0.5,0.5,57.738535249828885,0.288901753329656,PIPELINE_06_RETIREMENT_SUMMARY,25.02395619438741,16.452699135693468,1.21371765928391,16598122.309925389,1224445.5449140246,17822567.854839414,0.18395078029017473,882085.6816027894,65071.57032004311,947157.2519228326,77776.34583291695,OK,False
E04261,PEN_DB_02,39.83572895277207,4.722792607802875,60.0,20.164271047227928,24.8870636550308,pensionable_salary_annual,pensionable_salary_annual,2856000.0,0.065,10168177.230040409,0.02,5061121.479593009,960443.845137287,0.068,0.03,Gompertz-Makeham,0.0002,1e-05,1.1,0.67,0.67,56.41341546885695,0.969180521520135,REVIEW_DB_MORTALITY_ONLY_FALLBACK,20.164271047227928,16.877802981487697,1.8259188740463763,16210181.993009612,1753692.5442978474,17963874.53730746,0.26538814359708196,4169405.014987932,451065.53967719263,4620470.554665125,978334.4174443112,REVIEW_DB_MORTALITY_ONLY_FALLBACK,True
E04275,PEN_DB_01,46.743326488706366,5.804243668720055,60.0,13.256673511293634,19.06091718001369,pensionable_salary_annual,pensionable_salary_annual,1097000.0,0.06,2375079.8836742262,0.015,679068.0143794646,206783.13566280738,0.07,0.03,Gompertz-Makeham,0.0002,1e-05,1.1,0.5,0.0,,0.459437625076575,PIPELINE_06_RETIREMENT_SUMMARY,13.256673511293634,16.452696014800427,0.0,3402140.0720474073,0.0,3402140.0720474073,0.40782031213037095,637452.166264859,0.0,637452.166264859,109825.19043784893,OK,False
E04278,PEN_DB_01,25.727583846680357,7.707049965776865,60.0,34.27241615331964,41.97946611909651,pensionable_salary_annual,pensionable_salary_annual,230000.0,0.06,1694419.6587131289,0.015,1066962.489817183,195884.65459045,0.07,0.03,Gompertz-Makeham,0.0002,1e-05,1.1,0.5,0.5,65.31690622861053,0.17965316235277323,PIPELINE_06_RETIREMENT_SUMMARY,34.27241615331964,16.452696014800427,0.7965037104184172,3222830.675940855,156022.85419532345,3378853.5301361782,0.09838908982180712,56966.468606907125,2757.8461046152256,59724.31471152235,7749.30939551813,OK,False
E04285,PEN_DB_02,49.72758384668035,15.597535934291582,60.0,10.272416153319647,25.869952087611228,pensionable_salary_annual,pensionable_salary_annual,1896000.0,0.065,3620636.1700855694,0.02,1873313.684935718,1129460.0553581105,0.068,0.03,Gompertz-Makeham,0.0002,1e-05,1.1,0.67,0.67,64.09034907597535,0.587639581599249,PIPELINE_06_RETIREMENT_SUMMARY,10.272416153319647,16.87779941727805,1.2023623113106625,19062800.26416195,1358020.2026934465,20420820.4668554,0.5087497423855217,5699043.089608531,405995.7374813897,6105038.827089922,391410.4671923106,OK,False
E04293,PEN_DB_01,36.85968514715948,5.760438056125941,60.0,23.14031485284052,28.90075290896646,pensionable_salary_annual,pensionable_salary_annual,656000.0,0.06,2526326.800042197,0.015,1095191.1992297918,218291.2356176091,0.07,0.03,Gompertz-Makeham,0.0002,1e-05,1.1,0.5,0.0,,0.28306975948563634,PIPELINE_06_RETIREMENT_SUMMARY,23.14031485284052,16.452696014800427,0.0,3591479.3423116985,0.0,3591479.3423116985,0.20895373227451244,212430.55388466245,0.0,212430.55388466245,36877.499907971935,OK,False
E04294,PEN_DB_01,41.55783709787816,5.604380561259411,60.0,18.442162902121837,24.046543463381248,pensionable_salary_annual,pensionable_salary_annual,746000.0,0.06,2184910.8285286953,0.015,788093.2980274141,183676.07663237123,0.07,0.03,Gompertz-Makeham,0.0002,1e-05,1.1,0.5,0.5,59.950718685831625,0.3529573647181905,PIPELINE_06_RETIREMENT_SUMMARY,18.442162902121837,16.452698200221736,1.0839649999550591,3021967.055433204,199098.43839855373,3221065.4938317575,0.2871438937571004,306275.00733397127,20178.537542646325,326453.5448766176,58249.71043780391,OK,False
E04318,PEN_DB_02,42.784394250513344,23.813826146475016,60.0,17.215605749486656,41.02943189596167,pensionable_salary_annual,pensionable_salary_annual,560000.0,0.065,1655877.0685871313,0.02,1358793.9082736073,788655.3726253726,0.068,0.03,Gompertz-Makeham,0.0002,1e-05,1.1,0.67,0.67,54.77070499657769,0.44995323211938637,PIPELINE_06_RETIREMENT_SUMMARY,17.215605749486656,16.8778029992237,1.9718101041407696,13310770.013450399,1555078.6324276135,14865848.645878013,0.32220225669266883,1929741.4852708194,225448.9970769083,2155190.4823477278,90501.64677828325,OK,False
E04319,PEN_DB_01,33.69199178644764,1.4455852156057496,60.0,26.308008213552363,27.753593429158112,pensionable_salary_annual,pensionable_salary_annual,470000.0,0.06,2176931.527873717,0.015,906265.0882158467,47204.10048120421,0.07,0.03,Gompertz-Makeham,0.0002,1e-05,1.1,0.5,0.0,,0.21385053048896716,PIPELINE_06_RETIREMENT_SUMMARY,26.308008213552363,16.452696014800427,0.0,776634.7158693474,0.0,776634.7158693474,0.16864417117010005,28009.055686433414,0.0,28009.055686433414,19375.582555814028,OK,False
E04327,PEN_DB_01,33.28405201916495,15.058179329226558,60.0,26.715947980835047,41.7741273100616,pensionable_salary_annual,pensionable_salary_annual,1205000.0,0.06,5715539.453084522,0.015,3581425.09138249,1290984.2707172432,0.07,0.03,Gompertz-Makeham,0.0002,1e-05,1.1,0.5,0.0,,0.2781424115991893,PIPELINE_06_RETIREMENT_SUMMARY,26.715947980835047,16.452696014800427,0.0,21240171.765999623,0.0,21240171.765999623,0.16405313116938355,969191.8739644834,0.0,969191.8739644834,64363.15126645954,OK,False
E04342,PEN_DB_01,46.90759753593429,6.2121834360027375,60.0,13.092402464065707,19.304585900068446,pensionable_salary_annual,pensionable_salary_annual,1188000.0,0.06,2547598.669455459,0.015,737705.0603010448,237392.25383960723,0.07,0.03,Gompertz-Makeham,0.0002,1e-05,1.1,0.5,0.0,,0.4663791545816011,PIPELINE_06_RETIREMENT_SUMMARY,13.092402464065707,16.452696014800427,0.0,3905742.588691397,0.0,3905742.588691397,0.41237825506994513,751170.4668718788,0.0,751170.4668718788,120918.91274788618,OK,False
E04361,PEN_DB_01,26.85284052019165,8.851471594798083,60.0,33.14715947980835,41.998631074606436,pensionable_salary_annual,pensionable_salary_annual,331000.0,0.06,2283734.1462272983,0.015,1438705.618198224,303216.1188810207,0.07,0.03,Gompertz-Makeham,0.0002,1e-05,1.1,0.5,0.0,,0.19281489394006154,PIPELINE_06_RETIREMENT_SUMMARY,33.14715947980835,16.452696014800427,0.0,4988722.630737022,0.0,4988722.630737022,0.10617230230090269,102127.14023138187,0.0,102127.14023138187,11537.871317510742,OK,False
E04363,PEN_DB_01,51.72621492128679,1.5523613963039014,60.0,8.27378507871321,9.826146475017111,pensionable_salary_annual,pensionable_salary_annual,1717000.0,0.06,2780645.2483798508,0.015,409845.4125846113,64748.49510601131,0.07,0.03,Gompertz-Makeham,0.0002,1e-05,1.1,0.5,0.0,,0.5523293488620432,PIPELINE_06_RETIREMENT_SUMMARY,8.27378507871321,16.452696014800427,0.0,1065287.3073949972,0.0,1065287.3073949972,0.5713272499820551,336162.92344146373,0.0,336162.92344146373,216549.396449726,REVIEW_SPOUSE_DOB_MISSING,True
E04391,PEN_DB_01,42.365503080082135,16.66255989048597,60.0,17.634496919917865,34.29705681040383,pensionable_salary_annual,pensionable_salary_annual,1390000.0,0.06,3883926.50591023,0.015,1998108.720309546,970742.3702246266,0.07,0.03,Gompertz-Makeham,0.0002,1e-05,1.1,0.5,0.5,59.082819986310746,0.4204562226049845,PIPELINE_06_RETIREMENT_SUMMARY,17.634496919917865,16.452698200221736,1.1342117441654107,15971331.247473696,1101027.3968677386,17072358.644341435,0.3032716840723167,2036543.8439775032,140394.71928780188,2176938.563265305,130648.50644637736,OK,False
E04392,PEN_DB_02,55.181382614647504,5.045859000684462,60.0,4.818617385352496,9.864476386036959,pensionable_salary_annual,pensionable_salary_annual,1876000.0,0.065,2541090.482362628,0.02,501330.54116098816,256439.68563966177,0.068,0.03,Gompertz-Makeham,0.0002,1e-05,1.1,0.67,0.67,60.010951403148525,0.7277231272156509,PIPELINE_06_RETIREMENT_SUMMARY,4.818617385352496,16.87779941727805,1.5197033515073846,4328137.57685605,389712.2497260941,4717849.826582144,0.728326421352481,2293999.396165847,206555.2791876577,2500554.6753535047,495565.7054654736,OK,False
E04401,PEN_DB_02,43.53182751540041,4.060232717316906,60.0,16.46817248459959,20.5284052019165,pensionable_salary_annual,pensionable_salary_annual,1402000.0,0.065,3954996.211766536,0.02,1623795.2961437642,321164.10031757824,0.068,0.03,Gompertz-Makeham,0.0002,1e-05,1.1,0.67,0.67,58.913073237508556,0.3766985249288449,PIPELINE_06_RETIREMENT_SUMMARY,16.46817248459959,16.87780267710021,1.610891720925737,5420544.312128502,517360.5902601496,5937904.902388652,0.33844155560036326,691067.5510394132,65958.52658475806,757026.0776241713,186448.93786394372,OK,False
E04402,PEN_DB_01,38.45311430527036,9.653661875427789,60.0,21.54688569472964,31.200547570157426,pensionable_salary_annual,pensionable_salary_annual,460000.0,0.06,1614434.4561643288,0.015,755568.5857268455,233778.06539775862,0.07,0.03,Gompertz-Makeham,0.0002,1e-05,1.1,0.5,0.5,58.49691991786448,0.32615001041338865,PIPELINE_06_RETIREMENT_SUMMARY,21.54688569472964,16.452698921686956,1.1686261761054901,3846280.124483766,273199.1666231218,4119479.291106888,0.23274003802437154,291964.0694997202,20738.04764335111,312702.1171430713,32392.072684772207,OK,False
E04410,PEN_DB_01,40.068446269678304,16.39425051334702,60.0,19.931553730321696,36.32580424366871,pensionable_salary_annual,pensionable_salary_annual,1666000.0,0.06,5321820.355033553,0.015,2899791.066553806,1308708.8413117419,0.07,0.03,Gompertz-Makeham,0.0002,1e-05,1.1,0.5,0.5,61.48939082819986,0.37867288768249924,PIPELINE_06_RETIREMENT_SUMMARY,19.931553730321696,16.452696014800427,0.9972273725453359,21531788.737983778,1305080.2792481591,22836869.017231937,0.25961851189890134,2116800.7357851113,128303.08382590182,2245103.819611013,136944.5841871948,OK,False
E04413,PEN_DB_01,36.303901437371664,7.832991101984942,60.0,23.696098562628336,31.529089664613277,pensionable_salary_annual,pensionable_salary_annual,623000.0,0.06,2478211.2501800368,0.015,1172036.170721696,291177.1000724881,0.07,0.03,Gompertz-Makeham,0.0002,1e-05,1.1,0.5,0.0,,0.2871625141669268,PIPELINE_06_RETIREMENT_SUMMARY,23.696098562628336,16.452696014800427,0.0,4790648.31396377,0.0,4790648.31396377,0.20124222381677445,276847.84348000283,0.0,276847.84348000283,35343.82203113283,OK,False
E04415,PEN_DB_02,41.52224503764545,6.507871321013004,60.0,18.477754962354553,24.98562628336756,pensionable_salary_annual,pensionable_salary_annual,1856000.0,0.065,5942063.966159798,0.02,2969323.7922066706,773403.7534599227,0.068,0.03,Gompertz-Makeham,0.0002,1e-05,1.1,0.67,0.67,51.2580424366872,0.35835921466584714,PIPELINE_06_RETIREMENT_SUMMARY,18.477754962354553,16.877802999818165,2.291691147037774,13053356.190216513,1772402.53488989,14825758.725106403,0.2965291507500074,1387101.2363687586,188342.5007073303,1575443.7370760888,242082.80394069894,OK,False
E04428,PEN_DB_02,42.6694045174538,12.375085557837098,60.0,17.3305954825462,29.705681040383297,pensionable_salary_annual,pensionable_salary_annual,793000.0,0.065,2361881.8905245876,0.02,1403226.201899618,584569.8094549561,0.068,0.03,Gompertz-Makeham,0.0002,1e-05,1.1,0.67,0.67,55.20876112251882,0.40972416244793236,PIPELINE_06_RETIREMENT_SUMMARY,17.3305954825462,16.877802996251773,1.932609020790882,9866254.081537187,1129744.887034655,10995998.968571842,0.3197740203777723,1292668.1511460457,148018.20653723265,1440686.3576832784,116418.29472208349,OK,False
E04429,PEN_DB_02,27.014373716632445,9.013004791238878,60.0,32.98562628336755,41.99863107460643,pensionable_salary_annual,pensionable_salary_annual,961000.0,0.065,7671271.062785738,0.02,6443657.664784843,1382824.0568756002,0.068,0.03,Gompertz-Makeham,0.0002,1e-05,1.1,0.67,0.0,,0.19473565557301745,PIPELINE_06_RETIREMENT_SUMMARY,32.98562628336755,16.87779941727805,0.0,23339027.06133308,0.0,23339027.06133308,0.11417192833390472,518904.6479039634,0.0,518904.6479039634,57572.88051243093,OK,False
E04433,PEN_DB_01,40.205338809034906,6.965092402464066,60.0,19.794661190965094,26.75975359342916,pensionable_salary_annual,pensionable_salary_annual,616000.0,0.06,1952098.5606118783,0.015,783565.147080924,203948.20280068248,0.07,0.03,Gompertz-Makeham,0.0002,1e-05,1.1,0.5,0.5,67.72073921971253,0.33917111771162206,PIPELINE_06_RETIREMENT_SUMMARY,19.794661190965094,16.452696014800427,0.682857677204335,3355497.783444498,139267.5960344727,3494765.379478971,0.2620342592750224,298218.028694232,12377.331362070337,310595.36005630234,44593.14279110237,OK,False
E04438,PEN_DB_01,38.47775496235455,5.94113620807666,60.0,21.522245037645447,27.463381245722108,pensionable_salary_annual,pensionable_salary_annual,1020000.0,0.06,3574696.7451496716,0.015,1472598.8932483103,318566.40398253745,0.07,0.03,Gompertz-Makeham,0.0002,1e-05,1.1,0.5,0.5,56.4435318275154,0.3065457326630249,PIPELINE_06_RETIREMENT_SUMMARY,21.522245037645447,16.45269919212516,1.2919973104830398,5241277.217441711,411586.9371556919,5652864.154597403,0.23312837502510675,374565.3003961992,29413.858179804967,403979.1585760042,67996.95284326522,OK,False
E04445,PEN_DB_01,59.45790554414784,15.444216290212184,60.0,0.5420944558521583,15.986310746064342,pensionable_salary_annual,pensionable_salary_annual,1543000.0,0.06,1592517.0668493104,0.015,381877.09048595995,368927.6703941256,0.07,0.03,Gompertz-Makeham,0.0002,1e-05,1.1,0.5,0.0,,0.9701572111438409,PIPELINE_06_RETIREMENT_SUMMARY,0.5420944558521583,16.452696014800427,0.0,6069854.812443037,0.0,6069854.812443037,0.963987088408789,5676643.701219401,0.0,5676643.701219401,367557.8996402032,OK,False
E04447,PEN_DB_01,31.274469541409992,4.75564681724846,60.0,28.725530458590008,33.48117727583847,pensionable_salary_annual,pensionable_salary_annual,742000.0,0.06,3956656.1393194264,0.015,1987102.5843013253,282246.8876385151,0.07,0.03,Gompertz-Makeham,0.0002,1e-05,1.1,0.5,0.0,,0.2140224615364156,PIPELINE_06_RETIREMENT_SUMMARY,28.725530458590008,16.452696014800427,0.0,4643722.243440021,0.0,4643722.243440021,0.1431974878549826,142318.37917866473,0.0,142318.37917866473,29926.18767703357,OK,False
E04448,PEN_DB_02,38.496919917864474,14.190280629705681,60.0,21.503080082135526,35.69336071184121,pensionable_salary_annual,pensionable_salary_annual,872000.0,0.065,3377670.580210886,0.02,2411208.2877048226,958601.8681578657,0.068,0.03,Gompertz-Makeham,0.0002,1e-05,1.1,0.67,0.67,54.351813826146476,0.34564065852111125,PIPELINE_06_RETIREMENT_SUMMARY,21.503080082135526,16.8778029992237,2.009473331015102,16179093.485456267,1926284.889124486,18105378.374580752,0.2430133124951693,1358967.5094643135,161798.8412419647,1520766.350706278,107169.57545735444,OK,False
E04452,PEN_DB_02,37.81519507186858,5.593429158110883,60.0,22.18480492813142,27.778234086242303,pensionable_salary_annual,pensionable_salary_annual,1104000.0,0.065,4463903.389191278,0.02,2479987.065666514,499370.5475218498,0.068,0.03,Gompertz-Makeham,0.0002,1e-05,1.1,0.67,0.0,,0.29497586806286585,PIPELINE_06_RETIREMENT_SUMMARY,22.18480492813142,16.87779941727805,0.0,8428275.935970098,0.0,8428275.935970098,0.23235516588406185,577667.0098371792,0.0,577667.0098371792,103276.00359423873,OK,False
E04508,PEN_DB_01,56.01095140314853,6.891170431211499,60.0,3.989048596851468,10.880219028062967,pensionable_salary_annual,pensionable_salary_annual,1589000.0,0.06,2004796.1680027295,0.015,327189.3212173653,207230.88110319796,0.07,0.03,Gompertz-Makeham,0.0002,1e-05,1.1,0.5,0.0,,0.7768917784371963,PIPELINE_06_RETIREMENT_SUMMARY,3.989048596851468,16.452696014800427,0.0,3409506.6916701663,0.0,3409506.6916701663,0.7634606941719881,2022268.2131735869,0.0,2022268.2131735869,293457.8724122577,OK,False
E04511,PEN_DB_01,38.66392881587954,3.4168377823408624,60.0,21.336071184120463,24.752908966461327,pensionable_salary_annual,pensionable_salary_annual,428000.0,0.06,1483786.8289304355,0.015,550920.6045322409,76047.88347043874,0.07,0.03,Gompertz-Makeham,0.0002,1e-05,1.1,0.5,0.0,,0.2912022851975154,PIPELINE_06_RETIREMENT_SUMMARY,21.336071184120463,16.452696014800427,0.0,1251192.7093080948,0.0,1251192.7093080948,0.23608349596669406,86017.06334699983,0.0,86017.06334699983,25174.465054079876,OK,False
E04512,PEN_DB_01,40.70636550308008,4.418891170431212,60.0,19.29363449691992,23.712525667351134,pensionable_salary_annual,pensionable_salary_annual,2964000.0,0.06,9122635.324022481,0.015,3244810.864121508,604678.9902658022,0.07,0.03,Gompertz-Makeham,0.0002,1e-05,1.1,0.5,0.0,,0.3300598224270314,PIPELINE_06_RETIREMENT_SUMMARY,19.29363449691992,16.452696014800427,0.0,9948599.613379711,0.0,9948599.613379711,0.2710691745021375,890091.6925845044,0.0,890091.6925845044,201428.74269918847,OK,False
E04529,PEN_DB_02,45.158110882956876,4.339493497604381,60.0,14.841889117043124,19.181382614647504,pensionable_salary_annual,pensionable_salary_annual,1003000.0,0.065,2553999.330062487,0.02,979784.7669496393,221661.26971384216,0.068,0.03,Gompertz-Makeham,0.0002,1e-05,1.1,0.67,0.0,,0.4118863058736738,PIPELINE_06_RETIREMENT_SUMMARY,14.841889117043124,16.87779941727805,0.0,3741154.4488093983,0.0,3741154.4488093983,0.3766592485225003,580405.6434083072,0.0,580405.6434083072,133749.6285519774,OK,False
E04539,PEN_DB_01,32.832306639288156,4.05201916495551,60.0,27.167693360711844,31.219712525667354,pensionable_salary_annual,pensionable_salary_annual,569000.0,0.06,2770857.900221359,0.015,1297580.8064157765,168413.53972597994,0.07,0.03,Gompertz-Makeham,0.0002,1e-05,1.1,0.5,0.0,,0.2253878153563309,PIPELINE_06_RETIREMENT_SUMMARY,27.167693360711844,16.452696014800427,0.0,2770856.7738880636,0.0,2770856.7738880636,0.15911478564341913,99369.94506058781,0.0,99369.94506058781,24523.562454986277,OK,False
E04548,PEN_DB_01,52.72826830937714,5.278576317590692,60.0,7.2717316906228575,12.550308008213548,pensionable_salary_annual,pensionable_salary_annual,779000.0,0.06,1190021.8076022705,0.015,224027.10332849307,94224.31396538718,0.07,0.03,Gompertz-Makeham,0.0002,1e-05,1.1,0.5,0.5,63.04722792607802,0.6310441115685689,PIPELINE_06_RETIREMENT_SUMMARY,7.2717316906228575,16.452696014800427,0.9127841850489409,1550243.99487563,86006.46363469148,1636250.4585103213,0.6114050937619293,598120.6944897583,33183.32206403214,631304.0165537905,119597.40251362654,OK,False
E04560,PEN_DB_01,36.94455852156057,5.806981519507187,60.0,23.055441478439427,28.862422997946613,pensionable_salary_annual,pensionable_salary_annual,536000.0,0.06,2054010.623001592,0.015,889255.851650217,178914.02592962532,0.07,0.03,Gompertz-Makeham,0.0002,1e-05,1.1,0.5,0.0,,0.28447355929338564,PIPELINE_06_RETIREMENT_SUMMARY,23.055441478439427,16.452696014800427,0.0,2943618.081404247,0.0,2943618.081404247,0.21015708367331462,175981.65665566007,0.0,175981.65665566007,30305.186276982477,OK,False
E04562,PEN_DB_01,36.65434633812457,13.418206707734429,60.0,23.34565366187543,36.76386036960986,pensionable_salary_annual,pensionable_salary_annual,2515000.0,0.06,9802118.657675758,0.015,5405455.824857088,1972902.8148365049,0.07,0.03,Gompertz-Makeham,0.0002,1e-05,1.1,0.5,0.5,58.5325119780972,0.31585581840393057,PIPELINE_06_RETIREMENT_SUMMARY,23.34565366187543,16.452698921686956,1.1665248463124616,32459576.014253724,2301440.152866577,34761016.1671203,0.2060708217238931,2112750.568065763,149797.674134839,2262548.242200602,168617.78115971634,OK,False
E04564,PEN_DB_02,46.27241615331965,8.0766598220397,60.0,13.727583846680353,21.804243668720055,pensionable_salary_annual,pensionable_salary_annual,930000.0,0.065,2207633.534356055,0.02,962715.5902867417,356606.101374421,0.068,0.03,Gompertz-Makeham,0.0002,1e-05,1.1,0.67,0.67,64.25735797399042,0.4636556044722781,PIPELINE_06_RETIREMENT_SUMMARY,13.727583846680353,16.87779941727805,1.1901715774043367,6018726.2499750005,424422.4461848054,6443148.696159806,0.40530851991251443,1131060.504474857,79758.97991609649,1210819.4843909533,149915.87005891374,OK,False
E04579,PEN_DB_01,60.99931553730322,12.736481861738536,60.0,0.0,12.736481861738536,pensionable_salary_annual,pensionable_salary_annual,1490000.0,0.06,1490000.0,0.015,284660.3696098563,284660.3696098563,0.07,0.03,Gompertz-Makeham,0.0002,1e-05,1.1,0.5,0.5,63.4798083504449,1.0,AT_RETIREMENT,0.0,16.452696014800427,0.8899842970616518,4683430.528651699,253343.25894853793,4936773.787600237,1.0,4683430.528651699,253343.25894853793,4936773.787600237,387608.90497011744,OK,False
E04593,PEN_DB_02,27.84394250513347,2.461327857631759,60.0,32.15605749486653,34.61738535249829,pensionable_salary_annual,pensionable_salary_annual,810000.0,0.065,6136780.3474368295,0.02,4248785.802217181,302092.5685062675,0.068,0.03,Gompertz-Makeham,0.0002,1e-05,1.1,0.67,0.67,62.209445585215605,0.1707268333544709,PIPELINE_06_RETIREMENT_SUMMARY,32.15605749486653,16.87779941727805,1.3441719851230887,5098657.776699112,406064.36750000226,5504722.144199114,0.12057607864824203,104958.78720364554,8359.067308692369,113317.8545123379,46039.317420057196,OK,False
E04596,PEN_DB_02,33.29226557152635,4.128678986995209,60.0,26.70773442847365,30.836413415468858,pensionable_salary_annual,pensionable_salary_annual,839000.0,0.065,4510326.9221719215,0.02,2781646.112220252,372433.8397609998,0.068,0.03,Gompertz-Makeham,0.0002,1e-05,1.1,0.67,0.67,58.7460643394935,0.2306830848094314,PIPELINE_06_RETIREMENT_SUMMARY,26.70773442847365,16.87780267710021,1.6249505648552305,6285864.857760913,605186.578290839,6891051.4360517515,0.17255461171916886,250211.55439890255,24089.712057449942,274301.2664563525,66438.02226338377,OK,False
E04605,PEN_DB_01,41.256673511293634,1.3880903490759753,60.0,18.743326488706366,20.13141683778234,pensionable_salary_annual,pensionable_salary_annual,1110000.0,0.06,3308560.44672271,0.015,999090.1422896134,68888.71238145437,0.07,0.03,Gompertz-Makeham,0.0002,1e-05,1.1,0.5,0.5,61.13620807665982,0.3085362550195026,PIPELINE_06_RETIREMENT_SUMMARY,18.743326488706366,16.452696014800427,1.0168567052431032,1133405.0436630873,70049.94910064546,1203454.9927637328,0.2813521649891303,98387.88075424061,6080.8499816449075,104468.73073588552,75260.75720174,OK,False
E04606,PEN_DB_02,33.33607118412046,13.535934291581109,60.0,26.663928815879537,40.199863107460644,pensionable_salary_annual,pensionable_salary_annual,1742000.0,0.065,9338909.041723663,0.02,7508457.301006354,2528217.182876484,0.068,0.03,Gompertz-Makeham,0.0002,1e-05,1.1,0.67,0.67,57.333333333333336,0.27371592972874015,PIPELINE_06_RETIREMENT_SUMMARY,26.663928815879537,16.8778029178778,1.7456960005817155,42670751.34618152,4413498.62474945,47084249.97093097,0.17305260930874306,2021196.3962805278,209055.31854739483,2230251.7148279226,164765.25866523033,OK,False
E04613,PEN_DB_01,39.41683778234086,10.33264887063655,60.0,20.583162217659137,30.915811088295687,pensionable_salary_annual,pensionable_salary_annual,761000.0,0.06,2524988.3959192527,0.015,1170930.9637256756,391347.27746198187,0.07,0.03,Gompertz-Makeham,0.0002,1e-05,1.1,0.5,0.5,56.92265571526352,0.3441221317522293,PIPELINE_06_RETIREMENT_SUMMARY,20.583162217659137,16.45269919212516,1.262859884328844,6438719.035739129,494216.7775480465,6932935.813287176,0.2484213613209804,550428.6313316104,42249.25220947501,592677.8835410854,57359.723625697254,OK,False
E04614,PEN_DB_01,24.539356605065024,6.286105407255304,60.0,35.460643394934976,41.74674880219028,pensionable_salary_annual,pensionable_salary_annual,847000.0,0.06,6687220.972855131,0.015,4187546.012077825,630548.6387546357,0.07,0.03,Gompertz-Makeham,0.0002,1e-05,1.1,0.5,0.0,,0.16543227071486483,PIPELINE_06_RETIREMENT_SUMMARY,35.460643394934976,16.452696014800427,0.0,10374225.075976228,0.0,10374225.075976228,0.09078881297256675,155814.63076918953,0.0,155814.63076918953,24787.148906117807,OK,False
E04623,PEN_DB_01,40.79671457905544,14.570841889117043,60.0,19.20328542094456,33.7741273100616,pensionable_salary_annual,pensionable_salary_annual,2318000.0,0.06,7096908.160064643,0.015,3595378.1955875745,1551118.9005282968,0.07,0.03,Gompertz-Makeham,0.0002,1e-05,1.1,0.5,0.5,58.431211498973305,0.38454973911474044,PIPELINE_06_RETIREMENT_SUMMARY,19.20328542094456,16.452698921686956,1.172509136369182,25520092.262130167,1818701.0824643483,27338793.344594516,0.2727312671998627,2676515.061167312,190743.07369180358,2867258.1348591154,196780.53997694323,OK,False
E04628,PEN_DB_01,47.775496235455165,1.5989048596851472,60.0,12.224503764544835,13.823408624229982,pensionable_salary_annual,pensionable_salary_annual,500000.0,0.06,1019346.062153057,0.015,211362.55719962157,24447.560587161614,0.07,0.03,Gompertz-Makeham,0.0002,1e-05,1.1,0.5,0.0,,0.43985249317083025,PIPELINE_06_RETIREMENT_SUMMARY,12.224503764544835,16.452696014800427,0.0,402228.2826439859,0.0,402228.2826439859,0.4373185496059986,77370.88450768963,0.0,77370.88450768963,48389.92391512609,OK,False
E04632,PEN_DB_01,24.191649555099247,3.8193018480492813,60.0,35.80835044490075,39.62765229295003,pensionable_salary_annual,pensionable_salary_annual,785000.0,0.06,6324569.195720241,0.015,3759417.4348605652,362331.5822599481,0.07,0.03,Gompertz-Makeham,0.0002,1e-05,1.1,0.5,0.0,,0.15236163698482955,PIPELINE_06_RETIREMENT_SUMMARY,35.80835044490075,16.452696014800427,0.0,5961331.379484581,0.0,5961331.379484581,0.08867789822513239,80544.20245253251,0.0,80544.20245253251,21088.72397547491,OK,False
E04655,PEN_DB_02,42.3025325119781,6.31895961670089,60.0,17.6974674880219,24.01642710472279,pensionable_salary_annual,pensionable_salary_annual,2334000.0,0.065,7114094.766662568,0.02,3417102.767592829,899073.5507984782,0.068,0.03,Gompertz-Makeham,0.0002,1e-05,1.1,0.67,0.67,59.6167008898015,0.970861015258064,REVIEW_DB_MORTALITY_ONLY_FALLBACK,17.6974674880219,16.87780186690075,1.5521971041003624,15174385.254147641,1395539.3619226278,16569924.616070269,0.312148451175679,4598639.366254598,422922.05841690296,5021561.424671501,794681.6769329575,REVIEW_DB_MORTALITY_ONLY_FALLBACK,True
E04665,PEN_DB_01,43.24709103353867,1.5304585900068446,60.0,16.752908966461327,18.28336755646817,pensionable_salary_annual,pensionable_salary_annual,1045000.0,0.06,2773723.3819139916,0.015,760695.0613725517,63676.03164229656,0.07,0.03,Gompertz-Makeham,0.0002,1e-05,1.1,0.5,0.5,58.90485968514716,0.34386424649776,PIPELINE_06_RETIREMENT_SUMMARY,16.752908966461327,16.452698921686956,1.1446248682146736,1047642.5771385172,72885.16932699709,1120527.7464655142,0.32191131884735774,115967.53067080885,8067.935853143626,124035.46652395248,81044.64069387056,OK,False
E04674,PEN_DB_01,41.64271047227926,6.140999315537303,60.0,18.357289527720738,24.49828884325804,pensionable_salary_annual,pensionable_salary_annual,746000.0,0.06,2174132.073247659,0.015,798937.732707189,200270.15360552358,0.07,0.03,Gompertz-Makeham,0.0002,1e-05,1.1,0.5,0.5,60.145106091718,0.3580662890053483,PIPELINE_06_RETIREMENT_SUMMARY,18.357289527720738,16.452696014800427,1.0728357913383424,3294983.9581090673,214856.98872483327,3509840.9468339006,0.28879753737690517,340729.8840091278,22218.07382903794,362947.95783816575,59102.42603673206,OK,False
E04681,PEN_DB_02,37.86173853524983,7.329226557152635,60.0,22.138261464750173,29.46748802190281,pensionable_salary_annual,pensionable_salary_annual,865000.0,0.065,3487296.5114529277,0.02,2055237.3636012522,511183.7240881308,0.068,0.03,Gompertz-Makeham,0.0002,1e-05,1.1,0.67,0.67,60.09856262833676,0.3057832256125839,PIPELINE_06_RETIREMENT_SUMMARY,22.138261464750173,16.87779941727805,1.5125227551501021,8627656.360536678,773177.0147456692,9400833.375282347,0.23306772528198463,614877.5461338093,55102.93475855459,669980.4808923638,91412.16684569887,OK,False
E04684,PEN_DB_01,30.455852156057496,2.954140999315537,60.0,29.544147843942504,32.49828884325804,pensionable_salary_annual,pensionable_salary_annual,604000.0,0.06,3378136.260752144,0.015,1646754.7193071023,149692.36243743583,0.07,0.03,Gompertz-Makeham,0.0002,1e-05,1.1,0.5,0.0,,0.1955010785868942,PIPELINE_06_RETIREMENT_SUMMARY,29.544147843942504,16.452696014800427,0.0,2462842.934920462,0.0,2462842.934920462,0.13548191537570184,65232.97745991177,0.0,65232.97745991177,22081.876753691173,OK,False
E04697,PEN_DB_01,41.82614647501711,16.810403832991103,60.0,18.17385352498289,34.98425735797399,pensionable_salary_annual,pensionable_salary_annual,451000.0,0.06,1300413.9824684989,0.015,682410.2615187876,327907.26293045515,0.07,0.03,Gompertz-Makeham,0.0002,1e-05,1.1,0.5,0.0,,0.4109245066964026,PIPELINE_06_RETIREMENT_SUMMARY,18.17385352498289,16.452696014800427,0.0,5394958.518040015,0.0,5394958.518040015,0.29240414744419957,648236.7977823927,0.0,648236.7977823927,38561.64338599658,OK,False
E04699,PEN_DB_02,45.270362765229294,5.574264202600959,60.0,14.729637234770706,20.303901437371664,pensionable_salary_annual,pensionable_salary_annual,917000.0,0.065,2318564.258128949,0.02,941518.0034652586,258485.79491036496,0.068,0.03,Gompertz-Makeham,0.0002,1e-05,1.1,0.67,0.67,60.577686516084874,0.424344089365958,PIPELINE_06_RETIREMENT_SUMMARY,14.729637234770706,16.87779941727805,1.4735158136241497,4362671.398712812,380882.9063976315,4743554.305110443,0.3794510968064432,702467.882205102,61328.939122990145,763796.8213280921,137021.99852165306,OK,False
E04707,PEN_DB_01,48.19438740588638,2.9349760438056127,60.0,11.805612594113619,14.740588637919231,pensionable_salary_annual,pensionable_salary_annual,730000.0,0.06,1452359.406271842,0.015,321129.4884339875,63939.60096605399,0.07,0.03,Gompertz-Makeham,0.0002,1e-05,1.1,0.5,0.0,,0.4686295454063538,PIPELINE_06_RETIREMENT_SUMMARY,11.805612594113619,16.452696014800427,0.0,1051978.8180021262,0.0,1051978.8180021262,0.4498901700676542,221790.61498814722,0.0,221790.61498814722,75568.11765337756,OK,False
E04712,PEN_DB_01,37.79329226557152,9.122518822724162,60.0,22.206707734428477,31.329226557152637,pensionable_salary_annual,pensionable_salary_annual,727000.0,0.06,2651516.687717805,0.015,1246049.5054437306,362827.66338709346,0.07,0.03,Gompertz-Makeham,0.0002,1e-05,1.1,0.5,0.5,61.776865160848736,0.3139587475356127,PIPELINE_06_RETIREMENT_SUMMARY,22.206707734428477,16.452696014800427,0.9813787264121604,5969493.2514681835,356071.35020192584,6325564.60167011,0.22257841057801334,417150.8091009636,24882.422272254676,442033.23137321824,48455.17339707923,OK,False
E04714,PEN_DB_01,26.001368925393567,4.418891170431212,60.0,33.998631074606436,38.417522245037645,pensionable_salary_annual,pensionable_salary_annual,706000.0,0.06,5118815.522052511,0.015,2949783.137800445,339292.33070196107,0.07,0.03,Gompertz-Makeham,0.0002,1e-05,1.1,0.5,0.5,51.748117727583846,0.16785115685850785,PIPELINE_06_RETIREMENT_SUMMARY,33.998631074606436,16.45269920834965,1.5853420021452247,5582274.660739263,537894.3828675667,6120169.043606829,0.10022862740742307,93913.34785318686,9049.261341760508,102962.60919494736,23300.553289005282,OK,False
E04718,PEN_DB_01,47.92607802874743,8.709103353867214,60.0,12.073921971252567,20.78302532511978,pensionable_salary_annual,pensionable_salary_annual,2791000.0,0.06,5640282.791518566,0.015,1758332.1014545148,736827.0866456082,0.07,0.03,Gompertz-Makeham,0.0002,1e-05,1.1,0.5,0.5,57.831622176591374,0.5078418415281639,PIPELINE_06_RETIREMENT_SUMMARY,12.073921971252567,16.452699135693468,1.2081514184325577,12122794.371609734,890198.6898704206,13012993.061480155,0.4417967950366463,2719905.276740906,199727.557830785,2919632.8345716908,335239.19925410557,OK,False
E04719,PEN_DB_01,30.16563997262149,4.91170431211499,60.0,29.83436002737851,34.7460643394935,pensionable_salary_annual,pensionable_salary_annual,366000.0,0.06,2081926.439241471,0.015,1085081.2501196514,153387.1060369281,0.07,0.03,Gompertz-Makeham,0.0002,1e-05,1.1,0.5,0.0,,0.20446570675464382,PIPELINE_06_RETIREMENT_SUMMARY,29.83436002737851,16.452696014800427,0.0,2523631.4282155377,0.0,2523631.4282155377,0.13284762589110347,68548.8546698304,0.0,68548.8546698304,13956.225846240552,OK,False
E04725,PEN_DB_01,44.31759069130732,11.493497604380561,60.0,15.682409308692677,27.175906913073238,pensionable_salary_annual,pensionable_salary_annual,500000.0,0.06,1246886.552992239,0.015,508279.0934291976,214966.31414625948,0.07,0.03,Gompertz-Makeham,0.0002,1e-05,1.1,0.5,0.0,,0.43860835700828693,PIPELINE_06_RETIREMENT_SUMMARY,15.682409308692677,16.452696014800427,0.0,3536775.4200705,0.0,3536775.4200705,0.3460920085399586,536878.4317113793,0.0,536878.4317113793,46711.492897232325,REVIEW_SPOUSE_DOB_MISSING,True
E04732,PEN_DB_02,54.29158110882957,13.437371663244353,60.0,5.708418891170432,19.145790554414784,pensionable_salary_annual,pensionable_salary_annual,5918000.0,0.065,8478089.140264062,0.02,3246394.379623085,2278464.69543688,0.068,0.03,Gompertz-Makeham,0.0002,1e-05,1.1,0.67,0.67,57.35249828884326,0.9855583005489711,REVIEW_DB_MORTALITY_ONLY_FALLBACK,5.708418891170432,16.8778029178778,1.744037394691531,38455478.08492613,3973727.631326369,42429205.7162525,0.6869155082255171,26034177.188535746,2690194.8540195837,28724372.04255533,2137648.102800191,REVIEW_DB_MORTALITY_ONLY_FALLBACK,True
E04737,PEN_DB_01,41.69199178644764,4.418891170431212,60.0,18.308008213552363,22.726899383983575,pensionable_salary_annual,pensionable_salary_annual,2333000.0,0.06,6779766.3626185,0.015,2311246.0195522043,449385.7457604213,0.07,0.03,Gompertz-Makeham,0.0002,1e-05,1.1,0.5,0.0,,0.34644304751141736,PIPELINE_06_RETIREMENT_SUMMARY,18.308008213552363,16.452696014800427,0.0,7393607.068380602,0.0,7393607.068380602,0.2897620842136748,742215.0791470392,0.0,742215.0791470392,167964.10016013388,OK,False
E04756,PEN_DB_01,41.06228610540725,5.752224503764545,60.0,18.937713894592747,24.68993839835729,pensionable_salary_annual,pensionable_salary_annual,1015000.0,0.06,3059858.0423396854,0.015,1133215.5985962744,264014.8561378102,0.07,0.03,Gompertz-Makeham,0.0002,1e-05,1.1,0.5,0.5,60.18343600273786,0.3455601488859439,PIPELINE_06_RETIREMENT_SUMMARY,18.937713894592747,16.452696014800427,1.070647132838661,4343756.1714266585,282666.74875075807,4626422.920177417,0.27767605145642615,416799.8139837255,27122.94236810379,443922.7563518293,77174.10126487655,OK,False
E04758,PEN_DB_02,31.173169062286107,5.393566050650239,60.0,28.826830937713893,34.22039698836413,pensionable_salary_annual,pensionable_salary_annual,1184000.0,0.065,7273680.523180424,0.02,4978164.701395324,784621.5266620362,0.068,0.03,Gompertz-Makeham,0.0002,1e-05,1.1,0.67,0.67,60.05475701574264,0.21648980912474686,PIPELINE_06_RETIREMENT_SUMMARY,28.826830937713893,16.87779941727805,1.5161112272279371,13242684.74548033,1189573.5056970373,14432258.251177369,0.15010022005869683,430323.2654441826,38655.390904185246,468978.65634836786,86951.4996097672,OK,False
E04771,PEN_DB_01,46.03696098562629,11.008898015058179,60.0,13.963039014373713,24.971937029431892,pensionable_salary_annual,pensionable_salary_annual,2263000.0,0.06,5105418.384629569,0.015,1912382.796148102,843075.4548088498,0.07,0.03,Gompertz-Makeham,0.0002,1e-05,1.1,0.5,0.5,61.39630390143737,0.4739489663257238,PIPELINE_06_RETIREMENT_SUMMARY,13.963039014373713,16.452696014800427,1.0023842216397456,13870864.17550962,845085.5335521435,14715949.709061764,0.38878828100441193,2555925.93811013,155720.36520559498,2711646.3033157247,246314.05428651295,OK,False
E04775,PEN_DB_02,36.80766598220397,6.48870636550308,60.0,23.19233401779603,29.68104038329911,pensionable_salary_annual,pensionable_salary_annual,953000.0,0.065,4105765.4840075183,0.02,2437267.8227036553,532822.1326268484,0.068,0.03,Gompertz-Makeham,0.0002,1e-05,1.1,0.67,0.67,53.35249828884326,0.28663787238776695,PIPELINE_06_RETIREMENT_SUMMARY,23.19233401779603,16.877802999735188,2.099946356153801,8992866.988374723,1118897.8958878478,10111764.884262571,0.21745328071573486,560528.5084721965,69741.29268513103,630269.8011573276,97133.3522669679,OK,False
E04778,PEN_DB_02,48.23545516769336,5.23750855578371,60.0,11.76454483230664,17.00205338809035,pensionable_salary_annual,pensionable_salary_annual,2011000.0,0.065,4218594.260088752,0.02,1434495.2966544095,441898.47061189776,0.068,0.03,Gompertz-Makeham,0.0002,1e-05,1.1,0.67,0.67,57.00479123887748,0.49216681320261396,PIPELINE_06_RETIREMENT_SUMMARY,11.76454483230664,16.8778029178778,1.774211556037582,7458275.296699226,784021.3731549628,8242296.669854188,0.4611818602592756,1692867.4418642859,177955.92191765286,1870823.3637819388,357197.1947837706,OK,False
E04781,PEN_DB_01,44.106776180698155,13.672826830937714,60.0,15.893223819301845,29.56605065023956,pensionable_salary_annual,pensionable_salary_annual,2113000.0,0.06,5334470.0068859365,0.015,2365788.1562366006,1094059.269584738,0.07,0.03,Gompertz-Makeham,0.0002,1e-05,1.1,0.5,0.5,58.581793292265566,0.4436488302276155,PIPELINE_06_RETIREMENT_SUMMARY,15.893223819301845,16.452698921686956,1.1636175762048488,18000227.764958438,1273066.59549864,19273294.360457078,0.34119058978559347,2724672.985284695,192702.57057391806,2917375.555858613,213370.3287499716,OK,False
E04785,PEN_DB_02,19.66050650239562,1.6591375770020533,60.0,40.33949349760438,41.998631074606436,pensionable_salary_annual,pensionable_salary_annual,316000.0,0.065,4008264.8257494685,0.02,3366832.7133194716,133005.2558195306,0.068,0.03,Gompertz-Makeham,0.0002,1e-05,1.1,0.67,0.67,58.62286105407255,0.11527801831620768,PIPELINE_06_RETIREMENT_SUMMARY,40.33949349760438,16.87780267710021,1.6353522688939908,2244836.462739272,217510.44687929505,2462346.909618567,0.0703801418463763,18212.994141416108,1764.7238720790115,19977.71801349512,12041.025584866491,OK,False
E04792,PEN_DB_01,57.74127310061601,1.6974674880219027,60.0,2.258726899383987,3.9561943874058896,pensionable_salary_annual,pensionable_salary_annual,3846000.0,0.06,4387006.91023179,0.015,260337.78173654785,111702.02399768826,0.07,0.03,Gompertz-Makeham,0.0002,1e-05,1.1,0.5,0.5,62.19575633127995,0.8291404455534958,PIPELINE_06_RETIREMENT_SUMMARY,2.258726899383987,16.452696014800427,0.9584967164157536,1837799.4450719072,107066.0232187779,1944865.4682906852,0.8582821312161548,1307845.0337342287,76192.08239714836,1384037.116131377,815354.1236564282,OK,False
E04799,PEN_DB_01,42.926762491444215,2.3901437371663246,60.0,17.073237508555785,19.46338124572211,pensionable_salary_annual,pensionable_salary_annual,1817000.0,0.06,4913692.506635731,0.015,1434556.0587134873,176166.4705664474,0.07,0.03,Gompertz-Makeham,0.0002,1e-05,1.1,0.5,0.0,,0.3489576045132338,PIPELINE_06_RETIREMENT_SUMMARY,17.073237508555785,16.452696014800427,0.0,2898413.388230046,0.0,2898413.388230046,0.31500959670156314,318608.07507489546,0.0,318608.07507489546,133300.80116965127,OK,False
E04801,PEN_DB_02,21.77138945927447,1.5770020533880904,60.0,38.228610540725526,39.80561259411362,pensionable_salary_annual,pensionable_salary_annual,445000.0,0.065,4941940.531486802,0.02,3934339.4051902317,155869.00731753034,0.068,0.03,Gompertz-Makeham,0.0002,1e-05,1.1,0.67,0.0,,0.12575974839707404,PIPELINE_06_RETIREMENT_SUMMARY,38.228610540725526,16.87779941727805,0.0,2630725.840875522,0.0,2630725.840875522,0.0808650218358796,26753.336910355083,0.0,26753.336910355083,16964.6810876861,OK,False
E04806,PEN_DB_01,31.392197125256672,4.4435318275154,60.0,28.607802874743328,33.05133470225873,pensionable_salary_annual,pensionable_salary_annual,1148000.0,0.06,6079769.203060339,0.015,3014167.302642481,405234.71936619835,0.07,0.03,Gompertz-Makeham,0.0002,1e-05,1.1,0.5,0.0,,0.21338687041742052,PIPELINE_06_RETIREMENT_SUMMARY,28.607802874743328,16.452696014800427,0.0,6667203.652375021,0.0,6667203.652375021,0.14434265198716056,205355.38477239088,0.0,205355.38477239088,46214.45119415636,OK,False
E04817,PEN_DB_01,52.44900752908966,12.59958932238193,60.0,7.550992470910337,20.150581793292268,pensionable_salary_annual,pensionable_salary_annual,1672000.0,0.06,2596095.54066637,0.015,784692.533030985,490646.06481095013,0.07,0.03,Gompertz-Makeham,0.0002,1e-05,1.1,0.5,0.5,51.87679671457906,0.9822575483485095,REVIEW_DB_MORTALITY_ONLY_FALLBACK,7.550992470910337,16.45269920834965,1.5771794213319716,8072452.12209499,773836.8765773434,8846288.998672333,0.5999614083700954,4757230.216570853,456034.9341527169,5213265.15072357,413764.6884619262,REVIEW_DB_MORTALITY_ONLY_FALLBACK,True
E04819,PEN_DB_01,53.18275154004107,6.510609171800137,60.0,6.8172484599589325,13.32785763175907,pensionable_salary_annual,pensionable_salary_annual,846000.0,0.06,1258597.1211887,0.015,251616.04870417214,122913.50941218597,0.07,0.03,Gompertz-Makeham,0.0002,1e-05,1.1,0.5,0.5,55.62765229295003,0.6567786969179094,PIPELINE_06_RETIREMENT_SUMMARY,6.8172484599589325,16.452699205198666,1.3420431690743377,2022258.998614051,164955.2356935785,2187214.2343076295,0.6304976712312055,837412.2721610398,68307.54063732202,905719.8127983618,139114.44980008478,OK,False
E04823,PEN_DB_01,39.18412046543463,15.734428473648187,60.0,20.81587953456537,36.550308008213555,pensionable_salary_annual,pensionable_salary_annual,851000.0,0.06,2862156.6718175304,0.015,1569190.618840412,675515.9914963181,0.07,0.03,Gompertz-Makeham,0.0002,1e-05,1.1,0.5,0.5,59.258042436687205,0.3619296320369478,PIPELINE_06_RETIREMENT_SUMMARY,20.81587953456537,16.452698200221736,1.1239953897224,11114060.737512475,759276.8601256176,11873337.597638093,0.2445405155308843,983666.1588122298,67200.90614170431,1050867.0649539342,66787.7493430354,OK,False
E04832,PEN_DB_01,32.818617385352496,3.649555099247091,60.0,27.181382614647504,30.830937713894595,pensionable_salary_annual,pensionable_salary_annual,818000.0,0.06,3986591.2556800013,0.015,1843655.2004194043,218239.26668671216,0.07,0.03,Gompertz-Makeham,0.0002,1e-05,1.1,0.5,0.0,,0.22264456965450385,PIPELINE_06_RETIREMENT_SUMMARY,27.181382614647504,16.452696014800427,0.0,3590624.3132894365,0.0,3590624.3132894365,0.15896748232503607,127083.85209609588,0.0,127083.85209609588,34821.7381681163,OK,False
E04833,PEN_DB_01,42.704996577686515,1.3360711841204653,60.0,17.295003422313485,18.631074606433952,pensionable_salary_annual,pensionable_salary_annual,925000.0,0.06,2534000.866754779,0.015,708167.3880191488,50784.08307911015,0.07,0.03,Gompertz-Makeham,0.0002,1e-05,1.1,0.5,0.0,,0.3315623471235602,PIPELINE_06_RETIREMENT_SUMMARY,17.295003422313485,16.452696014800427,0.0,835535.0812909693,0.0,835535.0812909693,0.3103183549814977,85968.10603217107,0.0,85968.10603217107,64343.95641034936,OK,False
E04836,PEN_DB_01,30.527036276522928,5.823408624229979,60.0,29.472963723477072,35.29637234770705,pensionable_salary_annual,pensionable_salary_annual,515000.0,0.06,2868442.0338412207,0.015,1518683.9712641072,250561.65116962118,0.07,0.03,Gompertz-Makeham,0.0002,1e-05,1.1,0.5,0.5,59.742642026009584,0.21249132603861745,PIPELINE_06_RETIREMENT_SUMMARY,29.472963723477072,16.452698200221736,1.095928958344426,4122415.2272430127,274597.7693673824,4397012.996610396,0.13613600011772614,119252.07006428685,7943.487161528864,127195.5572258157,21842.114375519126,OK,False
E04840,PEN_DB_01,46.75975359342916,5.242984257357974,60.0,13.24024640657084,18.483230663928815,pensionable_salary_annual,pensionable_salary_annual,3745000.0,0.06,8100423.290281723,0.015,2245829.8822460743,637055.8768332443,0.07,0.03,Gompertz-Makeham,0.0002,1e-05,1.1,0.5,0.0,,0.45544649691962225,PIPELINE_06_RETIREMENT_SUMMARY,13.24024640657084,16.452696014800427,0.0,10481286.685979512,0.0,10481286.685979512,0.4082738301674248,1948962.6177400926,0.0,1948962.6177400926,371727.7264384171,OK,False
E04846,PEN_DB_02,46.16016427104723,2.2614647501711156,60.0,13.839835728952771,16.101300479123886,pensionable_salary_annual,pensionable_salary_annual,1573000.0,0.065,3760475.828520906,0.02,1210971.0251899492,170083.670601411,0.068,0.03,Gompertz-Makeham,0.0002,1e-05,1.1,0.67,0.0,,0.4117466240358017,PIPELINE_06_RETIREMENT_SUMMARY,13.839835728952771,16.87779941727805,0.0,2870638.0765650067,0.0,2870638.0765650067,0.4023264231276885,475539.9899670073,0.0,475539.9899670073,210279.63842064096,OK,False
E04850,PEN_DB_01,24.205338809034906,6.203969883641341,60.0,35.794661190965094,41.998631074606436,pensionable_salary_annual,pensionable_salary_annual,372000.0,0.06,2994730.9652105602,0.015,1886619.0146336753,278688.3107666172,0.07,0.03,Gompertz-Makeham,0.0002,1e-05,1.1,0.5,0.0,,0.16276261048732954,PIPELINE_06_RETIREMENT_SUMMARY,35.794661190965094,16.452696014800427,0.0,4585174.059921386,0.0,4585174.059921386,0.08876006942445407,66241.18709354007,0.0,66241.18709354007,10677.225766070394,OK,False
E04868,PEN_DB_01,48.75290896646133,4.15605749486653,60.0,11.247091033538673,15.403148528405204,pensionable_salary_annual,pensionable_salary_annual,1919000.0,0.06,3695662.8564315494,0.015,853872.6583278809,230390.80969458283,0.07,0.03,Gompertz-Makeham,0.0002,1e-05,1.1,0.5,0.0,,0.4963257549880948,PIPELINE_06_RETIREMENT_SUMMARY,11.247091033538673,16.452696014800427,0.0,3790549.9565087063,0.0,3790549.9565087063,0.4672162910233256,878996.2333065826,0.0,878996.2333065826,211497.61147248303,OK,False
E04873,PEN_DB_02,28.501026694045173,4.199863107460644,60.0,31.498973305954827,35.69883641341547,pensionable_salary_annual,pensionable_salary_annual,761000.0,0.065,5531835.053761151,0.02,3949601.4930043337,464658.99917698046,0.068,0.03,Gompertz-Makeham,0.0002,1e-05,1.1,0.67,0.67,55.69336071184121,0.18620037300112396,PIPELINE_06_RETIREMENT_SUMMARY,31.498973305954827,16.877802996251773,1.8894852729204714,7842423.048544591,877966.3358748701,8720389.384419462,0.12590265083555996,183850.86891082954,20582.270648483787,204433.13955931333,48676.143561955134,OK,False
E04880,PEN_DB_01,47.186858316221766,5.210130047912389,60.0,12.813141683778234,18.023271731690624,pensionable_salary_annual,pensionable_salary_annual,798000.0,0.06,1683645.0135080374,0.015,455171.87367241934,131580.1421234413,0.07,0.03,Gompertz-Makeham,0.0002,1e-05,1.1,0.5,0.5,60.54209445585216,0.4654500945689263,PIPELINE_06_RETIREMENT_SUMMARY,12.813141683778234,16.452696014800427,1.050258549003979,2164848.0799412164,138193.1691443028,2303041.249085519,0.4202439726771394,423449.90616724215,27030.942748046236,450480.8489152884,86462.49609369892,OK,False
E04881,PEN_DB_01,50.67488021902806,1.8836413415468858,60.0,9.325119780971939,11.208761122518824,pensionable_salary_annual,pensionable_salary_annual,534000.0,0.06,919435.9523234566,0.015,154586.0693557385,25978.313560514915,0.07,0.03,Gompertz-Makeham,0.0002,1e-05,1.1,0.5,0.5,55.969883641341546,0.5241568065367384,PIPELINE_06_RETIREMENT_SUMMARY,9.325119780971939,16.452699205198666,1.3209886807394522,427413.37886948546,34317.05815814042,461730.43702762586,0.5320993807119525,119207.09250837321,9571.148047103698,128778.2405554769,68366.64587629061,OK,False
E04886,PEN_DB_01,31.942505133470227,13.94113620807666,60.0,28.057494866529773,41.998631074606436,pensionable_salary_annual,pensionable_salary_annual,1435000.0,0.06,7359885.972679653,0.015,4636577.035766155,1539077.5923155972,0.07,0.03,Gompertz-Makeham,0.0002,1e-05,1.1,0.5,0.5,56.741957563312795,0.2591427119816108,PIPELINE_06_RETIREMENT_SUMMARY,28.057494866529773,16.45269919212516,1.2738257412572813,25321980.65970876,1960516.6548838874,27282497.31459265,0.14981828056048466,983108.5669483714,76115.71720880861,1059224.28415718,75978.33263715828,OK,False
E04893,PEN_DB_02,43.553730321697465,8.281998631074606,60.0,16.446269678302535,24.728268309377142,pensionable_salary_annual,pensionable_salary_annual,654000.0,0.065,1842369.6612571233,0.02,911172.2261724486,305170.06024929765,0.068,0.03,Gompertz-Makeham,0.0002,1e-05,1.1,0.67,0.67,59.07734428473648,0.4066605452695158,PIPELINE_06_RETIREMENT_SUMMARY,16.446269678302535,16.87780186690075,1.5971088738732673,5150599.81259781,487389.81126459286,5637989.623862403,0.3389295797897407,709903.5035282334,67176.59053114959,777080.094059383,93827.60474551724,OK,False
E04897,PEN_DB_01,26.21218343600274,7.57015742642026,60.0,33.78781656399726,41.35797399041752,pensionable_salary_annual,pensionable_salary_annual,424000.0,0.06,3036657.352384247,0.015,1883849.936965767,344819.61311467935,0.07,0.03,Gompertz-Makeham,0.0002,1e-05,1.1,0.5,0.5,63.34017796030116,0.1828983524566907,PIPELINE_06_RETIREMENT_SUMMARY,33.78781656399726,16.452696014800427,0.8973119087942292,5673212.27451691,309410.7452336205,5982623.019750531,0.10166847507264662,105493.36288520895,5753.491751777034,111246.85463698598,14695.447976911079,OK,False
E04922,PEN_DB_01,29.790554414784395,11.715263518138261,60.0,30.209445585215605,41.92470910335386,pensionable_salary_annual,pensionable_salary_annual,359000.0,0.06,2087231.4417068611,0.015,1312598.5653740107,366786.9954440928,0.07,0.03,Gompertz-Makeham,0.0002,1e-05,1.1,0.5,0.0,,0.22930702566312566,PIPELINE_06_RETIREMENT_SUMMARY,30.209445585215605,16.452696014800427,0.0,6034634.938223648,0.0,6034634.938223648,0.1295186672685695,179225.8839008581,0.0,179225.8839008581,15298.493595416785,OK,False
E04923,PEN_DB_02,31.28542094455852,10.817248459958932,60.0,28.71457905544148,39.53182751540041,pensionable_salary_annual,pensionable_salary_annual,314000.0,0.065,1915411.6415319736,0.02,1514394.4526806388,414389.67259098304,0.068,0.03,Gompertz-Makeham,0.0002,1e-05,1.1,0.67,0.67,57.50034223134839,0.24124489228722157,PIPELINE_06_RETIREMENT_SUMMARY,28.71457905544148,16.8778029178778,1.7312605871942455,6993987.22519452,717416.5078970965,7711403.733091617,0.15121278278862874,255135.83858897025,26170.86026416148,281306.69885313173,26005.38389169991,OK,False
E04927,PEN_DB_02,30.376454483230663,2.9322381930184807,60.0,29.623545516769337,32.55578370978782,pensionable_salary_annual,pensionable_salary_annual,706000.0,0.065,4560338.201984436,0.02,2969307.6829457595,267439.95697879983,0.068,0.03,Gompertz-Makeham,0.0002,1e-05,1.1,0.67,0.0,,0.19465206007171793,PIPELINE_06_RETIREMENT_SUMMARY,29.623545516769337,16.87779941727805,0.0,4513797.950053655,0.0,4513797.950053655,0.14243548391163005,125146.67480581335,0.0,125146.67480581335,42679.57327061001,OK,False
E04928,PEN_DB_02,41.37166324435318,13.853524982888432,60.0,18.62833675564682,32.48186173853525,pensionable_salary_annual,pensionable_salary_annual,1980000.0,0.065,6399453.592852055,0.02,4157323.3361038626,1773099.8045082218,0.068,0.03,Gompertz-Makeham,0.0002,1e-05,1.1,0.67,0.67,61.63175906913074,0.39189805266888705,PIPELINE_06_RETIREMENT_SUMMARY,18.62833675564682,16.87779941727805,1.3893226370304483,29926022.847304694,2463407.6961175352,32389430.54342223,0.29360610609403204,3443397.7548618857,283448.7086173094,3726846.4634791953,269017.9191276237,OK,False
E04931,PEN_DB_01,22.444900752908968,0.785763175906913,60.0,37.555099247091036,38.34086242299795,pensionable_salary_annual,pensionable_salary_annual,448000.0,0.06,3996154.729162839,0.015,2298240.2803776753,47100.46847103633,0.07,0.03,Gompertz-Makeham,0.0002,1e-05,1.1,0.5,0.0,,0.12388670643377163,PIPELINE_06_RETIREMENT_SUMMARY,37.555099247091036,16.452696014800427,0.0,774929.6899086526,0.0,774929.6899086526,0.078793304156797,7564.431951345625,0.0,7564.431951345625,9626.859826581845,OK,False
E04941,PEN_DB_02,51.592060232717316,3.7344284736481863,60.0,8.407939767282684,12.142368240930871,pensionable_salary_annual,pensionable_salary_annual,1746000.0,0.065,2964818.3790719467,0.02,719998.330523427,221438.0434800348,0.068,0.03,Gompertz-Makeham,0.0002,1e-05,1.1,0.67,0.67,54.026009582477755,0.5773110634843327,PIPELINE_06_RETIREMENT_SUMMARY,8.407939767282684,16.8778029992237,2.0388783555454855,3737387.6743895593,451485.23394578305,4188872.9083353425,0.5751413974140567,1240945.3544944127,149909.12169135708,1390854.4761857698,372441.05383200326,OK,False
E04944,PEN_DB_01,31.44147843942505,3.756331279945243,60.0,28.55852156057495,32.31485284052019,pensionable_salary_annual,pensionable_salary_annual,1277000.0,0.06,6743556.430149931,0.015,3268755.5049305805,379965.47934972093,0.07,0.03,Gompertz-Makeham,0.0002,1e-05,1.1,0.5,0.0,,0.20973810591637512,PIPELINE_06_RETIREMENT_SUMMARY,28.55852156057495,16.452696014800427,0.0,6251456.527858888,0.0,6251456.527858888,0.1448247379829406,189889.65638634944,0.0,189889.65638634944,50551.89285358173,OK,False
E04947,PEN_DB_01,34.496919917864474,0.09856262833675565,60.0,25.503080082135526,25.60164271047228,pensionable_salary_annual,pensionable_salary_annual,1024000.0,0.06,4525613.539506047,0.015,1737947.1132616445,6690.845479351856,0.07,0.03,Gompertz-Makeham,0.0002,1e-05,1.1,0.5,0.0,,0.20266583755408366,PIPELINE_06_RETIREMENT_SUMMARY,25.503080082135526,16.452696014800427,0.0,110082.44675377774,0.0,110082.44675377774,0.1780832875969505,3973.0294685310523,0.0,3973.0294685310523,40309.69481613797,OK,False
E04954,PEN_DB_01,45.31143052703628,8.358658453114305,60.0,14.68856947296372,23.047227926078026,pensionable_salary_annual,pensionable_salary_annual,653000.0,0.06,1536809.8707672306,0.015,531288.1105592832,192685.0322567702,0.07,0.03,Gompertz-Makeham,0.0002,1e-05,1.1,0.5,0.0,,0.4436505688393042,PIPELINE_06_RETIREMENT_SUMMARY,14.68856947296372,16.452696014800427,0.0,3170188.262322655,0.0,3170188.262322655,0.3701641368679541,520619.50683981867,0.0,520619.50683981867,62285.05564141624,REVIEW_SPOUSE_DOB_MISSING,True
E04976,PEN_DB_01,35.31553730321698,2.1464750171115674,60.0,24.684462696783022,26.83093771389459,pensionable_salary_annual,pensionable_salary_annual,2900000.0,0.06,12219675.83479802,0.015,4917980.418111728,393438.4334489383,0.07,0.03,Gompertz-Makeham,0.0002,1e-05,1.1,0.5,0.5,54.234086242299796,0.23786915127080496,PIPELINE_06_RETIREMENT_SUMMARY,24.684462696783022,16.452699207825372,1.4285924992986883,6473124.202333403,562063.1949609794,7035187.397294383,0.18822496967306104,289820.63182487065,25165.206969205985,314985.83879407664,146745.63471879653,OK,False
E04986,PEN_DB_02,52.054757015742645,31.252566735112936,60.0,7.945242984257355,39.19780971937029,pensionable_salary_annual,pensionable_salary_annual,1826000.0,0.065,3011619.1670909957,0.02,2360977.5011768257,1882416.5800051317,0.068,0.03,Gompertz-Makeham,0.0002,1e-05,1.1,0.67,0.0,,0.6941961707169573,PIPELINE_06_RETIREMENT_SUMMARY,7.945242984257355,16.87779941727805,0.0,31771049.457085155,0.0,31771049.457085155,0.5929177542466847,13077003.179426467,0.0,13077003.179426467,418429.73379636597,REVIEW_SPOUSE_DOB_MISSING,True
E04988,PEN_DB_01,41.93292265571527,4.216290212183436,60.0,18.067077344284733,22.28336755646817,pensionable_salary_annual,pensionable_salary_annual,1069000.0,0.06,3063237.9248098726,0.015,1023888.8488717681,193732.5011994745,0.07,0.03,Gompertz-Makeham,0.0002,1e-05,1.1,0.5,0.0,,0.34895072590630855,PIPELINE_06_RETIREMENT_SUMMARY,18.067077344284733,16.452696014800427,0.0,3187421.950421913,0.0,3187421.950421913,0.2945242209422818,327585.50821293826,0.0,327585.50821293826,77695.19926933486,OK,False
E04996,PEN_DB_01,22.88021902806297,4.594113620807666,60.0,37.11978097193703,41.7138945927447,pensionable_salary_annual,pensionable_salary_annual,1176000.0,0.06,10227170.53346072,0.015,6399226.704222075,704771.7517514203,0.07,0.03,Gompertz-Makeham,0.0002,1e-05,1.1,0.5,0.0,,0.14739226926388055,PIPELINE_06_RETIREMENT_SUMMARY,37.11978097193703,16.452696014800427,0.0,11595395.391384508,0.0,11595395.391384508,0.08114852087751863,138688.6356392741,0.0,138688.6356392741,30188.333830300875,OK,False
E04997,PEN_DB_01,49.35249828884326,22.0041067761807,60.0,10.647501711156742,32.65160848733744,pensionable_salary_annual,pensionable_salary_annual,1091000.0,0.06,2028939.0192494125,0.015,993721.8375182132,669674.8623288512,0.07,0.03,Gompertz-Makeham,0.0002,1e-05,1.1,0.5,0.0,,0.596517495283618,PIPELINE_06_RETIREMENT_SUMMARY,10.647501711156742,16.452696014800427,0.0,11017956.938649915,0.0,11017956.938649915,0.4865597468203148,3197867.263309966,0.0,3197867.263309966,145330.47379917442,OK,False
E05011,PEN_DB_01,44.238193018480494,4.58590006844627,60.0,15.761806981519506,20.347707049965777,pensionable_salary_annual,pensionable_salary_annual,1609000.0,0.06,4031087.339612278,0.015,1230350.764188848,277292.45559961256,0.07,0.03,Gompertz-Makeham,0.0002,1e-05,1.1,0.5,0.5,57.106091718001366,0.3950116733450359,PIPELINE_06_RETIREMENT_SUMMARY,15.761806981519506,16.452699135693468,1.2517565812398865,4562209.344578065,347102.65622498404,4909312.000803049,0.34423780808529997,620359.8860101457,47198.308535634395,667558.1945457801,145567.54063154993,OK,False
E05026,PEN_DB_01,28.528405201916495,7.274469541409993,60.0,31.471594798083505,38.7460643394935,pensionable_salary_annual,pensionable_salary_annual,547000.0,0.06,3422971.348570411,0.015,1989400.0215592796,373504.51224441815,0.07,0.03,Gompertz-Makeham,0.0002,1e-05,1.1,0.5,0.0,,0.2009114509857592,PIPELINE_06_RETIREMENT_SUMMARY,31.471594798083505,16.452696014800427,0.0,6145156.200113716,0.0,6145156.200113716,0.118917468398333,146819.3414182239,0.0,146819.3414182239,20182.82440835765,REVIEW_SPOUSE_DOB_MISSING,True
E05035,PEN_DB_01,40.68720054757016,4.635181382614648,60.0,19.312799452429843,23.94798083504449,pensionable_salary_annual,pensionable_salary_annual,860000.0,0.06,2649876.001922013,0.015,951887.69563909,184239.83865519374,0.07,0.03,Gompertz-Makeham,0.0002,1e-05,1.1,0.5,0.0,,0.33140542327915223,PIPELINE_06_RETIREMENT_SUMMARY,19.312799452429843,16.452696014800427,0.0,3031242.05920978,0.0,3031242.05920978,0.2707179136683654,271955.11015262536,0.0,271955.11015262536,58671.945648698405,REVIEW_SPOUSE_DOB_MISSING,True
E05036,PEN_DB_01,36.62696783025325,7.028062970568104,60.0,23.37303216974675,30.401095140314855,pensionable_salary_annual,pensionable_salary_annual,1854000.0,0.06,7237432.607046088,0.015,3300388.158876376,762976.9816134418,0.07,0.03,Gompertz-Makeham,0.0002,1e-05,1.1,0.5,0.5,62.71321013004791,0.28722295279606747,PIPELINE_06_RETIREMENT_SUMMARY,23.37303216974675,16.452696014800427,0.9305863742409405,12553028.344775934,710015.9829489496,13263044.327724883,0.20568945094254343,741616.9905747076,41946.843588039534,783563.8341627471,111490.72474793276,OK,False
E05048,PEN_DB_02,27.920602327173167,9.919233401779604,60.0,32.07939767282683,41.998631074606436,pensionable_salary_annual,pensionable_salary_annual,1072000.0,0.065,8082649.185702615,0.02,6789204.025115845,1603473.675553762,0.068,0.03,Gompertz-Makeham,0.0002,1e-05,1.1,0.67,0.67,60.8952772073922,0.20571888268361074,PIPELINE_06_RETIREMENT_SUMMARY,32.07939767282683,16.87779941727805,1.4479093561822103,27063107.066881977,2321684.53722617,29384791.604108147,0.1211857131354689,674688.3877293955,57880.03548026696,732568.4232096625,73853.3305485314,OK,False
E05059,PEN_DB_01,51.26351813826147,10.819986310746064,60.0,8.736481861738532,19.556468172484596,pensionable_salary_annual,pensionable_salary_annual,4618000.0,0.06,7683129.643845489,0.015,2253823.205174058,1246970.363551432,0.07,0.03,Gompertz-Makeham,0.0002,1e-05,1.1,0.5,0.0,,0.6145777134611319,PIPELINE_06_RETIREMENT_SUMMARY,8.736481861738532,16.452696014800427,0.0,20516024.330976885,0.0,20516024.330976885,0.5537186599889089,6981667.663388618,0.0,6981667.663388618,645256.6078068557,OK,False
E05071,PEN_DB_02,36.2217659137577,3.6057494866529773,60.0,23.7782340862423,27.38398357289528,pensionable_salary_annual,pensionable_salary_annual,686000.0,0.065,3066546.0550466003,0.02,1679484.9359384584,221143.93727563982,0.068,0.03,Gompertz-Makeham,0.0002,1e-05,1.1,0.67,0.0,,0.2605312561045917,PIPELINE_06_RETIREMENT_SUMMARY,23.7782340862423,16.87779941727805,0.0,3732423.015685368,0.0,3732423.015685368,0.2092310166747597,203458.93061197424,0.0,203458.93061197424,56426.252396373275,OK,False
E05074,PEN_DB_01,55.72073921971253,6.921286789869952,60.0,4.279260780287473,11.200547570157426,pensionable_salary_annual,pensionable_salary_annual,1883000.0,0.06,2416243.600279713,0.015,405948.7707903206,250852.72367585686,0.07,0.03,Gompertz-Makeham,0.0002,1e-05,1.1,0.5,0.5,58.365503080082135,0.7637129927682684,PIPELINE_06_RETIREMENT_SUMMARY,4.279260780287473,16.452698921686956,1.1763967151166141,4127204.3363240063,295102.32011033373,4422306.65643434,0.7486160820849482,2359637.5729144216,168718.208657139,2528355.7815715605,365301.40396321693,OK,False
E05076,PEN_DB_02,36.068446269678304,10.11088295687885,60.0,23.931553730321696,34.04243668720055,pensionable_salary_annual,pensionable_salary_annual,902000.0,0.065,4071225.382280801,0.02,2771888.64631236,823273.6666263106,0.068,0.03,Gompertz-Makeham,0.0002,1e-05,1.1,0.67,0.67,58.770704996577685,0.2946892365242482,PIPELINE_06_RETIREMENT_SUMMARY,23.931553730321696,16.87780267710021,1.622873309826863,13895050.49457165,1336068.860251138,15231119.354822788,0.20713120467842272,848144.663754066,81552.75683760029,929697.4205916662,91950.17137045927,OK,False
E05084,PEN_DB_02,36.28199863107461,2.3134839151266258,60.0,23.718001368925393,26.031485284052017,pensionable_salary_annual,pensionable_salary_annual,1200000.0,0.065,5343911.788801513,0.02,2782199.2217891733,247261.07934495708,0.068,0.03,Gompertz-Makeham,0.0002,1e-05,1.1,0.67,0.67,63.83025325119781,0.25063140125365996,PIPELINE_06_RETIREMENT_SUMMARY,23.718001368925393,16.87779941727805,1.2214811073879575,4173222.9008838586,302024.7370122198,4475247.637896079,0.21006175498482454,219712.13976466627,15901.020100498623,235613.1598651649,101843.43981154021,OK,False
E05085,PEN_DB_02,56.99657768651608,4.213552361396304,60.0,3.0034223134839166,7.216974674880221,pensionable_salary_annual,pensionable_salary_annual,3150000.0,0.065,3805861.4677448,0.02,549336.1165763338,320723.9314912661,0.068,0.03,Gompertz-Makeham,0.0002,1e-05,1.1,0.67,0.67,60.91991786447639,0.9914833667015563,REVIEW_DB_MORTALITY_ONLY_FALLBACK,3.0034223134839166,16.87779941727805,1.445931132025671,5413114.184030417,463744.71732889017,5876858.901359308,0.820707613226807,4404748.16308603,377357.39952087455,4782105.562606905,1134934.4098389677,REVIEW_DB_MORTALITY_ONLY_FALLBACK,True
E05102,PEN_DB_02,38.85557837097878,3.62217659137577,60.0,21.144421629021217,24.766598220396986,pensionable_salary_annual,pensionable_salary_annual,650000.0,0.065,2461529.2161175073,0.02,1219274.102067021,178321.8701121677,0.068,0.03,Gompertz-Makeham,0.0002,1e-05,1.1,0.67,0.67,56.10403832991102,0.29560684156791844,PIPELINE_06_RETIREMENT_SUMMARY,21.144421629021217,16.877802981487697,1.8531515693110334,3009681.3910436057,330457.45344084187,3340138.8444844475,0.24881547438844093,221366.75093207977,24305.66006328087,245672.41099536064,67824.52616481895,OK,False
E05111,PEN_DB_02,41.56605065023956,15.33744010951403,60.0,18.43394934976044,33.771389459274474,pensionable_salary_annual,pensionable_salary_annual,1222000.0,0.065,3901507.897530002,0.02,2635186.8537184163,1196782.8743032482,0.068,0.03,Gompertz-Makeham,0.0002,1e-05,1.1,0.67,0.0,,0.4009879461322714,PIPELINE_06_RETIREMENT_SUMMARY,18.43394934976044,16.87779941727805,0.0,20199061.298523717,0.0,20199061.298523717,0.29738494243729263,2408693.1629630183,0.0,2408693.1629630183,157046.62223710146,OK,False
E05116,PEN_DB_01,49.856262833675565,0.13963039014373715,60.0,10.143737166324435,10.283367556468171,pensionable_salary_annual,pensionable_salary_annual,982000.0,0.06,1773403.387883323,0.015,273548.38295235153,3714.3151039856043,0.07,0.03,Gompertz-Makeham,0.0002,1e-05,1.1,0.5,0.5,61.74674880219028,0.457997321520658,PIPELINE_06_RETIREMENT_SUMMARY,10.143737166324435,16.452696014800427,0.9830335685211602,61110.497309056984,3651.2964312830127,64761.79374034,0.5034295248397525,14090.209106385017,841.877132270533,14932.08623865555,106940.08820919492,OK,False
E05129,PEN_DB_02,25.08145106091718,4.418891170431212,60.0,34.918548939082825,39.337440109514034,pensionable_salary_annual,pensionable_salary_annual,812000.0,0.065,7320902.901934568,0.02,5759711.589048371,647005.4638588579,0.068,0.03,Gompertz-Makeham,0.0002,1e-05,1.1,0.67,0.0,,0.1612594594937333,PIPELINE_06_RETIREMENT_SUMMARY,34.918548939082825,16.87779941727805,0.0,10920028.440892747,0.0,10920028.440892747,0.10053871140213494,177044.43649426478,0.0,177044.43649426478,40065.35342597906,OK,False
E05130,PEN_DB_01,48.26830937713895,2.0424366872005475,60.0,11.731690622861052,13.7741273100616,pensionable_salary_annual,pensionable_salary_annual,1166000.0,0.06,2309825.293076402,0.015,477237.41476252064,70765.07879404501,0.07,0.03,Gompertz-Makeham,0.0002,1e-05,1.1,0.5,0.5,63.49897330595482,0.4589540477152834,PIPELINE_06_RETIREMENT_SUMMARY,11.731690622861052,16.452696014800427,0.8889809336027029,1164276.3298618225,62908.805812798964,1227185.1356746214,0.4521459143639038,241603.8683238378,13054.470357401493,254658.33868123931,124683.59008488292,OK,False
E05157,PEN_DB_02,43.32101300479124,1.3114305270362765,60.0,16.67898699520876,17.990417522245036,pensionable_salary_annual,pensionable_salary_annual,865000.0,0.065,2472748.003380326,0.02,889715.3801621969,64856.74434601923,0.068,0.03,Gompertz-Makeham,0.0002,1e-05,1.1,0.67,0.0,,0.3419817682521199,PIPELINE_06_RETIREMENT_SUMMARY,16.67898699520876,16.87779941727805,0.0,1094639.121929795,0.0,1094639.121929795,0.33378010573796846,124949.45524587468,0.0,124949.45524587468,95277.22031013723,OK,False
E05165,PEN_DB_02,54.69404517453799,12.41615331964408,60.0,5.30595482546201,17.72210814510609,pensionable_salary_annual,pensionable_salary_annual,1422000.0,0.065,1986165.2525032053,0.02,703980.707978275,493210.64586458786,0.068,0.03,Gompertz-Makeham,0.0002,1e-05,1.1,0.67,0.67,60.34496919917864,0.7430579522616148,PIPELINE_06_RETIREMENT_SUMMARY,5.30595482546201,16.87779941727805,1.4924062497997557,8324310.351368672,736070.6503560849,9060381.001724757,0.7053460261382529,4362879.053241108,385784.177498393,4748663.2307395,382458.4884294603,OK,False
E05171,PEN_DB_01,34.18480492813142,13.325119780971937,60.0,25.81519507186858,39.14031485284052,pensionable_salary_annual,pensionable_salary_annual,673000.0,0.06,3028941.6876548645,0.015,1778305.9698855828,605415.1619637053,0.07,0.03,Gompertz-Makeham,0.0002,1e-05,1.1,0.5,0.0,,0.2832075723814491,PIPELINE_06_RETIREMENT_SUMMARY,25.81519507186858,16.452696014800427,0.0,9960711.62254001,0.0,9960711.62254001,0.17436208238719003,491866.53459194157,0.0,491866.53459194157,36912.72894179302,OK,False
E05186,PEN_DB_01,42.47501711156742,2.4668035592060233,60.0,17.524982888432582,19.991786447638606,pensionable_salary_annual,pensionable_salary_annual,769000.0,0.06,2135065.4636119353,0.015,640256.5920038748,79001.8062716367,0.07,0.03,Gompertz-Makeham,0.0002,1e-05,1.1,0.5,0.0,,0.3418418353825943,PIPELINE_06_RETIREMENT_SUMMARY,17.524982888432582,16.452696014800427,0.0,1299792.7032073925,0.0,1299792.7032073925,0.3055271429293102,135752.89660442615,0.0,135752.89660442615,55031.903978653325,OK,False
E05188,PEN_DB_01,45.333333333333336,11.860369609856264,60.0,14.666666666666664,26.527036276522928,pensionable_salary_annual,pensionable_salary_annual,1283000.0,0.06,3015638.9701361093,0.015,1199939.4653654522,536498.8919355082,0.07,0.03,Gompertz-Makeham,0.0002,1e-05,1.1,0.5,0.0,,0.46207260318681925,PIPELINE_06_RETIREMENT_SUMMARY,14.666666666666664,16.452696014800427,0.0,8826853.181292182,0.0,8826853.181292182,0.3707130950393148,1512007.8631105628,0.0,1512007.8631105628,127484.04247486913,OK,False
E05194,PEN_DB_02,33.90280629705681,12.37782340862423,60.0,26.097193702943187,38.47501711156742,pensionable_salary_annual,pensionable_salary_annual,1598000.0,0.065,8266559.324365868,0.02,6361120.22917528,2046440.230278335,0.068,0.03,Gompertz-Makeham,0.0002,1e-05,1.1,0.67,0.0,,0.27637621927186656,PIPELINE_06_RETIREMENT_SUMMARY,26.097193702943187,16.87779941727805,0.0,34539407.72608604,0.0,34539407.72608604,0.17962653157616623,1714691.684812711,0.0,1714691.684812711,138529.33817249342,OK,False
E05225,PEN_DB_02,26.105407255304584,4.418891170431212,60.0,33.894592744695416,38.313483915126625,pensionable_salary_annual,pensionable_salary_annual,701000.0,0.065,5925456.786436126,0.02,4540497.8655379675,523678.97348708595,0.068,0.03,Gompertz-Makeham,0.0002,1e-05,1.1,0.67,0.67,59.47707049965777,0.168615872547515,PIPELINE_06_RETIREMENT_SUMMARY,33.894592744695416,16.87780186690075,1.5637737179880042,8838549.956377007,818915.4154020419,9657465.371779049,0.10754470330789107,160276.00211750524,14850.002489190747,175126.004606696,39631.210150307124,OK,False
E05236,PEN_DB_01,60.62422997946612,6.959616700889802,60.0,0.0,6.959616700889802,pensionable_salary_annual,pensionable_salary_annual,2837000.0,0.06,2837000.0,0.015,296166.4887063655,296166.4887063655,0.07,0.03,Gompertz-Makeham,0.0002,1e-05,1.1,0.5,0.5,59.214236824093085,1.0,AT_RETIREMENT,0.0,16.452698200221736,1.126546148161987,4872737.855705211,333645.2170668167,5206383.072772028,1.0,4872737.855705211,333645.2170668167,5206383.072772028,748084.7432454694,OK,False
E05243,PEN_DB_01,30.803559206023273,4.468172484599589,60.0,29.196440793976727,33.66461327857632,pensionable_salary_annual,pensionable_salary_annual,1219000.0,0.06,6681052.778285382,0.015,3373725.871121029,447781.44288138574,0.07,0.03,Gompertz-Makeham,0.0002,1e-05,1.1,0.5,0.0,,0.20793672814943853,PIPELINE_06_RETIREMENT_SUMMARY,29.196440793976727,16.452696014800427,0.0,7367211.960796161,0.0,7367211.960796161,0.13870696670079255,212487.1373498006,0.0,212487.1373498006,47555.71502268057,OK,False
E05254,PEN_DB_01,19.8466803559206,1.8453114305270362,60.0,40.1533196440794,41.998631074606436,pensionable_salary_annual,pensionable_salary_annual,328000.0,0.06,3403990.509335724,0.015,2144444.1237457907,94221.33894424139,0.07,0.03,Gompertz-Makeham,0.0002,1e-05,1.1,0.5,0.0,,0.11723098284300873,PIPELINE_06_RETIREMENT_SUMMARY,40.1533196440794,16.452696014800427,0.0,1550195.0477570805,0.0,1550195.0477570805,0.0660912220579789,12010.816542794406,0.0,12010.816542794406,6508.828994444595,OK,False
E05269,PEN_DB_01,43.110198494182065,4.717316906228611,60.0,16.889801505817935,21.607118412046546,pensionable_salary_annual,pensionable_salary_annual,973000.0,0.06,2603297.9808145575,0.015,843746.5159995274,184208.72365270977,0.07,0.03,Gompertz-Makeham,0.0002,1e-05,1.1,0.5,0.0,,0.37421896577179387,PIPELINE_06_RETIREMENT_SUMMARY,16.889801505817935,16.452696014800427,0.0,3030730.1335324114,0.0,3030730.1335324114,0.3189435526247242,361731.9658885006,0.0,361731.9658885006,76681.71824769289,OK,False
E05273,PEN_DB_01,40.93908281998631,2.6666666666666665,60.0,19.06091718001369,21.727583846680357,pensionable_salary_annual,pensionable_salary_annual,764000.0,0.06,2319777.6535662687,0.015,756047.4521027479,92791.10614265074,0.07,0.03,Gompertz-Makeham,0.0002,1e-05,1.1,0.5,0.5,57.20191649555099,0.318394710850911,PIPELINE_06_RETIREMENT_SUMMARY,19.06091718001369,16.452699135693468,1.2459689886909984,1526664.1518332306,115614.84068007763,1642278.9925133083,0.27537102878754155,133852.84291471404,10136.725284062748,143989.5681987768,53996.088074541294,OK,False
E05275,PEN_DB_01,31.104722792607802,8.657084188911705,60.0,28.895277207392198,37.5523613963039,pensionable_salary_annual,pensionable_salary_annual,553000.0,0.06,2978140.0916691544,0.015,1677542.8951677259,386730.1424992964,0.07,0.03,Gompertz-Makeham,0.0002,1e-05,1.1,0.5,0.0,,0.23093991299267222,PIPELINE_06_RETIREMENT_SUMMARY,28.895277207392198,16.452696014800427,0.0,6362753.474301375,0.0,6362753.474301375,0.14156229617511842,208013.58218076004,0.0,208013.58218076004,24028.134374295572,OK,False
E05282,PEN_DB_01,56.72826830937714,6.242299794661191,60.0,3.2717316906228575,9.514031485284049,pensionable_salary_annual,pensionable_salary_annual,2105000.0,0.06,2547100.6197559587,0.015,363497.9323881705,238496.48513526018,0.07,0.03,Gompertz-Makeham,0.0002,1e-05,1.1,0.5,0.0,,0.8081783118672797,PIPELINE_06_RETIREMENT_SUMMARY,3.2717316906228575,16.452696014800427,0.0,3923910.1705288044,0.0,3923910.1705288044,0.801427357396813,2541501.741065239,0.0,2541501.741065239,407141.8907561748,OK,False
E05292,PEN_DB_01,33.69472963723477,9.650924024640657,60.0,26.305270362765228,35.95619438740589,pensionable_salary_annual,pensionable_salary_annual,726000.0,0.06,3362128.036813422,0.015,1813339.938705161,486714.6336660087,0.07,0.03,Gompertz-Makeham,0.0002,1e-05,1.1,0.5,0.0,,0.2632450709980302,PIPELINE_06_RETIREMENT_SUMMARY,26.305270362765228,16.452696014800427,0.0,8007767.913661791,0.0,8007767.913661791,0.16867541358918742,355568.6882540718,0.0,355568.6882540718,36842.9683361134,OK,False
E05303,PEN_DB_01,35.05270362765229,2.458590006844627,60.0,24.947296372347708,27.405886379192335,pensionable_salary_annual,pensionable_salary_annual,1861000.0,0.06,7962680.56784902,0.015,3273364.783744094,293654.50307714246,0.07,0.03,Gompertz-Makeham,0.0002,1e-05,1.1,0.5,0.0,,0.23766147510757088,PIPELINE_06_RETIREMENT_SUMMARY,24.947296372347708,16.452696014800427,0.0,4831408.272505501,0.0,4831408.272505501,0.18490735638549666,212317.95205633232,0.0,212317.95205633232,86357.60800509507,REVIEW_SPOUSE_DOB_MISSING,True
E05308,PEN_DB_02,53.831622176591374,5.363449691991787,60.0,6.168377823408626,11.531827515400412,pensionable_salary_annual,pensionable_salary_annual,580000.0,0.065,855324.097163464,0.02,197268.99916509297,91749.75530969068,0.068,0.03,Gompertz-Makeham,0.0002,1e-05,1.1,0.67,0.67,62.209445585215605,0.6735125781992896,PIPELINE_06_RETIREMENT_SUMMARY,6.168377823408626,16.87779941727805,1.3441719851230887,1548533.966701301,123327.45072918457,1671861.4174304856,0.6664410170778454,695069.3933863577,55356.3164964499,750425.7098828076,139914.74759300431,OK,False
E05310,PEN_DB_01,24.49828884325804,6.275154004106776,60.0,35.50171115674196,41.776865160848736,pensionable_salary_annual,pensionable_salary_annual,428000.0,0.06,3387234.68794179,0.015,2122620.702394406,318831.28972330934,0.07,0.03,Gompertz-Makeham,0.0002,1e-05,1.1,0.5,0.0,,0.16509838122441645,PIPELINE_06_RETIREMENT_SUMMARY,35.50171115674196,16.452696014800427,0.0,5245634.289824372,0.0,5245634.289824372,0.09053689829772153,78409.09415512583,0.0,78409.09415512583,12495.166509668285,OK,False
E05311,PEN_DB_01,35.08829568788501,2.1711156741957565,60.0,24.911704312114992,27.08281998631075,pensionable_salary_annual,pensionable_salary_annual,664000.0,0.06,2835177.8822373063,0.015,1151769.1832070404,92332.48708887819,0.07,0.03,Gompertz-Makeham,0.0002,1e-05,1.1,0.5,0.0,,0.23554284493173247,PIPELINE_06_RETIREMENT_SUMMARY,24.911704312114992,16.452696014800427,0.0,1519118.342363798,0.0,1519118.342363798,0.18535317033662238,66322.59989888138,0.0,66322.59989888138,30547.704430096375,OK,False
E05314,PEN_DB_01,46.76249144421629,12.224503764544833,60.0,13.237508555783712,25.462012320328547,pensionable_salary_annual,pensionable_salary_annual,1796000.0,0.06,3884122.6946945707,0.015,1483463.698589713,712222.0875487169,0.07,0.03,Gompertz-Makeham,0.0002,1e-05,1.1,0.5,0.5,60.314852840520196,0.49662054341454265,PIPELINE_06_RETIREMENT_SUMMARY,13.237508555783712,16.452696014800427,1.0631573288967062,11717973.501465617,757204.13217953,12475177.633645147,0.40834946552449625,2376343.3130594916,153557.01016910354,2529900.3232285953,206953.21233129772,OK,False
E05321,PEN_DB_01,51.12936344969199,12.947296372347708,60.0,8.870636550308006,21.817932922655714,pensionable_salary_annual,pensionable_salary_annual,2750000.0,0.06,4611177.363704702,0.015,1509095.376236664,895534.1993001862,0.07,0.03,Gompertz-Makeham,0.0002,1e-05,1.1,0.5,0.5,58.757015742642025,0.6194897753902171,PIPELINE_06_RETIREMENT_SUMMARY,8.870636550308006,16.452698921686956,1.1533021055053816,14733954.555159966,1032821.4776049808,15766776.032764947,0.5487154487677297,5008419.02359053,351080.4052669013,5359499.428857432,413947.3813470452,OK,False
E05366,PEN_DB_02,34.49144421629021,11.186858316221766,60.0,25.508555783709788,36.695414099931554,pensionable_salary_annual,pensionable_salary_annual,529000.0,0.065,2636966.834346312,0.02,1935291.7990824708,589987.4872081606,0.068,0.03,Gompertz-Makeham,0.0002,1e-05,1.1,0.67,0.0,,0.2790240748726286,PIPELINE_06_RETIREMENT_SUMMARY,25.508555783709788,16.87779941727805,0.0,9957690.467803234,0.0,9957690.467803234,0.18671904045697688,518786.7863788935,0.0,518786.7863788935,46374.663173003144,REVIEW_SPOUSE_DOB_MISSING,True
E05372,PEN_DB_02,43.50992470910335,5.839835728952772,60.0,16.490075290896648,22.32991101984942,pensionable_salary_annual,pensionable_salary_annual,1273000.0,0.065,3596048.124030372,0.02,1605988.6926538928,420006.6063549231,0.068,0.03,Gompertz-Makeham,0.0002,1e-05,1.1,0.67,0.67,64.02737850787133,0.390281945363577,PIPELINE_06_RETIREMENT_SUMMARY,16.490075290896648,16.87779941727805,1.2069762305656404,7088787.2559900535,506937.99055093183,7595725.246540985,0.3379542341162781,934992.8629520825,66863.82113158687,1001856.6840836694,171555.62768943285,OK,False
E05380,PEN_DB_01,34.09993155373032,2.861054072553046,60.0,25.900068446269678,28.761122518822724,pensionable_salary_annual,pensionable_salary_annual,906000.0,0.06,4097810.2093956117,0.015,1767864.3223696467,175860.84882211147,0.07,0.03,Gompertz-Makeham,0.0002,1e-05,1.1,0.5,0.5,54.21218343600274,0.23045558672924937,PIPELINE_06_RETIREMENT_SUMMARY,25.900068446269678,16.452699207825372,1.4299620354615314,2893385.648103051,251474.3373396592,3144859.98544271,0.17336369179253913,115598.3700351445,10047.061483556969,125645.43151870147,43915.783600196846,OK,False
E05384,PEN_DB_02,43.77275838466804,7.885010266940451,60.0,16.227241615331963,24.112251882272414,pensionable_salary_annual,pensionable_salary_annual,3179000.0,0.065,8832816.768686851,0.02,4259582.055130738,1392937.0181419922,0.068,0.03,Gompertz-Makeham,0.0002,1e-05,1.1,0.67,0.0,,0.40869502803801006,PIPELINE_06_RETIREMENT_SUMMARY,16.227241615331963,16.87779941727805,0.0,23509711.59310194,0.0,23509711.59310194,0.3438486941218477,3303802.177507885,0.0,3303802.177507885,418997.82824123435,REVIEW_SPOUSE_DOB_MISSING,True
E05396,PEN_DB_01,44.2217659137577,11.550992470910336,60.0,15.7782340862423,27.329226557152637,pensionable_salary_annual,pensionable_salary_annual,1350000.0,0.06,3385444.000354498,0.015,1387823.4912336182,586578.5723817506,0.07,0.03,Gompertz-Makeham,0.0002,1e-05,1.1,0.5,0.0,,0.43688229721221006,PIPELINE_06_RETIREMENT_SUMMARY,15.7782340862423,16.452696014800427,0.0,9650798.940192552,0.0,9650798.940192552,0.3438554224326644,1449784.9674797407,0.0,1449784.9674797407,125511.72300828995,REVIEW_SPOUSE_DOB_MISSING,True
E05407,PEN_DB_01,49.659137577002056,4.722792607802875,60.0,10.340862422997944,15.063655030800819,pensionable_salary_annual,pensionable_salary_annual,2591000.0,0.06,4733167.613190028,0.015,1069482.0619208019,335306.53522598755,0.07,0.03,Gompertz-Makeham,0.0002,1e-05,1.1,0.5,0.5,61.12251882272416,0.5268924081141534,PIPELINE_06_RETIREMENT_SUMMARY,10.340862422997944,16.452696014800427,1.0176209890022834,5516696.495849145,341214.96799559845,5857911.463844743,0.49675974730252737,1443934.2904243334,89309.2438682454,1533243.5342925787,324647.6526958634,OK,False
E05420,PEN_DB_01,42.93771389459275,1.111567419575633,60.0,17.062286105407253,18.173853524982885,pensionable_salary_annual,pensionable_salary_annual,2953000.0,0.06,7980670.1307690125,0.015,2175592.9498170307,133065.79355614862,0.07,0.03,Gompertz-Makeham,0.0002,1e-05,1.1,0.5,0.0,,0.9713427987608095,REVIEW_DB_MORTALITY_ONLY_FALLBACK,17.062286105407253,16.452696014800427,0.0,2189291.051347503,0.0,2189291.051347503,0.3152430918043715,670380.8579785101,0.0,670380.8579785101,603095.0945237704,REVIEW_DB_MORTALITY_ONLY_FALLBACK,True
E05422,PEN_DB_01,38.41204654346338,1.3032169746748803,60.0,21.587953456536617,22.8911704312115,pensionable_salary_annual,pensionable_salary_annual,1680000.0,0.06,5910321.74053335,0.015,2029412.7339876525,115536.47427079566,0.07,0.03,Gompertz-Makeham,0.0002,1e-05,1.1,0.5,0.0,,0.2665777548708382,PIPELINE_06_RETIREMENT_SUMMARY,21.587953456536617,16.452696014800427,0.0,1900886.489799212,0.0,1900886.489799212,0.2320942466643713,117610.05822406764,0.0,117610.05822406764,90245.95329063173,OK,False
E05426,PEN_DB_01,29.399041752224505,2.5845311430527036,60.0,30.600958247775495,33.185489390828195,pensionable_salary_annual,pensionable_salary_annual,488000.0,0.06,2902709.326926651,0.015,1444917.4436007363,112532.13982007222,0.07,0.03,Gompertz-Makeham,0.0002,1e-05,1.1,0.5,0.5,62.25325119780972,0.1839373662366684,PIPELINE_06_RETIREMENT_SUMMARY,30.600958247775495,16.452696014800427,0.9553759678938546,1851457.0883546667,107510.50199976806,1958967.5903544347,0.12613286076614905,42954.81572535798,2494.3023691922162,45449.11809455019,17585.053372917857,OK,False
E05438,PEN_DB_01,39.6933607118412,11.58384668035592,60.0,20.3066392881588,31.890485968514717,pensionable_salary_annual,pensionable_salary_annual,444000.0,0.06,1449639.6125021044,0.015,693445.6758285221,251886.04519492417,0.07,0.03,Gompertz-Makeham,0.0002,1e-05,1.1,0.5,0.0,,0.35410526542639464,PIPELINE_06_RETIREMENT_SUMMARY,20.3066392881588,16.452696014800427,0.0,4144204.531962369,0.0,4144204.531962369,0.25311286847503056,371439.248134365,0.0,371439.248134365,32065.276620438864,OK,False
E05444,PEN_DB_01,29.987679671457904,0.6844626967830253,60.0,30.012320328542096,30.69678302532512,pensionable_salary_annual,pensionable_salary_annual,982000.0,0.06,5644158.77468605,0.015,2598862.7590053384,57948.24203989784,0.07,0.03,Gompertz-Makeham,0.0002,1e-05,1.1,0.5,0.5,57.48939082819986,0.1725513694083129,PIPELINE_06_RETIREMENT_SUMMARY,30.012320328542096,16.452699135693468,1.2286573238238656,953404.9917247831,71198.53198503851,1024603.5237098216,0.1312576582039062,21593.372832484805,1612.5533845771317,23205.926217061937,33903.858203127485,OK,False
E05448,PEN_DB_01,40.3586584531143,1.051334702258727,60.0,19.641341546885698,20.692676249144426,pensionable_salary_annual,pensionable_salary_annual,1302000.0,0.06,4089329.7029458317,0.015,1269287.6342860206,64488.81338526486,0.07,0.03,Gompertz-Makeham,0.0002,1e-05,1.1,0.5,0.5,57.541409993155376,0.2901265223633332,PIPELINE_06_RETIREMENT_SUMMARY,19.641341546885698,16.452699135693468,1.2255330893016834,1061015.0442456445,79033.17469344339,1140048.2189390878,0.2647665927269543,81502.73087972455,6070.997393057385,87573.72827278194,83297.66732196251,OK,False
E05450,PEN_DB_01,49.47022587268994,1.212867898699521,60.0,10.529774127310063,11.742642026009584,pensionable_salary_annual,pensionable_salary_annual,367000.0,0.06,677846.1123513426,0.015,119395.56369096134,12332.066848938182,0.07,0.03,Gompertz-Makeham,0.0002,1e-05,1.1,0.5,0.0,,0.4771920239305787,PIPELINE_06_RETIREMENT_SUMMARY,10.529774127310063,16.452696014800427,0.0,202895.74709977768,0.0,202895.74709977768,0.4904508120796753,47485.56151090556,0.0,47485.56151090556,39151.47029764844,REVIEW_SPOUSE_DOB_MISSING,True
E05461,PEN_DB_01,39.846680355920604,5.286789869952088,60.0,20.153319644079396,25.440109514031484,pensionable_salary_annual,pensionable_salary_annual,731000.0,0.06,2365454.3354391684,0.015,902661.2601601951,187584.90027651066,0.07,0.03,Gompertz-Makeham,0.0002,1e-05,1.1,0.5,0.5,60.355920602327174,0.32278449999513337,PIPELINE_06_RETIREMENT_SUMMARY,20.153319644079396,16.452696014800427,1.060821290760081,3086277.341216082,198994.0560384291,3285271.3972545112,0.2557521751044852,254780.95326066323,16427.524063893616,271208.47732455685,51299.27309310948,OK,False
E05462,PEN_DB_01,47.84394250513347,7.170431211498974,60.0,12.15605749486653,19.326488706365502,pensionable_salary_annual,pensionable_salary_annual,1206000.0,0.06,2448876.371853009,0.015,709922.7231585375,263392.49354755774,0.07,0.03,Gompertz-Makeham,0.0002,1e-05,1.1,0.5,0.5,54.365503080082135,0.496250826878195,PIPELINE_06_RETIREMENT_SUMMARY,12.15605749486653,16.452699207825372,1.420380724667259,4333517.469937053,374117.6208569964,4707635.090794049,0.43934846059394417,944823.9731401822,81567.75631159372,1026391.7294517759,143142.26009250138,OK,False
E05463,PEN_DB_02,37.738535249828885,16.027378507871322,60.0,22.261464750171115,38.288843258042434,pensionable_salary_annual,pensionable_salary_annual,1078000.0,0.065,4379868.688599542,0.02,3354002.1141719143,1403956.2657391771,0.068,0.03,Gompertz-Makeham,0.0002,1e-05,1.1,0.67,0.0,,0.3406461531624672,PIPELINE_06_RETIREMENT_SUMMARY,22.261464750171115,16.87779941727805,0.0,23695692.243776552,0.0,23695692.243776552,0.23118628451394618,1866100.1805481454,0.0,1866100.1805481454,116432.0278348497,OK,False
E05484,PEN_DB_01,36.42984257357974,6.1738535249828885,60.0,23.57015742642026,29.744010951403148,pensionable_salary_annual,pensionable_salary_annual,686000.0,0.06,2708864.887087226,0.015,1208587.6030109082,250862.02547768762,0.07,0.03,Gompertz-Makeham,0.0002,1e-05,1.1,0.5,0.0,,0.27988382942970624,PIPELINE_06_RETIREMENT_SUMMARY,23.57015742642026,16.452696014800427,0.0,4127356.6468415144,0.0,4127356.6468415144,0.20296433687622512,234460.4205582438,0.0,234460.4205582438,37976.3497156978,OK,False
E05494,PEN_DB_01,30.869267624914443,3.789185489390828,60.0,29.130732375085557,32.91991786447639,pensionable_salary_annual,pensionable_salary_annual,335000.0,0.06,1829039.9673463013,0.015,903177.6824382722,103958.57555676719,0.07,0.03,Gompertz-Makeham,0.0002,1e-05,1.1,0.5,0.0,,0.204567795485417,PIPELINE_06_RETIREMENT_SUMMARY,29.130732375085557,16.452696014800427,0.0,1710398.8417671525,0.0,1710398.8417671525,0.13932499498093473,48748.77365711173,0.0,48748.77365711173,12865.238134580968,OK,False
E05517,PEN_DB_01,34.954140999315534,15.468856947296372,60.0,25.045859000684466,40.51471594798084,pensionable_salary_annual,pensionable_salary_annual,952000.0,0.06,4096793.574747631,0.015,2489706.419676199,950590.7062556105,0.07,0.03,Gompertz-Makeham,0.0002,1e-05,1.1,0.5,0.0,,0.30017496988151837,PIPELINE_06_RETIREMENT_SUMMARY,25.045859000684466,16.452696014800427,0.0,15639779.924518006,0.0,15639779.924518006,0.18367838288819524,862309.4797176938,0.0,862309.4797176938,55744.87388794471,OK,False
E05529,PEN_DB_02,43.19233401779603,4.922655715263518,60.0,16.80766598220397,21.730321697467488,pensionable_salary_annual,pensionable_salary_annual,1544000.0,0.065,4449696.275728629,0.02,1933866.630552122,438086.45605804655,0.068,0.03,Gompertz-Makeham,0.0002,1e-05,1.1,0.67,0.0,,0.37738236638768996,PIPELINE_06_RETIREMENT_SUMMARY,16.80766598220397,16.87779941727805,0.0,7393935.332773905,0.0,7393935.332773905,0.33096641676178795,923509.1003565142,0.0,923509.1003565142,187603.83698844092,OK,False
E05537,PEN_DB_01,50.06160164271047,2.8856947296372346,60.0,9.938398357289529,12.824093086926764,pensionable_salary_annual,pensionable_salary_annual,1687000.0,0.06,3010335.168865543,0.015,579072.2764257168,130303.62496855367,0.07,0.03,Gompertz-Makeham,0.0002,1e-05,1.1,0.5,0.5,64.66803559206024,0.5195682946174086,PIPELINE_06_RETIREMENT_SUMMARY,9.938398357289529,16.452696014800427,0.8288880545791607,2143845.9312341725,108007.118204797,2251853.0494389697,0.5104724544331442,568602.1858372001,28646.220608712334,597248.4064459124,206968.67215784587,OK,False
E05547,PEN_DB_02,41.37713894592745,9.08145106091718,60.0,18.62286105407255,27.704312114989733,pensionable_salary_annual,pensionable_salary_annual,653000.0,0.065,2109799.2166723004,0.02,1169010.7199730054,383200.76669141796,0.068,0.03,Gompertz-Makeham,0.0002,1e-05,1.1,0.67,0.0,,0.37059436298129445,PIPELINE_06_RETIREMENT_SUMMARY,18.62286105407255,16.87779941727805,0.0,6467585.676764917,0.0,6467585.676764917,0.2937118920588725,703983.5816614231,0.0,703983.5816614231,77518.8432926846,OK,False
E05554,PEN_DB_01,27.41409993155373,9.210130047912388,60.0,32.58590006844627,41.79603011635866,pensionable_salary_annual,pensionable_salary_annual,541000.0,0.06,3612531.6588284927,0.015,2264842.230130422,499078.29570016626,0.07,0.03,Gompertz-Makeham,0.0002,1e-05,1.1,0.5,0.0,,0.19881002935376282,PIPELINE_06_RETIREMENT_SUMMARY,32.58590006844627,16.452696014800427,0.0,8211183.486739514,0.0,8211183.486739514,0.1102816249759361,180030.9623968328,0.0,180030.9623968328,19547.059754887985,OK,False
E05560,PEN_DB_01,33.43189596167009,7.189596167008898,60.0,26.568104038329913,33.757700205338814,pensionable_salary_annual,pensionable_salary_annual,857000.0,0.06,4030043.0281154565,0.015,2040674.765366061,434615.72861729725,0.07,0.03,Gompertz-Makeham,0.0002,1e-05,1.1,0.5,0.5,60.876112251882276,0.24913317969967264,PIPELINE_06_RETIREMENT_SUMMARY,26.568104038329913,16.452696014800427,1.031421562346785,7150600.4661913905,448272.0338309391,7598872.500022329,0.16570237661975182,295190.8022144379,18505.54815675962,313696.35037119756,43631.98475745617,OK,False
E05561,PEN_DB_01,32.17522245037645,3.134839151266256,60.0,27.824777549623548,30.959616700889804,pensionable_salary_annual,pensionable_salary_annual,845000.0,0.06,4275498.718933168,0.015,1985517.023149744,201045.01162950625,0.07,0.03,Gompertz-Makeham,0.0002,1e-05,1.1,0.5,0.0,,0.21273240740048294,PIPELINE_06_RETIREMENT_SUMMARY,27.824777549623548,16.452696014800427,0.0,3307732.461632283,0.0,3307732.461632283,0.15219588920390448,107094.4469865353,0.0,107094.4469865353,34162.66092736421,OK,False
E05571,PEN_DB_01,37.84531143052703,2.324435318275154,60.0,22.154688569472967,24.47912388774812,pensionable_salary_annual,pensionable_salary_annual,767000.0,0.06,2788938.437714961,0.015,1024061.5429819083,97240.60507679678,0.07,0.03,Gompertz-Makeham,0.0002,1e-05,1.1,0.5,0.5,59.33196440793977,0.27032458152150135,PIPELINE_06_RETIREMENT_SUMMARY,22.154688569472967,16.452698200221736,1.1196960605723039,1599870.328135487,108879.92243215653,1708750.2505676434,0.2233631658018402,96601.05725726092,6574.230071066208,103175.28732832713,44387.248170402236,OK,False
E05574,PEN_DB_01,55.58932238193019,12.120465434633813,60.0,4.410677618069812,16.531143052703626,pensionable_salary_annual,pensionable_salary_annual,2888000.0,0.06,3734334.375264347,0.015,925992.2364618531,678928.0607513455,0.07,0.03,Gompertz-Makeham,0.0002,1e-05,1.1,0.5,0.5,57.22655715263518,0.7787926636590047,PIPELINE_06_RETIREMENT_SUMMARY,4.410677618069812,16.452699135693468,1.244482111179648,11170199.118321704,844913.8263829388,12015112.944704643,0.7419892776747291,6454764.414326568,488238.36011694104,6943002.774443509,572833.0163463952,OK,False
E05576,PEN_DB_01,46.90485968514716,8.566735112936344,60.0,13.095140314852841,21.661875427789184,pensionable_salary_annual,pensionable_salary_annual,949000.0,0.06,2035401.3998037395,0.015,661359.1735214449,261551.1696092772,0.07,0.03,Gompertz-Makeham,0.0002,1e-05,1.1,0.5,0.5,57.21834360027378,0.4815330476225387,PIPELINE_06_RETIREMENT_SUMMARY,13.095140314852841,16.452699135693468,1.2449776748543782,4303222.702170171,325625.366995601,4628848.069165772,0.4123018734918997,854348.8295858967,64648.67622023632,918997.505806133,107275.1163297188,OK,False
E05578,PEN_DB_01,33.64271047227926,10.433949349760438,60.0,26.357289527720738,36.79123887748118,pensionable_salary_annual,pensionable_salary_annual,607000.0,0.06,2819568.8803806547,0.015,1556031.4831439522,441288.5832907875,0.07,0.03,Gompertz-Makeham,0.0002,1e-05,1.1,0.5,0.5,57.46475017111567,0.2658480021883795,PIPELINE_06_RETIREMENT_SUMMARY,26.357289527720738,16.452699135693468,1.2301381280985193,7260388.292899734,542845.9118005768,7803234.204700312,0.16808279612932073,324426.6431809382,24256.784875016452,348683.42805595463,33418.163762119504,OK,False
E05583,PEN_DB_02,32.98562628336756,4.394250513347022,60.0,27.01437371663244,31.408624229979463,pensionable_salary_annual,pensionable_salary_annual,1784000.0,0.065,9777489.887976892,0.02,6141950.116077804,859294.7991897556,0.068,0.03,Gompertz-Makeham,0.0002,1e-05,1.1,0.67,0.0,,0.22910903311991615,PIPELINE_06_RETIREMENT_SUMMARY,27.01437371663244,16.87779941727805,0.0,14503005.261034917,0.0,14503005.261034917,0.16910852525799827,561908.6520630349,0.0,561908.6520630349,127873.60446481218,OK,False
E05585,PEN_DB_01,35.05544147843943,16.1533196440794,60.0,24.944558521560573,41.09787816563997,pensionable_salary_annual,pensionable_salary_annual,626000.0,0.06,2678045.6161950496,0.015,1650929.8868461556,648889.9028973632,0.07,0.03,Gompertz-Makeham,0.0002,1e-05,1.1,0.5,0.0,,0.30369623991081235,PIPELINE_06_RETIREMENT_SUMMARY,24.944558521560573,16.452696014800427,0.0,10675988.319443684,0.0,10675988.319443684,0.18494161166440995,599628.3293205977,0.0,599628.3293205977,37121.05886175395,OK,False
E05602,PEN_DB_02,48.61875427789185,21.149897330595483,60.0,11.381245722108147,32.53114305270363,pensionable_salary_annual,pensionable_salary_annual,760000.0,0.065,1556274.490313066,0.02,1012547.7614729555,658300.9137669232,0.068,0.03,Gompertz-Makeham,0.0002,1e-05,1.1,0.67,0.67,61.01574264202601,0.5745539795397412,PIPELINE_06_RETIREMENT_SUMMARY,11.381245722108147,16.87779941727805,1.4382497700873484,11110670.778768986,946801.1378735688,12057471.916642556,0.47295906358602574,3019219.3676720667,257284.22610309313,3276503.5937751597,154918.17962801,OK,False
E05604,PEN_DB_02,43.4113620807666,4.446269678302532,60.0,16.5886379192334,21.03490759753593,pensionable_salary_annual,pensionable_salary_annual,1583000.0,0.065,4499597.3825252,0.02,1892972.3033506426,400128.4681298248,0.068,0.03,Gompertz-Makeham,0.0002,1e-05,1.1,0.67,0.67,63.214236824093085,0.3776973487598748,PIPELINE_06_RETIREMENT_SUMMARY,16.5886379192334,16.87779941727805,1.267400560254344,6753288.026237916,507123.0446814524,7260411.070919368,0.335769956320504,856448.08608243,64313.0515592233,920761.1376416533,207086.21029779178,OK,False
E05614,PEN_DB_01,34.1409993155373,11.066392881587953,60.0,25.8590006844627,36.92539356605065,pensionable_salary_annual,pensionable_salary_annual,348000.0,0.06,1570231.3039308856,0.015,869721.1333107126,260651.94786400982,0.07,0.03,Gompertz-Makeham,0.0002,1e-05,1.1,0.5,0.5,59.09103353867214,0.27428081348827715,PIPELINE_06_RETIREMENT_SUMMARY,25.8590006844627,16.452698200221736,1.133732062276258,4288427.8335064845,295509.4703881875,4583937.303894672,0.1738460681370905,204483.56479824128,14090.671985777168,218574.23678401846,19751.172683167424,OK,False
E05615,PEN_DB_01,29.963039014373717,6.5160848733744015,60.0,30.036960985626283,36.55304585900068,pensionable_salary_annual,pensionable_salary_annual,504000.0,0.06,2900960.5581121924,0.015,1590584.1647374076,283543.57816455927,0.07,0.03,Gompertz-Makeham,0.0002,1e-05,1.1,0.5,0.0,,0.21051405508534582,PIPELINE_06_RETIREMENT_SUMMARY,30.036960985626283,16.452696014800427,0.0,4665056.298490298,0.0,4665056.298490298,0.1310390138398088,128688.16326450476,0.0,128688.16326450476,19749.307408554774,OK,False
E05619,PEN_DB_02,39.80287474332649,6.587268993839836,60.0,20.19712525667351,26.784394250513344,pensionable_salary_annual,pensionable_salary_annual,870000.0,0.065,3103864.162688443,0.02,1662702.4286697349,408919.7631993645,0.068,0.03,Gompertz-Makeham,0.0002,1e-05,1.1,0.67,0.0,,0.330497602433017,PIPELINE_06_RETIREMENT_SUMMARY,20.19712525667351,16.87779941727805,0.0,6901665.741039713,0.0,6901665.741039713,0.2648151520034222,604039.1194360774,0.0,604039.1194360774,91697.9585926963,OK,False
E05640,PEN_DB_01,20.503764544832308,2.5023956194387407,60.0,39.49623545516769,41.998631074606436,pensionable_salary_annual,pensionable_salary_annual,512000.0,0.06,5113948.779294007,0.015,3221682.721740044,191956.8453500913,0.07,0.03,Gompertz-Makeham,0.0002,1e-05,1.1,0.5,0.0,,0.12403198721061769,PIPELINE_06_RETIREMENT_SUMMARY,39.49623545516769,16.452696014800427,0.0,3158207.6245051087,0.0,3158207.6245051087,0.0690957599819138,27066.10595279481,0.0,27066.10595279481,10816.077898532061,OK,False
E05648,PEN_DB_01,43.27173169062286,4.205338809034908,60.0,16.728268309377142,20.93360711841205,pensionable_salary_annual,pensionable_salary_annual,2226000.0,0.06,5899951.803887409,0.015,1852609.096202182,372169.44438484847,0.07,0.03,Gompertz-Makeham,0.0002,1e-05,1.1,0.5,0.0,,0.3730267519452689,PIPELINE_06_RETIREMENT_SUMMARY,16.728268309377142,16.452696014800427,0.0,6123190.734461086,0.0,6123190.734461086,0.3224484420562607,736508.9850490155,0.0,736508.9850490155,175136.65806585475,REVIEW_SPOUSE_DOB_MISSING,True
E05651,PEN_DB_02,42.677618069815196,8.698151950718685,60.0,17.322381930184804,26.02053388090349,pensionable_salary_annual,pensionable_salary_annual,1067000.0,0.065,3176323.8160108533,0.02,1652992.8294246213,552562.9439269805,0.068,0.03,Gompertz-Makeham,0.0002,1e-05,1.1,0.67,0.0,,0.39212052620833393,PIPELINE_06_RETIREMENT_SUMMARY,17.322381930184804,16.87779941727805,0.0,9326046.533020236,0.0,9326046.533020236,0.3199468572980732,1170024.6283027295,0.0,1170024.6283027295,134514.16288560652,OK,False
E05657,PEN_DB_01,41.61533196440794,4.20807665982204,60.0,18.384668035592057,22.592744695414098,pensionable_salary_annual,pensionable_salary_annual,3697000.0,0.06,10791688.047770362,0.015,3657207.7934374134,681183.7589085441,0.07,0.03,Gompertz-Makeham,0.0002,1e-05,1.1,0.5,0.0,,0.3434354299404919,PIPELINE_06_RETIREMENT_SUMMARY,18.384668035592057,16.452696014800427,0.0,11207309.315541377,0.0,11207309.315541377,0.2882630660647615,1109520.820746543,0.0,1109520.820746543,263664.5932190467,REVIEW_SPOUSE_DOB_MISSING,True
E05658,PEN_DB_02,44.19164955509925,6.395619438740589,60.0,15.808350444900753,22.203969883641342,pensionable_salary_annual,pensionable_salary_annual,1788000.0,0.065,4838599.750348772,0.02,2148722.462714773,618916.8523923194,0.068,0.03,Gompertz-Makeham,0.0002,1e-05,1.1,0.67,0.67,59.08829568788501,0.4076708367049364,PIPELINE_06_RETIREMENT_SUMMARY,15.808350444900753,16.87780186690075,1.5961918053169857,10445956.006763423,987910.0079612025,11433866.014724625,0.3534562168733694,1505197.4086464257,142351.69887718148,1647549.107523607,257605.86965881745,OK,False
E05662,PEN_DB_01,40.29295003422313,22.069815195071868,60.0,19.707049965776868,41.776865160848736,pensionable_salary_annual,pensionable_salary_annual,1571000.0,0.06,4953134.671512663,0.015,3103896.5894296397,1639721.5025488122,0.07,0.03,Gompertz-Makeham,0.0002,1e-05,1.1,0.5,0.5,54.11362080766599,0.39985909385383833,PIPELINE_06_RETIREMENT_SUMMARY,19.707049965776868,16.452699207825372,1.436128088838388,26977844.666039072,2354850.1076826355,29332694.773721706,0.2635921211831761,2843456.9158276916,248200.51072711873,3091657.4265548103,140085.33371159216,OK,False
E05670,PEN_DB_02,54.90759753593429,1.3032169746748803,60.0,5.092402464065707,6.395619438740587,pensionable_salary_annual,pensionable_salary_annual,3660000.0,0.065,5043781.860463908,0.02,645162.1862310027,131462.8427422763,0.068,0.03,Gompertz-Makeham,0.0002,1e-05,1.1,0.67,0.67,58.078028747433265,0.6712525959131855,PIPELINE_06_RETIREMENT_SUMMARY,5.092402464065707,16.87780267710021,1.681652219306805,2218803.9191747946,221074.78125393044,2439878.700428725,0.7153254593010538,1065389.9236436975,106152.16706813345,1171542.0907118309,898961.6567909584,OK,False
E05682,PEN_DB_01,42.362765229295,4.459958932238193,60.0,17.637234770705,22.097193702943194,pensionable_salary_annual,pensionable_salary_annual,1522000.0,0.06,4253438.317980516,0.015,1409835.756239045,284552.4032850209,0.07,0.03,Gompertz-Makeham,0.0002,1e-05,1.1,0.5,0.5,58.68856947296373,0.35849349364172056,PIPELINE_06_RETIREMENT_SUMMARY,17.637234770705,16.452698921686956,1.1573275713437514,4681655.018690895,329320.34181388095,5010975.360504776,0.30321551144555675,508899.5897904561,35797.380667659556,544696.9704581157,122130.49015336204,OK,False
E05689,PEN_DB_01,45.75496235455168,22.261464750171115,60.0,14.24503764544832,36.506502395619435,pensionable_salary_annual,pensionable_salary_annual,1148000.0,0.06,2632842.5701810513,0.015,1441738.1039340508,879163.9810325309,0.07,0.03,Gompertz-Makeham,0.0002,1e-05,1.1,0.5,0.5,60.8021902806297,0.5078678770418771,PIPELINE_06_RETIREMENT_SUMMARY,14.24503764544832,16.452696014800427,1.0355776611854328,14464617.72709,910442.5792761425,15375060.306366142,0.38144065607567046,2802106.8097374174,176372.262260803,2978479.0719982204,133795.287301359,OK,False
E05699,PEN_DB_02,56.98562628336756,0.8049281314168378,60.0,3.0143737166324414,3.819301848049279,pensionable_salary_annual,pensionable_salary_annual,1811000.0,0.065,2189577.8403950445,0.02,167253.17384537085,35249.05599321797,0.068,0.03,Gompertz-Makeham,0.0002,1e-05,1.1,0.67,0.67,56.911704312114985,0.7664502798166043,PIPELINE_06_RETIREMENT_SUMMARY,3.0143737166324414,16.877802981487697,1.7823203251563393,594926.622336961,62825.108939286256,657751.7312762472,0.8201165325505495,373958.1111593459,39490.515620275706,413448.6267796216,513646.63582060125,OK,False
E05700,PEN_DB_01,21.36892539356605,2.4175222450376452,60.0,38.63107460643395,41.04859685147159,pensionable_salary_annual,pensionable_salary_annual,1387483.0508474577,0.06,13177118.62473769,0.015,8113533.451363128,477839.66101204837,0.07,0.03,Gompertz-Makeham,0.0002,1e-05,1.1,0.5,0.0,,0.12829004835168628,PIPELINE_06_RETIREMENT_SUMMARY,38.63107460643395,16.452696014800427,0.0,7861750.686446515,0.0,7861750.686446515,0.07326104210666555,73889.9424157791,0.0,73889.9424157791,30564.32782260852,OK,False
E05714,PEN_DB_01,30.26694045174538,8.681724845995893,60.0,29.73305954825462,38.41478439425051,pensionable_salary_annual,pensionable_salary_annual,251000.0,0.06,1419366.4005068715,0.015,817869.8137787234,184838.22817278397,0.07,0.03,Gompertz-Makeham,0.0002,1e-05,1.1,0.5,0.0,,0.22273220750689193,PIPELINE_06_RETIREMENT_SUMMARY,29.73305954825462,16.452696014800427,0.0,3041087.180041135,0.0,3041087.180041135,0.13376127147769157,90602.93784976631,0.0,90602.93784976631,10436.052680424835,OK,False
E05723,PEN_DB_02,25.399041752224505,3.698836413415469,60.0,34.600958247775495,38.299794661190965,pensionable_salary_annual,pensionable_salary_annual,613000.0,0.065,5417302.801014234,0.02,4149631.6979267965,400754.3372577813,0.068,0.03,Gompertz-Makeham,0.0002,1e-05,1.1,0.67,0.67,60.194387405886374,0.15997421247902735,PIPELINE_06_RETIREMENT_SUMMARY,34.600958247775495,16.87779941727805,1.504685767038369,6763851.319841033,603009.3473506779,7366860.66719171,0.10266142270078488,111083.94940003795,9903.331203091395,120987.28060312934,32709.551621238334,OK,False
E05724,PEN_DB_01,45.36618754277892,13.44558521560575,60.0,14.633812457221083,28.079397672826833,pensionable_salary_annual,pensionable_salary_annual,1208000.0,0.06,2833924.1399859544,0.015,1193623.2435193409,571556.5277811508,0.07,0.03,Gompertz-Makeham,0.0002,1e-05,1.1,0.5,0.5,60.96098562628337,0.4696580926217388,PIPELINE_06_RETIREMENT_SUMMARY,14.633812457221083,16.452696014800427,1.0266587735581596,9403645.80685811,586793.5238309564,9990439.330689065,0.37153805913362037,1640897.2263665479,102393.03834708944,1743290.2647136373,129655.21669449321,OK,False
E05732,PEN_DB_01,53.4839151266256,7.770020533880904,60.0,6.516084873374403,14.286105407255306,pensionable_salary_annual,pensionable_salary_annual,3635000.0,0.06,5313731.1952528255,0.015,1138687.8594180387,619317.0074795695,0.07,0.03,Gompertz-Makeham,0.0002,1e-05,1.1,0.5,0.5,59.55099247091034,0.6758325379246408,PIPELINE_06_RETIREMENT_SUMMARY,6.516084873374403,16.452698200221736,1.1069951402148641,10189435.814325824,685580.9175322962,10875016.731858121,0.6434766774554832,4431207.076181437,298147.1269285459,4729354.203109982,608666.8860767869,OK,False
E05743,PEN_DB_02,50.42573579739904,3.40041067761807,60.0,9.574264202600958,12.974674880219027,pensionable_salary_annual,pensionable_salary_annual,1141000.0,0.065,2085153.4218334816,0.02,541083.7544733125,141807.55920148856,0.068,0.03,Gompertz-Makeham,0.0002,1e-05,1.1,0.67,0.0,,0.5365089414154656,PIPELINE_06_RETIREMENT_SUMMARY,9.574264202600958,16.87779941727805,0.0,2393399.5400565066,0.0,2393399.5400565066,0.532661463668543,683980.0673610917,0.0,683980.0673610917,201146.31208022436,REVIEW_SPOUSE_DOB_MISSING,True
E05754,PEN_DB_02,41.16084873374401,9.305954825462011,60.0,18.83915126625599,28.145106091718,pensionable_salary_annual,pensionable_salary_annual,3119000.0,0.065,10215479.87846185,0.02,5750315.299142386,1901295.885387643,0.068,0.03,Gompertz-Makeham,0.0002,1e-05,1.1,0.67,0.67,58.44216290212184,0.3679865343605443,PIPELINE_06_RETIREMENT_SUMMARY,18.83915126625599,16.87780267710021,1.6506541190271717,32089696.784355175,3138381.8847045265,35228078.6690597,0.2895621873724599,3419317.185602044,334410.23720062425,3753727.4228026685,403368.32632500003,OK,False
E05766,PEN_DB_01,28.73100616016427,2.187542778918549,60.0,31.26899383983573,33.45653661875428,pensionable_salary_annual,pensionable_salary_annual,1339000.0,0.06,8280747.117358565,0.015,4155676.787438262,271717.3284094248,0.07,0.03,Gompertz-Makeham,0.0002,1e-05,1.1,0.5,0.0,,0.1757616507824114,PIPELINE_06_RETIREMENT_SUMMARY,31.26899383983573,16.452696014800427,0.0,4470482.606273962,0.0,4470482.606273962,0.12055877780804514,94727.78206185241,0.0,94727.78206185241,43303.28210023979,OK,False
E05768,PEN_DB_01,52.8870636550308,4.101300479123887,60.0,7.112936344969199,11.214236824093087,pensionable_salary_annual,pensionable_salary_annual,1612000.0,0.06,2439855.1638395414,0.015,410416.7043567459,150098.68728672003,0.07,0.03,Gompertz-Makeham,0.0002,1e-05,1.1,0.5,0.5,56.94455852156057,0.626501216480955,PIPELINE_06_RETIREMENT_SUMMARY,7.112936344969199,16.45269919212516,1.2615326389130272,2469528.5510612656,189354.39307019717,2658882.944131463,0.6180093700285489,956161.0093274574,73314.91977316125,1029475.9291006187,251012.071497998,OK,False
E05776,PEN_DB_01,50.69952087611225,11.3347022587269,60.0,9.300479123887747,20.635181382614647,pensionable_salary_annual,pensionable_salary_annual,1098000.0,0.06,1887813.1707685685,0.015,584330.5079294743,320967.00316147326,0.07,0.03,Gompertz-Makeham,0.0002,1e-05,1.1,0.5,0.5,58.96783025325119,0.5993438908646088,PIPELINE_06_RETIREMENT_SUMMARY,9.300479123887747,16.452698921686956,1.1409364566677835,5280773.466811865,366202.95529432857,5646976.422106193,0.5329872119564293,1686904.1614779762,116980.8349314569,1803884.9964094332,159147.1002267018,OK,False
E05793,PEN_DB_01,37.034907597535934,16.268309377138944,60.0,22.965092402464066,39.233401779603014,pensionable_salary_annual,pensionable_salary_annual,1350000.0,0.06,5146183.910255049,0.015,3028534.5147414724,1255795.6794552566,0.07,0.03,Gompertz-Makeham,0.0002,1e-05,1.1,0.5,0.0,,0.33116051626756404,PIPELINE_06_RETIREMENT_SUMMARY,22.965092402464066,16.452696014800427,0.0,20661224.570777096,0.0,20661224.570777096,0.21144568668319272,1446749.8281773624,0.0,1446749.8281773624,88930.55784950884,OK,False
E05798,PEN_DB_02,39.75906913073238,10.710472279260781,60.0,20.240930869267622,30.951403148528403,pensionable_salary_annual,pensionable_salary_annual,965000.0,0.065,3452302.427320216,0.02,2137072.0843726234,739515.7889487576,0.068,0.03,Gompertz-Makeham,0.0002,1e-05,1.1,0.67,0.67,56.19164955509925,0.35131174642823815,PIPELINE_06_RETIREMENT_SUMMARY,20.240930869267622,16.877802981487697,1.8454273865872683,12481401.787576567,1364722.6897397276,13846124.477316296,0.2640530871729223,1157836.627788139,126598.4337213623,1284435.0615095014,119923.2889101087,OK,False
E05800,PEN_DB_01,34.25872689938399,14.157426420260096,60.0,25.741273100616013,39.89869952087611,pensionable_salary_annual,pensionable_salary_annual,310000.0,0.06,1389206.743058743,0.015,831413.1362051358,295013.8837107499,0.07,0.03,Gompertz-Makeham,0.0002,1e-05,1.1,0.5,0.0,,0.28700099393965595,PIPELINE_06_RETIREMENT_SUMMARY,25.741273100616013,16.452696014800427,0.0,4853773.748838652,0.0,4853773.748838652,0.1752363319240669,244110.8501230148,0.0,244110.8501230148,17242.600658950134,OK,False
E05805,PEN_DB_01,49.32511978097194,9.062286105407255,60.0,10.674880219028061,19.737166324435314,pensionable_salary_annual,pensionable_salary_annual,779000.0,0.06,1451023.807773171,0.015,429586.47352101794,197243.893376969,0.07,0.03,Gompertz-Makeham,0.0002,1e-05,1.1,0.5,0.0,,0.5475450131940773,PIPELINE_06_RETIREMENT_SUMMARY,10.674880219028061,16.452696014800427,0.0,3245193.8185069785,0.0,3245193.8185069785,0.4856592812945996,862962.9708399104,0.0,862962.9708399104,95225.74776413212,OK,False
E05822,PEN_DB_02,44.64613278576318,8.826830937713895,60.0,15.353867214236821,24.180698151950715,pensionable_salary_annual,pensionable_salary_annual,822000.0,0.065,2161693.2361796056,0.02,1045425.0328234511,381618.0146991403,0.068,0.03,Gompertz-Makeham,0.0002,1e-05,1.1,0.67,0.67,59.189596167008894,0.4320155419103844,PIPELINE_06_RETIREMENT_SUMMARY,15.353867214236821,16.87780186690075,1.5877189202078859,6440873.240932108,605902.1422299962,7046775.383162104,0.3641839315385294,1013362.6731081324,95328.47356630735,1108691.1466744398,125604.66542271686,OK,False
E05833,PEN_DB_01,34.455852156057496,0.7501711156741958,60.0,25.544147843942504,26.2943189596167,pensionable_salary_annual,pensionable_salary_annual,1348000.0,0.06,5971819.269931598,0.015,2355373.8097915016,67198.29486493873,0.07,0.03,Gompertz-Makeham,0.0002,1e-05,1.1,0.5,0.5,60.28199863107461,0.2135888401630931,PIPELINE_06_RETIREMENT_SUMMARY,25.544147843942504,16.452696014800427,1.0650277153011,1105593.1181257614,71568.04645213534,1177161.1645778967,0.17758915410162768,41936.3205024486,2714.6519678403774,44650.97247028898,59521.04998092352,OK,False
E05842,PEN_DB_01,27.589322381930184,9.587953456536619,60.0,32.41067761806981,41.99863107460643,pensionable_salary_annual,pensionable_salary_annual,1060000.0,0.06,7006257.683399534,0.015,4413798.4748808555,1007635.0885940521,0.07,0.03,Gompertz-Makeham,0.0002,1e-05,1.1,0.5,0.0,,0.2016631367041776,PIPELINE_06_RETIREMENT_SUMMARY,32.41067761806981,16.452696014800427,0.0,16578313.806484437,0.0,16578313.806484437,0.11159682896183179,373094.39807953144,0.0,373094.39807953144,38912.82949701567,OK,False
E05845,PEN_DB_02,35.6413415468857,3.978097193702943,60.0,24.358658453114302,28.336755646817245,pensionable_salary_annual,pensionable_salary_annual,559000.0,0.065,2591860.1384391794,0.02,1468898.1482735388,206213.4308639084,0.068,0.03,Gompertz-Makeham,0.0002,1e-05,1.1,0.67,0.0,,0.25616943121153896,PIPELINE_06_RETIREMENT_SUMMARY,24.358658453114302,16.87779941727805,0.0,3480428.9232697813,0.0,3480428.9232697813,0.2013921851328363,179557.1432506065,0.0,179557.1432506065,45136.4394853985,OK,False
E05846,PEN_DB_01,50.72142368240931,7.707049965776865,60.0,9.27857631759069,16.985626283367555,pensionable_salary_annual,pensionable_salary_annual,3250000.0,0.06,5580662.557862618,0.015,1421865.7293215473,645156.6776338097,0.07,0.03,Gompertz-Makeham,0.0002,1e-05,1.1,0.5,0.5,55.77275838466804,0.5808615863755667,PIPELINE_06_RETIREMENT_SUMMARY,9.27857631759069,16.452699205198666,1.3331054802777855,10614568.757334394,860061.9025914404,11474630.659925835,0.5337776388403245,3291056.873030307,266662.989374794,3557719.862405101,461618.8915607329,OK,False
E05848,PEN_DB_01,48.14784394250513,4.824093086926762,60.0,11.852156057494867,16.67624914442163,pensionable_salary_annual,pensionable_salary_annual,1034000.0,0.06,2062764.2834981172,0.015,515987.56676743453,149264.50379974055,0.07,0.03,Gompertz-Makeham,0.0002,1e-05,1.1,0.5,0.5,60.75838466803559,0.4863907036286603,PIPELINE_06_RETIREMENT_SUMMARY,11.852156057494867,16.452696014800427,1.0380439715356709,2455803.5068171546,154943.1183335839,2610746.6251507383,0.4484756637641848,535695.2089042047,33798.423169267844,569493.6320734725,118051.95749990683,OK,False
E05862,PEN_DB_01,30.72142368240931,2.6830937713894594,60.0,29.27857631759069,31.96167008898015,pensionable_salary_annual,pensionable_salary_annual,485000.0,0.06,2670923.480359715,0.015,1280507.6266825178,107495.07231016511,0.07,0.03,Gompertz-Makeham,0.0002,1e-05,1.1,0.5,0.0,,0.19600766976521886,PIPELINE_06_RETIREMENT_SUMMARY,29.27857631759069,16.452696014800427,0.0,1768583.7478081372,0.0,1768583.7478081372,0.13793828515345785,47817.131308007665,0.0,47817.131308007665,17821.640010458977,OK,False
E05866,PEN_DB_01,33.83709787816564,10.171115674195756,60.0,26.162902121834357,36.33401779603011,pensionable_salary_annual,pensionable_salary_annual,623000.0,0.06,2861296.8891598172,0.015,1559436.181356876,436538.7245679146,0.07,0.03,Gompertz-Makeham,0.0002,1e-05,1.1,0.5,0.0,,0.26706819918601893,PIPELINE_06_RETIREMENT_SUMMARY,26.162902121834357,16.452696014800427,0.0,7182238.93400459,0.0,7182238.93400459,0.17030802022849983,326675.9233664772,0.0,326675.9233664772,32118.002963554725,OK,False
E05869,PEN_DB_01,35.90965092402464,14.088980150581794,60.0,24.09034907597536,38.17932922655716,pensionable_salary_annual,pensionable_salary_annual,680000.0,0.06,2767808.5119968127,0.015,1585096.0862339037,584933.9877920164,0.07,0.03,Gompertz-Makeham,0.0002,1e-05,1.1,0.5,0.0,,0.3080888259692644,PIPELINE_06_RETIREMENT_SUMMARY,24.09034907597536,16.452696014800427,0.0,9623741.08986703,0.0,9623741.08986703,0.19594515903541299,580970.9487312299,0.0,580970.9487312299,41235.841240591086,OK,False
E05882,PEN_DB_02,38.288843258042434,1.538672142368241,60.0,21.711156741957566,23.249828884325808,pensionable_salary_annual,pensionable_salary_annual,629000.0,0.065,2468551.923932189,0.02,1147868.1964699333,75965.8415468797,0.068,0.03,Gompertz-Makeham,0.0002,1e-05,1.1,0.67,0.0,,0.267821688867664,PIPELINE_06_RETIREMENT_SUMMARY,21.711156741957566,16.87779941727805,0.0,1282136.236192963,0.0,1282136.236192963,0.23970939427205204,82312.34478661141,0.0,82312.34478661141,53495.70094894984,REVIEW_SPOUSE_DOB_MISSING,True
E05898,PEN_DB_02,42.65845311430527,2.428473648186174,60.0,17.341546885694733,19.770020533880906,pensionable_salary_annual,pensionable_salary_annual,907000.0,0.065,2703284.7385101104,0.02,1068879.895785435,131297.1150203131,0.068,0.03,Gompertz-Makeham,0.0002,1e-05,1.1,0.67,0.0,,0.34462832038543834,PIPELINE_06_RETIREMENT_SUMMARY,17.341546885694733,16.87779941727805,0.0,2216006.37138013,0.0,2216006.37138013,0.31954371638013856,244035.07405371265,0.0,244035.07405371265,100489.07643530838,OK,False
E05909,PEN_DB_02,43.92060232717317,6.825462012320329,60.0,16.07939767282683,22.90485968514716,pensionable_salary_annual,pensionable_salary_annual,1154000.0,0.065,3176662.1499907756,0.02,1455220.0162531324,433643.7366147572,0.068,0.03,Gompertz-Makeham,0.0002,1e-05,1.1,0.67,0.0,,0.40507246277067943,PIPELINE_06_RETIREMENT_SUMMARY,16.07939767282683,16.87779941727805,0.0,7318952.005142827,0.0,7318952.005142827,0.34720939330663847,1029373.741601856,0.0,1029373.741601856,150813.7822382984,REVIEW_SPOUSE_DOB_MISSING,True
E05913,PEN_DB_02,36.72826830937714,12.876112251882272,60.0,23.271731690622858,36.14784394250513,pensionable_salary_annual,pensionable_salary_annual,821000.0,0.065,3554805.8901051446,0.02,2569971.3712283764,915441.5934929224,0.068,0.03,Gompertz-Makeham,0.0002,1e-05,1.1,0.67,0.67,62.346338124572206,0.31485406719736125,PIPELINE_06_RETIREMENT_SUMMARY,23.271731690622858,16.87779941727805,1.3335794039612168,15450639.593206936,1220814.054611598,16671453.647818534,0.21632039798478064,1052333.1298365127,83148.86042663643,1135481.9902631491,88185.15775964601,OK,False
E05921,PEN_DB_02,32.21629021218344,8.553045859000685,60.0,27.783709787816562,36.336755646817245,pensionable_salary_annual,pensionable_salary_annual,521000.0,0.065,2997169.3900801823,0.02,2178148.235189277,512698.54481097823,0.068,0.03,Gompertz-Makeham,0.0002,1e-05,1.1,0.67,0.67,57.223819301848046,0.24206801806002304,PIPELINE_06_RETIREMENT_SUMMARY,27.783709787816562,16.8778029178778,1.7551839938811704,8653224.99560243,899880.279538397,9553105.275140828,0.1607624465763597,336744.1171484157,35019.24316384084,371763.36031225655,43465.61054867213,OK,False
E05941,PEN_DB_02,55.17043121149897,2.8062970568104038,60.0,4.829568788501028,7.635865845311432,pensionable_salary_annual,pensionable_salary_annual,2250000.0,0.065,3049785.7452971353,0.02,465755.09616064135,171172.0952185935,0.068,0.03,Gompertz-Makeham,0.0002,1e-05,1.1,0.67,0.67,58.61464750171116,0.9873296900384122,REVIEW_DB_MORTALITY_ONLY_FALLBACK,4.829568788501028,16.87780267710021,1.6360466255005623,2889008.8469252293,280045.52876224084,3169054.37568747,0.7278018744045407,2075985.1301264553,201235.22781439894,2277220.3579408545,811468.0348662409,REVIEW_DB_MORTALITY_ONLY_FALLBACK,True
E05944,PEN_DB_01,41.04859685147159,8.681724845995893,60.0,18.951403148528406,27.6331279945243,pensionable_salary_annual,pensionable_salary_annual,1232000.0,0.06,3716998.30013541,0.015,1540684.3467460654,484049.3474221513,0.07,0.03,Gompertz-Makeham,0.0002,1e-05,1.1,0.5,0.5,63.41683778234086,0.36281396961464485,PIPELINE_06_RETIREMENT_SUMMARY,18.951403148528406,16.452696014800427,0.8932851248130603,7963916.7692991765,432394.08172767685,8396310.851026854,0.27741898795569847,801580.0434062994,43521.10611402067,845101.1495203201,97342.54016471047,OK,False
E05949,PEN_DB_01,48.75290896646133,7.728952772073922,60.0,11.247091033538673,18.976043805612594,pensionable_salary_annual,pensionable_salary_annual,1039000.0,0.06,2000934.7096573112,0.015,569547.3705394177,231976.94806417203,0.07,0.03,Gompertz-Makeham,0.0002,1e-05,1.1,0.5,0.5,55.917864476386036,0.523834235413966,PIPELINE_06_RETIREMENT_SUMMARY,11.247091033538673,16.452699205198666,1.3241833284455933,3816646.9490398155,307180.00721026585,4123826.9562500813,0.4672162910233256,934101.0156493974,75180.42945902701,1009281.4451084244,130584.50153235988,OK,False
E05951,PEN_DB_01,38.847364818617386,13.546885694729637,60.0,21.152635181382614,34.69952087611225,pensionable_salary_annual,pensionable_salary_annual,1465000.0,0.06,5024852.993201854,0.015,2615399.8700550427,1021066.6369758837,0.07,0.03,Gompertz-Makeham,0.0002,1e-05,1.1,0.5,0.5,57.48665297741273,0.3486423045297054,PIPELINE_06_RETIREMENT_SUMMARY,21.152635181382614,16.452699135693468,1.2288218290109811,16799302.175658558,1254708.972390797,18054011.148049355,0.23903179365998187,1399996.6483729484,104563.17397372615,1504559.8223466745,111063.15180115662,OK,False
E05960,PEN_DB_02,44.14784394250513,8.145106091718,60.0,15.852156057494867,23.997262149212865,pensionable_salary_annual,pensionable_salary_annual,854000.0,0.065,2317437.9853276303,0.02,1112243.3369690173,377515.5650294154,0.068,0.03,Gompertz-Makeham,0.0002,1e-05,1.1,0.67,0.67,56.936344969199176,0.4177924838433003,PIPELINE_06_RETIREMENT_SUMMARY,15.852156057494867,16.877802981487697,1.7801730964510138,6371633.32901148,672043.0523568685,7043676.381368348,0.35243906755255844,938200.0279948298,98955.91569340428,1037155.9436882341,127334.85997718576,OK,False
E05977,PEN_DB_01,33.2621492128679,14.836413415468858,60.0,26.737850787132103,41.57426420260096,pensionable_salary_annual,pensionable_salary_annual,654000.0,0.06,3106005.3382760454,0.015,1936948.298222659,691229.6890397491,0.07,0.03,Gompertz-Makeham,0.0002,1e-05,1.1,0.5,0.0,,0.27716803657349337,PIPELINE_06_RETIREMENT_SUMMARY,26.737850787132103,16.452696014800427,0.0,11372591.95017602,0.0,11372591.95017602,0.1638101985400865,516349.23619489046,0.0,516349.23619489046,34802.83419822545,OK,False
E05987,PEN_DB_01,29.19917864476386,4.418891170431212,60.0,30.80082135523614,35.21971252566735,pensionable_salary_annual,pensionable_salary_annual,504000.0,0.06,3032996.9368960937,0.015,1602319.2031306508,201037.25076592588,0.07,0.03,Gompertz-Makeham,0.0002,1e-05,1.1,0.5,0.0,,0.19326632641937636,PIPELINE_06_RETIREMENT_SUMMARY,30.80082135523614,16.452696014800427,0.0,3307604.774502983,0.0,3307604.774502983,0.12443871356758314,79547.27642232167,0.0,79547.27642232167,18001.637368806067,OK,False
E05990,PEN_DB_01,43.997262149212865,16.761122518822724,60.0,16.002737850787135,32.76386036960986,pensionable_salary_annual,pensionable_salary_annual,1866000.0,0.06,4741052.5308780335,0.015,2330027.7469001,1191980.4350733191,0.07,0.03,Gompertz-Makeham,0.0002,1e-05,1.1,0.5,0.5,56.16974674880219,0.45296497106667555,PIPELINE_06_RETIREMENT_SUMMARY,16.002737850787135,16.45269919212516,1.3087331089924406,19611295.541159794,1559984.260651667,21171279.80181146,0.3386718566534839,3008499.9691993566,239311.70637207525,3247811.675571432,193770.53487462687,OK,False
E06010,PEN_DB_01,43.356605065023956,3.3073237508555784,60.0,16.643394934976044,19.95071868583162,pensionable_salary_annual,pensionable_salary_annual,1234000.0,0.06,3254547.912418411,0.015,973958.5477533044,161457.65413558276,0.07,0.03,Gompertz-Makeham,0.0002,1e-05,1.1,0.5,0.0,,0.3664371370218579,PIPELINE_06_RETIREMENT_SUMMARY,16.643394934976044,16.452696014800427,0.0,2656413.702755528,0.0,2656413.702755528,0.3243054023486965,315681.6780450605,0.0,315681.6780450605,95449.28220691916,OK,False
E06012,PEN_DB_01,40.388774811772755,13.995893223819301,60.0,19.611225188227245,33.607118412046546,pensionable_salary_annual,pensionable_salary_annual,1714000.0,0.06,5373903.208004155,0.015,2709021.0216940865,1128188.6324154923,0.07,0.03,Gompertz-Makeham,0.0002,1e-05,1.1,0.5,0.0,,0.37539049227436444,PIPELINE_06_RETIREMENT_SUMMARY,19.611225188227245,16.452696014800427,0.0,18561744.616485514,0.0,18561744.616485514,0.2653066396632386,1848630.7842596427,0.0,1848630.7842596427,132083.80163357483,OK,False
E06017,PEN_DB_01,57.16906228610541,13.14715947980835,60.0,2.830937713894592,15.978097193702942,pensionable_salary_annual,pensionable_salary_annual,2340000.0,0.06,2759657.503033953,0.015,661411.137072121,544224.8595305561,0.07,0.03,Gompertz-Makeham,0.0002,1e-05,1.1,0.5,0.0,,0.8519389772107301,PIPELINE_06_RETIREMENT_SUMMARY,2.830937713894592,16.452696014800427,0.0,8953966.177553704,0.0,8953966.177553704,0.8256887275570458,6298545.823641935,0.0,6298545.823641935,479080.3544533979,REVIEW_SPOUSE_DOB_MISSING,True
E06027,PEN_DB_01,39.49075975359343,5.653661875427789,60.0,20.50924024640657,26.16290212183436,pensionable_salary_annual,pensionable_salary_annual,2033000.0,0.06,6716475.718121158,0.015,2635837.452253215,569590.2405716712,0.07,0.03,Gompertz-Makeham,0.0002,1e-05,1.1,0.5,0.0,,0.9689671319423074,REVIEW_DB_MORTALITY_ONLY_FALLBACK,20.50924024640657,16.452696014800427,0.0,9371295.08112275,0.0,9371295.08112275,0.24966694325663832,2267094.915264881,0.0,2267094.915264881,400995.8439711853,REVIEW_DB_MORTALITY_ONLY_FALLBACK,True
E06039,PEN_DB_01,38.16563997262149,4.914442162902122,60.0,21.83436002737851,26.74880219028063,pensionable_salary_annual,pensionable_salary_annual,1826000.0,0.06,6516856.322612084,0.015,2614771.5101404544,480400.7022213015,0.07,0.03,Gompertz-Makeham,0.0002,1e-05,1.1,0.5,0.0,,0.29541998475848585,PIPELINE_06_RETIREMENT_SUMMARY,21.83436002737851,16.452696014800427,0.0,7903886.718943734,0.0,7903886.718943734,0.22825695482957523,532972.2502565985,0.0,532972.2502565985,108450.20301182316,OK,False
E06063,PEN_DB_01,45.07049965776865,4.517453798767967,60.0,14.92950034223135,19.446954140999317,pensionable_salary_annual,pensionable_salary_annual,445000.0,0.06,1062096.3958941267,0.015,309818.09856410604,71969.57097434533,0.07,0.03,Gompertz-Makeham,0.0002,1e-05,1.1,0.5,0.0,,0.4115730667612062,PIPELINE_06_RETIREMENT_SUMMARY,14.92950034223135,16.452696014800427,0.0,1184093.4735565078,0.0,1184093.4735565078,0.3641789848619414,177479.34419508878,0.0,177479.34419508878,39287.4730104583,OK,False
E06065,PEN_DB_01,33.960301163586585,5.812457221081451,60.0,26.039698836413415,31.852156057494867,pensionable_salary_annual,pensionable_salary_annual,1115000.0,0.06,5084309.475853571,0.015,2429193.2830423177,443284.969907069,0.07,0.03,Gompertz-Makeham,0.0002,1e-05,1.1,0.5,0.5,59.917864476386036,0.24794441372161546,PIPELINE_06_RETIREMENT_SUMMARY,26.039698836413415,16.452698200221736,1.0858504943822462,7293233.826575381,481341.20372581,7774575.030301191,0.17173360173955426,310548.72027291084,20495.694829773845,331044.4151026847,56954.29704015807,OK,False
E06093,PEN_DB_02,38.71047227926078,3.5290896646132786,60.0,21.289527720739223,24.8186173853525,pensionable_salary_annual,pensionable_salary_annual,756000.0,0.065,2889229.419305135,0.02,1434133.5899247667,203926.99364732753,0.068,0.03,Gompertz-Makeham,0.0002,1e-05,1.1,0.67,0.0,,0.2927843486326773,PIPELINE_06_RETIREMENT_SUMMARY,21.289527720739223,16.87779941727805,0.0,3441838.8945481298,0.0,3441838.8945481298,0.24645153291443492,248353.2906691034,0.0,248353.2906691034,70373.18806585726,REVIEW_SPOUSE_DOB_MISSING,True
E06100,PEN_DB_01,41.50034223134839,13.00205338809035,60.0,18.49965776865161,31.50171115674196,pensionable_salary_annual,pensionable_salary_annual,1474000.0,0.06,4331589.880708154,0.015,2046787.3990730194,844793.4432641899,0.07,0.03,Gompertz-Makeham,0.0002,1e-05,1.1,0.5,0.0,,0.390787374600613,PIPELINE_06_RETIREMENT_SUMMARY,18.49965776865161,16.452696014800427,0.0,13899129.717322268,0.0,13899129.717322268,0.28602906660080185,1553596.7399563403,0.0,1553596.7399563403,119488.5679656882,OK,False
E06115,PEN_DB_01,50.57631759069131,23.633127994524298,60.0,9.42368240930869,33.05681040383298,pensionable_salary_annual,pensionable_salary_annual,2096000.0,0.06,3629658.079831079,0.015,1799773.7846357469,1286702.6096551078,0.07,0.03,Gompertz-Makeham,0.0002,1e-05,1.1,0.5,0.5,58.5845311430527,0.6350498092232973,PIPELINE_06_RETIREMENT_SUMMARY,9.42368240930869,16.452698921686956,1.1634561385166147,21169730.638404384,1497022.0496485827,22666752.688052967,0.5285628202980872,7105910.499227452,502495.9874016921,7608406.486629144,321938.1915247098,OK,False
E06119,PEN_DB_01,41.4839151266256,5.7440109514031485,60.0,18.516084873374403,24.26009582477755,pensionable_salary_annual,pensionable_salary_annual,1111000.0,0.06,3267981.640303808,0.015,1189223.2162107616,281569.83496334247,0.07,0.03,Gompertz-Makeham,0.0002,1e-05,1.1,0.5,0.0,,0.352651230197127,PIPELINE_06_RETIREMENT_SUMMARY,18.516084873374403,16.452696014800427,0.0,4632582.901589398,0.0,4632582.901589398,0.2857113402827276,466762.63358543295,0.0,466762.63358543295,81260.74924550971,OK,False
E06136,PEN_DB_02,34.62833675564682,16.372347707049965,60.0,25.37166324435318,41.74401095140314,pensionable_salary_annual,pensionable_salary_annual,2076000.0,0.065,10259646.269662037,0.02,8565575.72476589,3359489.9215649,0.068,0.03,Gompertz-Makeham,0.0002,1e-05,1.1,0.67,0.67,60.17248459958932,0.2988777850056105,PIPELINE_06_RETIREMENT_SUMMARY,25.37166324435318,16.87779941727805,1.5064755255762705,56700797.040539555,5060989.345257666,61761786.38579722,0.1884081990266456,3192880.011122179,284989.49856775696,3477869.5096899364,212423.38435020891,OK,False
E06140,PEN_DB_01,51.44421629021218,5.924709103353867,60.0,8.555783709787818,14.480492813141684,pensionable_salary_annual,pensionable_salary_annual,2160000.0,0.06,3556028.7288930123,0.015,772395.7267809093,316026.53672790463,0.07,0.03,Gompertz-Makeham,0.0002,1e-05,1.1,0.5,0.5,64.28473648186174,0.5917686948826768,PIPELINE_06_RETIREMENT_SUMMARY,8.555783709787818,16.452696014800427,0.8483465934147805,5199488.541394377,268100.0358617889,5467588.577256166,0.5605298608899959,1724691.2730748267,88929.86078932171,1813621.1338641485,306111.42289458425,OK,False
E06143,PEN_DB_01,53.36344969199179,4.772073921971253,60.0,6.636550308008211,11.408624229979463,pensionable_salary_annual,pensionable_salary_annual,4528000.0,0.06,6665766.035323903,0.015,1140708.2985295563,477142.92400696356,0.07,0.03,Gompertz-Makeham,0.0002,1e-05,1.1,0.5,0.5,59.99452429842573,0.6505195729322053,PIPELINE_06_RETIREMENT_SUMMARY,6.636550308008211,16.452698200221736,1.081453094579678,7850288.527057906,516007.6917241269,8366296.218782033,0.638253317946289,3259410.56049183,214244.4718947113,3473655.0323865414,727913.0812273002,OK,False
E06150,PEN_DB_02,45.05681040383299,2.546201232032854,60.0,14.94318959616701,17.489390828199863,pensionable_salary_annual,pensionable_salary_annual,556000.0,0.065,1424836.9397357837,0.02,498390.60210990754,72558.43142802348,0.068,0.03,Gompertz-Makeham,0.0002,1e-05,1.1,0.67,0.67,57.31416837782341,0.3916819214967887,PIPELINE_06_RETIREMENT_SUMMARY,14.94318959616701,16.8778029178778,1.747355142497074,1224626.905672531,126785.34828727815,1351412.2539598092,0.37415741291766974,179469.92344869894,18580.48083553945,198050.4042842384,77782.69910195492,OK,False
E06160,PEN_DB_01,42.0041067761807,23.66050650239562,60.0,17.9958932238193,41.65639972621492,pensionable_salary_annual,pensionable_salary_annual,2504000.0,0.06,7145555.121783946,0.015,4464871.506281015,2536011.8013329306,0.07,0.03,Gompertz-Makeham,0.0002,1e-05,1.1,0.5,0.0,,0.4347210445806998,PIPELINE_06_RETIREMENT_SUMMARY,17.9958932238193,16.452696014800427,0.0,41724231.25727716,0.0,41724231.25727716,0.29594613617385146,5367989.80966167,0.0,5367989.80966167,226875.52395035,OK,False
E06171,PEN_DB_01,58.83367556468173,7.737166324435318,60.0,1.1663244353182733,8.903490759753591,pensionable_salary_annual,pensionable_salary_annual,806000.0,0.06,862680.3201295274,0.015,115212.99388341774,100120.51682488887,0.07,0.03,Gompertz-Makeham,0.0002,1e-05,1.1,0.5,0.5,64.29568788501027,0.9276197535604526,PIPELINE_06_RETIREMENT_SUMMARY,1.1663244353182733,16.452696014800427,0.8477872935636741,1647252.428164608,84880.90198916882,1732133.3301537768,0.9241213036268386,1412079.4305544326,72762.72518800305,1484842.1557424357,191910.33170025644,OK,False
E06175,PEN_DB_01,31.786447638603697,11.326488706365502,60.0,28.213552361396303,39.540041067761805,pensionable_salary_annual,pensionable_salary_annual,858000.0,0.06,4440743.027162692,0.015,2633807.424980846,754470.3861754437,0.07,0.03,Gompertz-Makeham,0.0002,1e-05,1.1,0.5,0.5,64.56673511293634,0.24842863792645944,PIPELINE_06_RETIREMENT_SUMMARY,28.213552361396303,16.452696014800427,0.8340071731127104,12413071.91591366,629233.7139714367,13042305.629885096,0.14824472531243887,457151.53193911735,23173.567207083237,480325.0991462006,42407.237723749044,OK,False
E06179,PEN_DB_02,39.63860369609856,4.087611225188227,60.0,20.361396303901437,24.449007529089663,pensionable_salary_annual,pensionable_salary_annual,546000.0,0.065,1968198.268306855,0.02,962409.8856115108,160904.58669854264,0.068,0.03,Gompertz-Makeham,0.0002,1e-05,1.1,0.67,0.0,,0.3108168862544235,PIPELINE_06_RETIREMENT_SUMMARY,20.361396303901437,16.87779941727805,0.0,2715715.3396180286,0.0,2715715.3396180286,0.26196869763546005,221125.20666442293,0.0,221125.20666442293,54096.437866162414,OK,False
E06188,PEN_DB_01,33.31143052703628,5.503080082135524,60.0,26.68856947296372,32.19164955509925,pensionable_salary_annual,pensionable_salary_annual,2204000.0,0.06,10437318.427637177,0.015,5039917.456762132,861560.9872505432,0.07,0.03,Gompertz-Makeham,0.0002,1e-05,1.1,0.5,0.5,60.54757015742642,0.9658237691708577,REVIEW_DB_MORTALITY_ONLY_FALLBACK,26.68856947296372,16.452696014800427,1.0499485615460158,14175001.021444533,904594.719247873,15079595.740692407,0.16435730365139586,2250142.362529291,143595.53806173208,2393737.900591023,434981.4767118761,REVIEW_DB_MORTALITY_ONLY_FALLBACK,True
E06195,PEN_DB_01,38.299794661190965,14.455852156057494,60.0,21.700205338809035,36.15605749486653,pensionable_salary_annual,pensionable_salary_annual,971000.0,0.06,3438441.995366497,0.015,1864807.5971585198,745584.1369829611,0.07,0.03,Gompertz-Makeham,0.0002,1e-05,1.1,0.5,0.5,52.97741273100616,0.3436013095700352,PIPELINE_06_RETIREMENT_SUMMARY,21.700205338809035,16.452699208341844,1.5075439345625599,12266871.540291801,1124000.8434147239,13390872.383706525,0.23033821162721085,970855.5515082333,88958.49729450766,1059814.0488027409,73313.84116007597,OK,False
E06199,PEN_DB_01,43.82477754962355,10.992470910335387,60.0,16.175222450376452,27.167693360711837,pensionable_salary_annual,pensionable_salary_annual,4405000.0,0.06,11305087.099754,0.015,4606997.096133837,1864062.6162428053,0.07,0.03,Gompertz-Makeham,0.0002,1e-05,1.1,0.5,0.0,,0.9720538095622691,REVIEW_DB_MORTALITY_ONLY_FALLBACK,16.175222450376452,16.452696014800427,0.0,30668855.57759646,0.0,30668855.57759646,0.3347425032422334,9979269.160052143,0.0,9979269.160052143,907827.6614468356,REVIEW_DB_MORTALITY_ONLY_FALLBACK,True
E06203,PEN_DB_01,40.6735112936345,7.274469541409993,60.0,19.326488706365502,26.600958247775495,pensionable_salary_annual,pensionable_salary_annual,371000.0,0.06,1144056.383953349,0.015,456494.9415396607,124836.0497808644,0.07,0.03,Gompertz-Makeham,0.0002,1e-05,1.1,0.5,0.5,52.134154688569474,0.34865432063483204,PIPELINE_06_RETIREMENT_SUMMARY,19.326488706365502,16.452699208341844,1.5608650201409882,2053889.9774021509,194852.22335553032,2248742.2007576814,0.27046729178638357,193680.98251066823,18374.48474802016,212055.46725868838,29150.643363280364,OK,False
E06213,PEN_DB_02,30.3709787816564,8.944558521560575,60.0,29.6290212183436,38.573579739904176,pensionable_salary_annual,pensionable_salary_annual,1133000.0,0.065,7321027.17527348,0.02,5647964.5104683405,1309667.120143379,0.068,0.03,Gompertz-Makeham,0.0002,1e-05,1.1,0.67,0.0,,0.22480196302164304,PIPELINE_06_RETIREMENT_SUMMARY,29.6290212183436,16.87779941727805,0.0,22104298.957184147,0.0,22104298.957184147,0.14238418304332856,707519.7911852046,0.0,707519.7911852046,79100.58271515027,OK,False
E06215,PEN_DB_01,43.48528405201917,2.3737166324435317,60.0,16.514715947980832,18.888432580424364,pensionable_salary_annual,pensionable_salary_annual,875000.0,0.06,2290483.8275174936,0.015,648954.7402892478,81554.39336581794,0.07,0.03,Gompertz-Makeham,0.0002,1e-05,1.1,0.5,0.5,62.55989048596851,0.3589412877936753,PIPELINE_06_RETIREMENT_SUMMARY,16.514715947980832,16.452696014800427,0.9388144806173389,1341789.6427192593,76564.44544979252,1418354.0881690518,0.3271412117884806,157558.96159839557,8990.540794441295,166549.50239283688,70164.0204717228,OK,False
E06218,PEN_DB_01,44.224503764544835,4.287474332648871,60.0,15.775496235455165,20.062970568104035,pensionable_salary_annual,pensionable_salary_annual,1582000.0,0.06,3966605.971775833,0.015,1193728.4830050636,255100.81937580922,0.07,0.03,Gompertz-Makeham,0.0002,1e-05,1.1,0.5,0.0,,0.39220454004731004,PIPELINE_06_RETIREMENT_SUMMARY,15.775496235455165,16.452696014800427,0.0,4197096.2343167,0.0,4197096.2343167,0.34391912386473034,566132.2163115677,0.0,566132.2163115677,132043.28991558118,OK,False
E06223,PEN_DB_01,30.535249828884325,5.073237508555784,60.0,29.464750171115675,34.53798767967146,pensionable_salary_annual,pensionable_salary_annual,970000.0,0.06,5400111.5627856115,0.015,2797634.7993651126,410940.7279606463,0.07,0.03,Gompertz-Makeham,0.0002,1e-05,1.1,0.5,0.0,,0.2087331734648333,PIPELINE_06_RETIREMENT_SUMMARY,29.464750171115675,16.452696014800427,0.0,6761082.8772373125,0.0,6761082.8772373125,0.1362116743480963,192230.39878750613,0.0,192230.39878750613,37891.07024130416,OK,False
E06225,PEN_DB_01,35.4113620807666,0.8733744010951403,60.0,24.5886379192334,25.46201232032854,pensionable_salary_annual,pensionable_salary_annual,1258000.0,0.06,5271295.94446338,0.015,2013267.0342303663,69057.22407736418,0.07,0.03,Gompertz-Makeham,0.0002,1e-05,1.1,0.5,0.5,59.82203969883641,0.22524930877245575,PIPELINE_06_RETIREMENT_SUMMARY,24.5886379192334,16.452698200221736,1.0913574783599662,1136177.6662899589,75366.11793161131,1211543.7842215702,0.18944926722590558,48484.46914255588,3216.1222031246057,51700.591345680485,59196.36673670784,OK,False
E06245,PEN_DB_01,44.1368925393566,13.95482546201232,60.0,15.863107460643398,29.817932922655718,pensionable_salary_annual,pensionable_salary_annual,1534000.0,0.06,3865939.2012256416,0.015,1729114.736778171,809227.6019978273,0.07,0.03,Gompertz-Makeham,0.0002,1e-05,1.1,0.5,0.5,59.24982888432581,0.44540623256415407,PIPELINE_06_RETIREMENT_SUMMARY,15.863107460643398,16.452698200221736,1.124473486885274,13313977.510959404,909954.9833023056,14223932.49426171,0.3418865194752304,2027431.0146499544,138566.4767394845,2165997.491389439,155214.94677849574,OK,False
E06249,PEN_DB_01,41.56605065023956,4.930869267624915,60.0,18.43394934976044,23.364818617385353,pensionable_salary_annual,pensionable_salary_annual,1261000.0,0.06,3691493.645047297,0.015,1293766.1916564119,273034.08848994586,0.07,0.03,Gompertz-Makeham,0.0002,1e-05,1.1,0.5,0.0,,0.34824046174900813,PIPELINE_06_RETIREMENT_SUMMARY,18.43394934976044,16.452696014800427,0.0,4492146.859603199,0.0,4492146.859603199,0.2873035090913747,449442.4677601444,0.0,449442.4677601444,91148.72923342185,OK,False
E06255,PEN_DB_02,44.41615331964408,5.314168377823409,60.0,15.583846680355919,20.898015058179325,pensionable_salary_annual,pensionable_salary_annual,2002000.0,0.065,5341659.090114472,0.02,2232601.442017454,567729.5164359858,0.068,0.03,Gompertz-Makeham,0.0002,1e-05,1.1,0.67,0.67,61.11156741957563,0.4044304503827283,PIPELINE_06_RETIREMENT_SUMMARY,15.583846680355919,16.87779941727805,1.4305871647363368,9582024.901674831,812186.5592552884,10394211.46093012,0.35871536432979956,1390116.252135463,117828.30324198138,1507944.5553774445,283759.2729786768,OK,False
E06258,PEN_DB_01,39.62217659137577,12.917180013689254,60.0,20.37782340862423,33.295003422313485,pensionable_salary_annual,pensionable_salary_annual,1624000.0,0.06,5324324.034731411,0.015,2659100.804368324,1031628.7801175687,0.07,0.03,Gompertz-Makeham,0.0002,1e-05,1.1,0.5,0.5,52.26557152635181,0.3584827159533666,PIPELINE_06_RETIREMENT_SUMMARY,20.37782340862423,16.452699208341844,1.5525411676797998,16973078.013942983,1601646.1508958174,18574724.164838802,0.2518967517598608,1532679.6667341446,144629.65920291288,1677309.3259370574,129851.04520951892,OK,False
E06269,PEN_DB_01,45.464750171115675,11.548254620123203,60.0,14.535249828884325,26.083504449007528,pensionable_salary_annual,pensionable_salary_annual,700000.0,0.06,1632770.3819069993,0.015,638825.602810184,282834.7215968674,0.07,0.03,Gompertz-Makeham,0.0002,1e-05,1.1,0.5,0.5,64.21081451060917,0.4635551042051037,PIPELINE_06_RETIREMENT_SUMMARY,14.535249828884325,16.452696014800427,0.8521269766126265,4653393.696863969,241011.09619541257,4894404.793059382,0.3740239827395134,806808.778894304,41786.67890327929,848595.4577975832,73482.57253688177,OK,False
E06272,PEN_DB_02,35.13757700205339,11.537303216974674,60.0,24.86242299794661,36.39972621492129,pensionable_salary_annual,pensionable_salary_annual,763000.0,0.065,3651758.554288106,0.02,2658460.2315816768,842628.914320059,0.068,0.03,Gompertz-Makeham,0.0002,1e-05,1.1,0.67,0.0,,0.28848754331312026,PIPELINE_06_RETIREMENT_SUMMARY,24.86242299794661,16.87779941727805,0.0,14221721.799092729,0.0,14221721.799092729,0.19482712865350924,799334.714023399,0.0,799334.714023399,69282.63035050938,OK,False
E06280,PEN_DB_01,40.62696783025325,10.8911704312115,60.0,19.37303216974675,30.26420260095825,pensionable_salary_annual,pensionable_salary_annual,2436000.0,0.06,7532317.635916808,0.015,3419393.804822357,1230536.3267218505,0.07,0.03,Gompertz-Makeham,0.0002,1e-05,1.1,0.5,0.0,,0.36647473808947867,PIPELINE_06_RETIREMENT_SUMMARY,19.37303216974675,16.452696014800427,0.0,20245640.118723746,0.0,20245640.118723746,0.26961691159457674,2000426.8977668562,0.0,2000426.8977668562,183674.18914262042,OK,False
E06293,PEN_DB_01,34.32443531827516,2.349075975359343,60.0,25.675564681724843,28.024640657084188,pensionable_salary_annual,pensionable_salary_annual,1147000.0,0.06,5120422.512492499,0.015,2152470.013875697,180423.92261677881,0.07,0.03,Gompertz-Makeham,0.0002,1e-05,1.1,0.5,0.5,56.402464065708415,0.22873654047280972,PIPELINE_06_RETIREMENT_SUMMARY,25.675564681724843,16.45269919212516,1.2945038068951211,2968460.5258771293,233559.4546823709,3202019.9805595004,0.17601712189744345,119514.81454403786,9403.465085028249,128918.2796290661,54880.42148545035,OK,False
E06300,PEN_DB_01,44.35044490075291,3.6605065023956196,60.0,15.649555099247088,19.31006160164271,pensionable_salary_annual,pensionable_salary_annual,1577000.0,0.06,3925158.749857496,0.015,1136925.858839627,215521.0369018264,0.07,0.03,Gompertz-Makeham,0.0002,1e-05,1.1,0.5,0.5,59.45242984257358,0.3890476819321443,PIPELINE_06_RETIREMENT_SUMMARY,15.649555099247088,16.452698200221736,1.1127035099832803,3545902.5759446016,239811.0142358983,3785713.5901805,0.34686218225162996,478505.11354859103,32361.51984987421,510866.63339846523,139561.7336191394,OK,False
E06327,PEN_DB_01,37.002053388090346,2.6967830253251197,60.0,22.997946611909654,25.694729637234772,pensionable_salary_annual,pensionable_salary_annual,1895000.0,0.06,7237559.592407147,0.015,2789507.054404151,292771.9178037388,0.07,0.03,Gompertz-Makeham,0.0002,1e-05,1.1,0.5,0.0,,0.262908706799519,PIPELINE_06_RETIREMENT_SUMMARY,22.997946611909654,16.452696014800427,0.0,4816887.365295052,0.0,4816887.365295052,0.21097619211831228,267180.5931696994,0.0,267180.5931696994,99073.81893932255,OK,False
E06329,PEN_DB_01,44.94455852156057,16.698151950718685,60.0,15.055441478439427,31.753593429158112,pensionable_salary_annual,pensionable_salary_annual,1532000.0,0.06,3683407.252298015,0.015,1754421.244852254,922591.4099287718,0.07,0.03,Gompertz-Makeham,0.0002,1e-05,1.1,0.5,0.5,61.431895961670094,0.4727475100431567,PIPELINE_06_RETIREMENT_SUMMARY,15.055441478439427,16.452696014800427,1.0004110577317873,15179116.01342421,922970.6482611035,16102086.661685314,0.36108899676126976,2591134.668207834,157554.71150840117,2748689.379716235,164610.39448128463,OK,False
E06335,PEN_DB_01,46.078028747433265,12.83230663928816,60.0,13.921971252566735,26.754277891854894,pensionable_salary_annual,pensionable_salary_annual,1085000.0,0.06,2441952.8091096524,0.015,979990.2608057299,470038.30867749243,0.07,0.03,Gompertz-Makeham,0.0002,1e-05,1.1,0.5,0.5,58.75154004106776,0.4831683528799918,PIPELINE_06_RETIREMENT_SUMMARY,13.921971252566735,16.452698921686956,1.1536239522033518,7733398.774329741,542247.4513435079,8275646.225673248,0.38987006616863046,1456762.581583322,102144.71283935681,1558907.2944226789,121483.01456963587,OK,False
E06340,PEN_DB_01,37.08145106091718,5.94113620807666,60.0,22.918548939082818,28.859685147159478,pensionable_salary_annual,pensionable_salary_annual,1006000.0,0.06,3824473.818954823,0.015,1655596.6540288618,340825.7982395058,0.07,0.03,Gompertz-Makeham,0.0002,1e-05,1.1,0.5,0.5,57.82888432580424,0.2871039412053417,PIPELINE_06_RETIREMENT_SUMMARY,22.918548939082818,16.452699135693468,1.208315008454167,5607504.3161171535,411824.92728116666,6019329.24339832,0.21211259300792934,341487.82457362366,25079.46326821841,366567.28784184204,61699.86261946212,OK,False
E06342,PEN_DB_02,36.629705681040384,7.657768651608487,60.0,23.370294318959616,31.0280629705681,pensionable_salary_annual,pensionable_salary_annual,1674000.0,0.065,7293295.949703342,0.02,4525936.919807692,1117007.4618108282,0.068,0.03,Gompertz-Makeham,0.0002,1e-05,1.1,0.67,0.67,56.00273785078713,0.2905775293553136,PIPELINE_06_RETIREMENT_SUMMARY,23.370294318959616,16.877802981487697,1.8620944987487222,18852631.8692948,2079973.4496992165,20932605.318994015,0.21492226831397843,1177376.6800130473,129897.63189036123,1307274.3119034085,170712.1710485234,OK,False
E06350,PEN_DB_01,41.60438056125941,4.824093086926762,60.0,18.39561943874059,23.21971252566735,pensionable_salary_annual,pensionable_salary_annual,2524000.0,0.06,7372358.021255422,0.015,2567760.5083477306,533474.1204703102,0.07,0.03,Gompertz-Makeham,0.0002,1e-05,1.1,0.5,0.5,56.96646132785763,0.3480920755139734,PIPELINE_06_RETIREMENT_SUMMARY,18.39561943874059,16.45269919212516,1.2602058195324901,8777089.230881553,672287.1911866616,9449376.422068214,0.2880495546001283,880059.1406754827,67408.73565249637,947467.876327979,196403.31545334528,OK,False
E06352,PEN_DB_01,43.08555783709788,25.084188911704313,60.0,16.91444216290212,41.998631074606436,pensionable_salary_annual,pensionable_salary_annual,2291000.0,0.06,6138463.581560277,0.015,3867106.009902861,2309675.701612126,0.07,0.03,Gompertz-Makeham,0.0002,1e-05,1.1,0.5,0.5,61.43737166324435,0.45909589503078196,PIPELINE_06_RETIREMENT_SUMMARY,16.91444216290212,16.452696014800427,1.0001076507326514,38000392.211395204,2309924.3398935916,40310316.5512888,0.3184122677366588,5554964.405877031,337668.81712684256,5892633.223003874,234914.24194522647,OK,False
E06365,PEN_DB_01,35.43052703627652,5.111567419575633,60.0,24.569472963723477,29.68104038329911,pensionable_salary_annual,pensionable_salary_annual,437000.0,0.06,1829082.1412878227,0.015,814335.9134990261,140242.15021701704,0.07,0.03,Gompertz-Makeham,0.0002,1e-05,1.1,0.5,0.0,,0.2610518954728015,PIPELINE_06_RETIREMENT_SUMMARY,24.569472963723477,16.452696014800427,0.0,2307361.465982559,0.0,2307361.465982559,0.18969508068782823,114261.1405756754,0.0,114261.1405756754,22353.44488230607,OK,False
E06366,PEN_DB_01,30.255989048596852,6.650239561943874,60.0,29.744010951403148,36.39425051334702,pensionable_salary_annual,pensionable_salary_annual,576000.0,0.06,3259270.583919791,0.015,1779280.6518293952,325123.95270394953,0.07,0.03,Gompertz-Makeham,0.0002,1e-05,1.1,0.5,0.0,,0.21387758914376567,PIPELINE_06_RETIREMENT_SUMMARY,29.744010951403148,16.452696014800427,0.0,5349165.560968433,0.0,5349165.560968433,0.13366219681865088,152918.4596221675,0.0,152918.4596221675,22994.42872663511,OK,False
E06368,PEN_DB_01,40.69267624914442,15.772758384668036,60.0,19.30732375085558,35.08008213552362,pensionable_salary_annual,pensionable_salary_annual,2827000.0,0.06,8707918.224405983,0.015,4582117.298123773,2060218.352805046,0.07,0.03,Gompertz-Makeham,0.0002,1e-05,1.1,0.5,0.5,55.83572895277208,0.38712847371380704,PIPELINE_06_RETIREMENT_SUMMARY,19.30732375085558,16.452699205198666,1.3292316714207535,33896152.855731286,2738507.4845907628,36634660.34032205,0.2708182274342453,3553721.714500778,287109.08741572994,3840830.801916508,243510.4062489159,OK,False
E06374,PEN_DB_01,42.08624229979466,4.736481861738535,60.0,17.913757700205338,22.650239561943874,pensionable_salary_annual,pensionable_salary_annual,2462000.0,0.06,6992157.258822665,0.015,2375610.554506772,496773.39046255476,0.07,0.03,Gompertz-Makeham,0.0002,1e-05,1.1,0.5,0.0,,0.3557814040416153,PIPELINE_06_RETIREMENT_SUMMARY,17.913757700205338,16.452696014800427,0.0,8173261.581522171,0.0,8173261.581522171,0.29759533990020465,865375.8464889531,0.0,865375.8464889531,182704.3514046764,OK,False
E06385,PEN_DB_01,46.60369609856263,10.858316221765914,60.0,13.39630390143737,24.254620123203285,pensionable_salary_annual,pensionable_salary_annual,1350000.0,0.06,2946719.723948019,0.015,1072073.5127086448,479946.21869313525,0.07,0.03,Gompertz-Makeham,0.0002,1e-05,1.1,0.5,0.0,,0.48647148559804204,PIPELINE_06_RETIREMENT_SUMMARY,13.39630390143737,16.452696014800427,0.0,7896409.239611081,0.0,7896409.239611081,0.4039856923934745,1551861.724284227,0.0,1551861.724284227,142919.18678638779,OK,False
E06386,PEN_DB_01,44.6735112936345,1.593429158110883,60.0,15.326488706365502,16.919917864476385,pensionable_salary_annual,pensionable_salary_annual,1448000.0,0.06,3536866.1130582797,0.015,897652.2619589391,84536.18389322048,0.07,0.03,Gompertz-Makeham,0.0002,1e-05,1.1,0.5,0.0,,0.3715534420795783,PIPELINE_06_RETIREMENT_SUMMARY,15.326488706365502,16.452696014800427,0.0,1390848.1358464246,0.0,1390848.1358464246,0.35452744690909743,183210.71301489088,0.0,183210.71301489088,114978.88819362353,REVIEW_SPOUSE_DOB_MISSING,True
E06389,PEN_DB_01,49.50581793292265,13.169062286105408,60.0,10.494182067077347,23.663244353182755,pensionable_salary_annual,pensionable_salary_annual,1352000.0,0.06,2491959.897559416,0.015,884517.8396142109,492251.62658155203,0.07,0.03,Gompertz-Makeham,0.0002,1e-05,1.1,0.5,0.5,61.95756331279946,0.5721494487031856,PIPELINE_06_RETIREMENT_SUMMARY,10.494182067077347,16.452696014800427,0.9714769456944614,8098866.374937329,478211.1067045767,8577077.481641905,0.49163329512761966,2278111.647240504,134514.91129607605,2412626.5585365803,183204.12692421745,OK,False
E06392,PEN_DB_01,26.688569472963724,7.044490075290897,60.0,33.31143052703628,40.355920602327174,pensionable_salary_annual,pensionable_salary_annual,602000.0,0.06,4193446.087630459,0.015,2538455.6604383145,443110.3401837031,0.07,0.03,Gompertz-Makeham,0.0002,1e-05,1.1,0.5,0.0,,0.18460620785722315,PIPELINE_06_RETIREMENT_SUMMARY,33.31143052703628,16.452696014800427,0.0,7290359.728057274,0.0,7290359.728057274,0.10499879887364595,141312.17811703065,0.0,141312.17811703065,20059.958436550893,OK,False
E06398,PEN_DB_01,26.094455852156056,3.5290896646132786,60.0,33.90554414784394,37.43463381245722,pensionable_salary_annual,pensionable_salary_annual,1180000.0,0.06,8509247.176887488,0.015,4778108.281297028,450448.4439839003,0.07,0.03,Gompertz-Makeham,0.0002,1e-05,1.1,0.5,0.0,,0.16402780881369153,PIPELINE_06_RETIREMENT_SUMMARY,33.90554414784394,16.452696014800427,0.0,7411091.31920697,0.0,7411091.31920697,0.10086187293929534,122610.2213529376,0.0,122610.2213529376,34742.73339733163,OK,False
E06401,PEN_DB_02,34.94318959616701,11.603011635865846,60.0,25.05681040383299,36.65982203969884,pensionable_salary_annual,pensionable_salary_annual,1709000.0,0.065,8280107.959837003,0.02,6070945.6855423665,1921483.7800842829,0.068,0.03,Gompertz-Makeham,0.0002,1e-05,1.1,0.67,0.0,,0.28627948355585914,PIPELINE_06_RETIREMENT_SUMMARY,25.05681040383299,16.87779941727805,0.0,32430417.823815737,0.0,32430417.823815737,0.1923514826830875,1785822.56970671,0.0,1785822.56970671,153910.2627620047,OK,False
E06405,PEN_DB_01,37.83983572895277,4.843258042436688,60.0,22.16016427104723,27.003422313483917,pensionable_salary_annual,pensionable_salary_annual,1225000.0,0.06,4455723.368047267,0.015,1804796.697291589,323703.27055752015,0.07,0.03,Gompertz-Makeham,0.0002,1e-05,1.1,0.5,0.5,65.93566050650239,0.290408097378842,PIPELINE_06_RETIREMENT_SUMMARY,22.16016427104723,16.452696014800427,0.7662867552622996,5325791.509479577,248049.5288633164,5573841.038342893,0.2232804298629312,345337.3420678596,16084.13788755562,361421.47995541524,74623.62665557682,OK,False
E06426,PEN_DB_01,42.450376454483234,7.797399041752224,60.0,17.549623545516766,25.34702258726899,pensionable_salary_annual,pensionable_salary_annual,1928000.0,0.06,5360625.136212863,0.015,2038138.2961420403,626983.999504486,0.07,0.03,Gompertz-Makeham,0.0002,1e-05,1.1,0.5,0.0,,0.38281257080880865,PIPELINE_06_RETIREMENT_SUMMARY,17.549623545516766,16.452696014800427,0.0,10315577.14999109,0.0,10315577.14999109,0.30501820662194074,1204496.3422132975,0.0,1204496.3422132975,154474.1183263367,OK,False
E06429,PEN_DB_01,31.44147843942505,0.11225188227241616,60.0,28.55852156057495,28.670773442847366,pensionable_salary_annual,pensionable_salary_annual,1787000.0,0.06,9436754.377978018,0.015,4058385.7021020865,15889.401622057443,0.07,0.03,Gompertz-Makeham,0.0002,1e-05,1.1,0.5,0.0,,0.17569098107257972,PIPELINE_06_RETIREMENT_SUMMARY,28.55852156057495,16.452696014800427,0.0,261423.49474478792,0.0,261423.49474478792,0.1448247379829406,6651.764048059604,0.0,6651.764048059604,59257.48337936025,OK,False
E06436,PEN_DB_01,34.119096509240244,7.619438740588638,60.0,25.880903490759756,33.5003422313484,pensionable_salary_annual,pensionable_salary_annual,1061000.0,0.06,4793514.446506681,0.015,2408765.616733296,547858.3451592645,0.07,0.03,Gompertz-Makeham,0.0002,1e-05,1.1,0.5,0.5,61.281314168377826,0.2590715020577383,PIPELINE_06_RETIREMENT_SUMMARY,25.880903490759756,16.452696014800427,1.0087710795270102,9013746.812076988,552663.6542741926,9566410.466351181,0.17358863396241514,405365.0330872269,24854.316986228256,430219.3500734552,56463.391165766996,OK,False
E06437,PEN_DB_02,43.07734428473648,5.686516084873374,60.0,16.922655715263517,22.60917180013689,pensionable_salary_annual,pensionable_salary_annual,1633000.0,0.065,4740391.176238142,0.02,2143526.370068423,539126.2134454002,0.068,0.03,Gompertz-Makeham,0.0002,1e-05,1.1,0.67,0.67,59.64955509924709,0.3809161765643741,PIPELINE_06_RETIREMENT_SUMMARY,16.922655715263517,16.87780186690075,1.5494783862052868,9099265.411783908,835364.4151703457,9934629.826954253,0.32847213046956397,1138503.2552891588,104521.08637170821,1243024.341660867,218591.5458794568,OK,False
E06445,PEN_DB_02,42.48596851471595,6.357289527720739,60.0,17.51403148528405,23.87132101300479,pensionable_salary_annual,pensionable_salary_annual,1067000.0,0.065,3214891.4310325263,0.02,1534874.1074427157,408759.9125452444,0.068,0.03,Gompertz-Makeham,0.0002,1e-05,1.1,0.67,0.67,60.76933607118412,0.37453981899637123,PIPELINE_06_RETIREMENT_SUMMARY,17.51403148528405,16.87779941727805,1.4580394444740252,6898967.813762753,595988.0758107193,7494955.889573473,0.31593823001837185,816364.8475557651,70524.1316945508,886888.9792503158,139507.4072657958,OK,False
E06457,PEN_DB_02,51.12936344969199,6.461327857631759,60.0,8.870636550308006,15.331964407939765,pensionable_salary_annual,pensionable_salary_annual,836000.0,0.065,1461553.4680887784,0.02,448169.71506076155,188871.5227756067,0.068,0.03,Gompertz-Makeham,0.0002,1e-05,1.1,0.67,0.67,64.34496919917865,0.585472679070287,PIPELINE_06_RETIREMENT_SUMMARY,8.870636550308006,16.87779941727805,1.1838033701848665,3187735.6770425527,223586.74519371096,3411322.4222362638,0.5578979962232149,1041222.9651016395,73031.04064261875,1114254.0057442582,172449.69305003824,OK,False
E06459,PEN_DB_01,40.28747433264887,14.85284052019165,60.0,19.71252566735113,34.56536618754278,pensionable_salary_annual,pensionable_salary_annual,436000.0,0.06,1375083.3003679493,0.015,712953.8672338956,306358.3944351591,0.07,0.03,Gompertz-Makeham,0.0002,1e-05,1.1,0.5,0.0,,0.37689467171220964,PIPELINE_06_RETIREMENT_SUMMARY,19.71252566735113,16.452696014800427,0.0,5040421.535224,0.0,5040421.535224,0.26349448403894593,500562.5845043258,0.0,500562.5845043258,33701.471703263596,OK,False
E06461,PEN_DB_02,30.65571526351814,3.6112251882272415,60.0,29.34428473648186,32.955509924709105,pensionable_salary_annual,pensionable_salary_annual,874000.0,0.065,5547101.474500276,0.02,3656151.1539252475,400636.6513273574,0.068,0.03,Gompertz-Makeham,0.0002,1e-05,1.1,0.67,0.67,53.79876796714579,0.20151565694919243,PIPELINE_06_RETIREMENT_SUMMARY,29.34428473648186,16.877802999735188,2.0594431615085016,6761866.475576733,825088.4118257922,7586954.887402525,0.14507648534181686,197684.40553590443,24121.610918445927,221806.01645435035,61421.26422285934,OK,False
E06467,PEN_DB_02,43.79739904175222,5.232032854209446,60.0,16.20260095824778,21.434633812457225,pensionable_salary_annual,pensionable_salary_annual,470000.0,0.065,1303865.034450713,0.02,558957.3910863592,136437.29395402124,0.068,0.03,Gompertz-Makeham,0.0002,1e-05,1.1,0.67,0.67,66.90759753593429,0.39141366017413914,PIPELINE_06_RETIREMENT_SUMMARY,16.20260095824778,16.87779941727805,1.005992541738722,2302761.280392174,137254.900132759,2440016.180524933,0.3444065431615887,310424.71456623735,18502.705234505614,328927.419800743,62867.99585673539,OK,False
E06468,PEN_DB_01,48.84325804243669,2.004106776180698,60.0,11.156741957563312,13.160848733744011,pensionable_salary_annual,pensionable_salary_annual,1772000.0,0.06,3394647.832035727,0.015,670146.6993263137,102048.55084394875,0.07,0.03,Gompertz-Makeham,0.0002,1e-05,1.1,0.5,0.0,,0.4734436927511608,PIPELINE_06_RETIREMENT_SUMMARY,11.156741957563312,16.452696014800427,0.0,1678973.7857863943,0.0,1678973.7857863943,0.4700810829606396,373667.24092115846,0.0,373667.24092115846,186450.76468094692,OK,False
E06469,PEN_DB_01,27.98631074606434,9.902806297056811,60.0,32.01368925393566,41.91649555099247,pensionable_salary_annual,pensionable_salary_annual,361000.0,0.06,2331531.6151948622,0.015,1465944.518629706,346330.58941108076,0.07,0.03,Gompertz-Makeham,0.0002,1e-05,1.1,0.5,0.0,,0.20623906539562065,PIPELINE_06_RETIREMENT_SUMMARY,32.01368925393566,16.452696014800427,0.0,5698071.908207172,0.0,5698071.908207172,0.11463490412225323,134714.92995788887,0.0,134714.92995788887,13603.712515100608,OK,False
E06470,PEN_DB_02,29.451060917180012,9.49760438056126,60.0,30.548939082819988,40.04654346338125,pensionable_salary_annual,pensionable_salary_annual,1092000.0,0.065,7476944.211612021,0.02,5988515.426871953,1420261.1619483696,0.068,0.03,Gompertz-Makeham,0.0002,1e-05,1.1,0.67,0.67,54.77344284736482,0.21810930370004217,PIPELINE_06_RETIREMENT_SUMMARY,30.548939082819988,16.8778029992237,1.9715644965954324,23970888.098813128,2800136.482790781,26771024.581603907,0.13402275525775703,700707.6481646515,81852.49713353407,782560.1452981855,82395.52985591305,OK,False
E06473,PEN_DB_01,47.83572895277207,4.741957563312799,60.0,12.164271047227928,16.906228610540726,pensionable_salary_annual,pensionable_salary_annual,1344000.0,0.06,2730402.499782443,0.015,692412.1329017078,194211.79177097292,0.07,0.03,Gompertz-Makeham,0.0002,1e-05,1.1,0.5,0.5,61.01026694045175,0.47765540183809524,PIPELINE_06_RETIREMENT_SUMMARY,12.164271047227928,16.452696014800427,1.0238977353396372,3195307.5724975364,198853.01377055238,3394160.586268089,0.4391043746389122,670185.6524048174,41707.54575038161,711893.1981551991,150126.43800588135,OK,False
E06474,PEN_DB_02,47.553730321697465,2.0643394934976045,60.0,12.446269678302535,14.510609171800139,pensionable_salary_annual,pensionable_salary_annual,1811000.0,0.065,3965692.575937086,0.02,1150892.3012986481,163730.7160715435,0.068,0.03,Gompertz-Makeham,0.0002,1e-05,1.1,0.67,0.67,56.407939767282684,0.44142356851257497,PIPELINE_06_RETIREMENT_SUMMARY,12.446269678302535,16.877802981487697,1.8263998068248046,2763414.7678734125,299037.74820435396,3062452.516077766,0.44095521575754965,537893.2265292777,58207.10705670586,596100.3335859836,288760.80483061075,OK,False
E06476,PEN_DB_02,31.690622861054074,2.48870636550308,60.0,28.309377138945926,30.798083504449007,pensionable_salary_annual,pensionable_salary_annual,619000.0,0.065,3680789.743658172,0.02,2267225.397750077,183208.09730241084,0.068,0.03,Gompertz-Makeham,0.0002,1e-05,1.1,0.67,0.0,,0.2034498823006153,PIPELINE_06_RETIREMENT_SUMMARY,28.309377138945926,16.87779941727805,0.0,3092149.51789125,0.0,3092149.51789125,0.15529791756800396,97697.52478195765,0.0,97697.52478195765,39256.34865413645,OK,False
E06483,PEN_DB_01,33.47296372347707,10.184804928131417,60.0,26.527036276522928,36.71184120465435,pensionable_salary_annual,pensionable_salary_annual,2088000.0,0.06,9795353.196652044,0.015,5394081.766484898,1496456.4226507433,0.07,0.03,Gompertz-Makeham,0.0002,1e-05,1.1,0.5,0.0,,0.262867556543085,PIPELINE_06_RETIREMENT_SUMMARY,26.527036276522928,16.452696014800427,0.0,24620742.621268388,0.0,24620742.621268388,0.1661634357140227,1075408.8342540138,0.0,1075408.8342540138,105589.53675034373,OK,False
E06494,PEN_DB_01,60.558521560574945,3.8466803559206024,60.0,0.0,3.8466803559206024,pensionable_salary_annual,pensionable_salary_annual,578000.0,0.06,578000.0,0.015,33350.71868583162,33350.71868583162,0.07,0.03,Gompertz-Makeham,0.0002,1e-05,1.1,0.5,0.0,,1.0,AT_RETIREMENT,0.0,16.452696014800427,0.0,548709.236413112,0.0,548709.236413112,1.0,548709.236413112,0.0,548709.236413112,142644.8744483197,OK,False
E06503,PEN_DB_01,35.20876112251882,6.611909650924025,60.0,24.791238877481177,31.403148528405204,pensionable_salary_annual,pensionable_salary_annual,1400000.0,0.06,5935971.217519504,0.015,2796122.787061549,588721.5807108666,0.07,0.03,Gompertz-Makeham,0.0002,1e-05,1.1,0.5,0.0,,0.266955775253047,PIPELINE_06_RETIREMENT_SUMMARY,24.791238877481177,16.452696014800427,0.0,9686057.204788683,0.0,9686057.204788683,0.18687007000265532,483199.07986765564,0.0,483199.07986765564,73080.10928433177,REVIEW_SPOUSE_DOB_MISSING,True
E06510,PEN_DB_01,46.809034907597535,10.787132101300479,60.0,13.190965092402465,23.978097193702943,pensionable_salary_annual,pensionable_salary_annual,2916000.0,0.06,6289213.022231001,0.015,2262050.4167843577,1017638.5752603755,0.07,0.03,Gompertz-Makeham,0.0002,1e-05,1.1,0.5,0.5,61.79876796714579,0.9748245661520945,REVIEW_DB_MORTALITY_ONLY_FALLBACK,13.190965092402465,16.452696014800427,0.9801760177684123,16742898.131693564,997464.9262262357,17740363.0579198,0.40963741254073943,6685851.316262097,398312.2956061602,7084163.611868258,656723.5429530154,REVIEW_DB_MORTALITY_ONLY_FALLBACK,True
E06515,PEN_DB_01,27.82751540041068,5.305954825462012,60.0,32.172484599589325,37.478439425051334,pensionable_salary_annual,pensionable_salary_annual,2315000.0,0.06,15090497.43513882,0.015,8483524.41025114,1201042.4652689542,0.07,0.03,Gompertz-Makeham,0.0002,1e-05,1.1,0.5,0.5,58.31622176591376,0.18623388114012915,PIPELINE_06_RETIREMENT_SUMMARY,32.172484599589325,16.452698921686956,1.1793154096356342,19760390.073230766,1416407.8869184486,21176797.960149214,0.11340987321926566,417354.47302428127,29915.612244573193,447270.08526885445,84295.87133356505,OK,False
E06520,PEN_DB_01,52.13141683778234,16.073921971252567,60.0,7.868583162217661,23.942505133470227,pensionable_salary_annual,pensionable_salary_annual,1810000.0,0.06,2862858.4811329716,0.015,1028160.0582138742,690260.4576070503,0.07,0.03,Gompertz-Makeham,0.0002,1e-05,1.1,0.5,0.0,,0.662662166129986,PIPELINE_06_RETIREMENT_SUMMARY,7.868583162217661,16.452696014800427,0.0,11356645.480045836,0.0,11356645.480045836,0.5872071048825173,4419097.117947093,0.0,4419097.117947093,274923.38993871154,OK,False
E06524,PEN_DB_01,37.5523613963039,2.8856947296372346,60.0,22.4476386036961,25.333333333333332,pensionable_salary_annual,pensionable_salary_annual,308000.0,0.06,1139220.0885050674,0.015,432903.63363192556,49311.62107943905,0.07,0.03,Gompertz-Makeham,0.0002,1e-05,1.1,0.5,0.0,,0.2716171907530441,PIPELINE_06_RETIREMENT_SUMMARY,22.4476386036961,16.452696014800427,0.0,811309.1116170356,0.0,811309.1116170356,0.21897955945256983,48255.54048732891,0.0,48255.54048732891,16722.33032542399,OK,False
E06527,PEN_DB_01,27.865845311430526,3.3401779603011637,60.0,32.134154688569474,35.474332648870636,pensionable_salary_annual,pensionable_salary_annual,988000.0,0.06,6425982.426597293,0.015,3419361.572953639,321958.873119043,0.07,0.03,Gompertz-Makeham,0.0002,1e-05,1.1,0.5,0.5,63.61396303901438,0.1762968587514623,PIPELINE_06_RETIREMENT_SUMMARY,32.134154688569474,16.452696014800427,0.8829729071576065,5297091.4686953155,284280.9621831084,5581372.430878424,0.11370436640812762,106184.02629583726,5698.617315228652,111882.64361106591,33496.01276962443,OK,False
E06538,PEN_DB_01,48.695414099931554,8.134154688569472,60.0,11.304585900068446,19.43874058863792,pensionable_salary_annual,pensionable_salary_annual,1254000.0,0.06,2423091.779083065,0.015,706527.7877408527,295647.05033493985,0.07,0.03,Gompertz-Makeham,0.0002,1e-05,1.1,0.5,0.5,59.9917864476386,0.5247717485912873,PIPELINE_06_RETIREMENT_SUMMARY,11.304585900068446,16.452698200221736,1.0816100186312034,4864191.69294653,319774.81162103463,5183966.504567564,0.4654023384357128,1187981.532009287,78098.60190304671,1266080.1339123338,155649.87173055531,OK,False
E06547,PEN_DB_01,35.57563312799452,13.538672142368242,60.0,24.42436687200548,37.96303901437372,pensionable_salary_annual,pensionable_salary_annual,1423000.0,0.06,5905880.257283304,0.015,3363077.439321983,1199366.6477316606,0.07,0.03,Gompertz-Makeham,0.0002,1e-05,1.1,0.5,0.0,,0.3016796453292726,PIPELINE_06_RETIREMENT_SUMMARY,24.42436687200548,16.452696014800427,0.0,19732814.86541924,0.0,19732814.86541924,0.19156661872673947,1140393.8954951747,0.0,1140393.8954951747,84232.32969254046,OK,False
E06565,PEN_DB_01,37.57152635181382,3.2032854209445585,60.0,22.428473648186177,25.631759069130737,pensionable_salary_annual,pensionable_salary_annual,578000.0,0.06,2135500.958322987,0.015,821049.690834489,102609.28629313735,0.07,0.03,Gompertz-Makeham,0.0002,1e-05,1.1,0.5,0.5,59.14852840520192,0.2745536161434639,PIPELINE_06_RETIREMENT_SUMMARY,22.428473648186177,16.452698200221736,1.1303764575991102,1688199.6199211378,115987.12155680954,1804186.7414779474,0.21926368894215578,101629.0071525128,6982.3828101839135,108611.38996269672,33906.24802040596,OK,False
E06566,PEN_DB_01,36.57221081451061,2.839151266255989,60.0,23.427789185489388,26.266940451745377,pensionable_salary_annual,pensionable_salary_annual,294000.0,0.06,1151351.1709606291,0.015,453637.0897000524,49032.90202407279,0.07,0.03,Gompertz-Makeham,0.0002,1e-05,1.1,0.5,0.5,59.94250513347022,0.2587734370719817,PIPELINE_06_RETIREMENT_SUMMARY,23.427789185489388,16.452698200221736,1.0844362479621974,806723.5388831111,53173.056297683535,859896.5951807946,0.20492882545744068,42780.659399857395,2819.7744345851324,45600.43383444253,16061.290702054132,OK,False
E06568,PEN_DB_01,29.924709103353866,4.309377138945927,60.0,30.075290896646134,34.384668035592064,pensionable_salary_annual,pensionable_salary_annual,827000.0,0.06,4770751.206309041,0.015,2460610.447640051,308384.49276100326,0.07,0.03,Gompertz-Makeham,0.0002,1e-05,1.1,0.5,0.0,,0.1990204449443439,PIPELINE_06_RETIREMENT_SUMMARY,30.075290896646134,16.452696014800427,0.0,5073756.315075209,0.0,5073756.315075209,0.1306996240848675,131978.02839301497,0.0,131978.02839301497,30625.77818967518,REVIEW_SPOUSE_DOB_MISSING,True
E06570,PEN_DB_01,51.73716632443532,3.0116358658453115,60.0,8.262833675564679,11.27446954140999,pensionable_salary_annual,pensionable_salary_annual,679000.0,0.06,1098924.6874954645,0.015,185846.89376206658,49643.41504086287,0.07,0.03,Gompertz-Makeham,0.0002,1e-05,1.1,0.5,0.0,,0.5740473889218701,PIPELINE_06_RETIREMENT_SUMMARY,8.262833675564679,16.452696014800427,0.0,816768.0168038881,0.0,816768.0168038881,0.5717507358579415,268073.0782435815,0.0,268073.0782435815,89012.44711678923,REVIEW_SPOUSE_DOB_MISSING,True
E06574,PEN_DB_02,42.85831622176591,9.73305954825462,60.0,17.14168377823409,26.87474332648871,pensionable_salary_annual,pensionable_salary_annual,1412000.0,0.065,4155784.5546228522,0.02,2233712.8645135066,808969.9707972204,0.068,0.03,Gompertz-Makeham,0.0002,1e-05,1.1,0.67,0.67,62.4476386036961,0.40098859509669704,PIPELINE_06_RETIREMENT_SUMMARY,17.14168377823409,16.87779941727805,1.3257675972146583,13653632.901716769,1072506.1744026432,14726139.076119412,0.3237729939240054,1772641.301213195,139242.70223445367,1911884.0034476488,196431.96406730064,OK,False
E06587,PEN_DB_01,25.30321697467488,4.418891170431212,60.0,34.69678302532512,39.11567419575633,pensionable_salary_annual,pensionable_salary_annual,1098000.0,0.06,8291525.800829342,0.015,4864929.327164221,549590.2522603103,0.07,0.03,Gompertz-Makeham,0.0002,1e-05,1.1,0.5,0.0,,0.16282163892483642,PIPELINE_06_RETIREMENT_SUMMARY,34.69678302532512,16.452696014800427,0.0,9042241.35313637,0.0,9042241.35313637,0.09560430334367567,140755.59211260002,0.0,140755.59211260002,31853.147471578162,OK,False
E06602,PEN_DB_01,39.76454483230664,0.8158795345653662,60.0,20.23545516769336,21.051334702258725,pensionable_salary_annual,pensionable_salary_annual,2153000.0,0.06,7000349.640112205,0.015,2210500.5496025765,85671.63009254362,0.07,0.03,Gompertz-Makeham,0.0002,1e-05,1.1,0.5,0.5,56.87063655030801,0.2779918465991817,PIPELINE_06_RETIREMENT_SUMMARY,20.23545516769336,16.45269919212516,1.2660137918842045,1409529.559211638,108461.46527036207,1517991.0244820002,0.2543348564047143,99657.99152217436,7668.552756312501,107326.54427848686,131547.0479789172,OK,False
E06625,PEN_DB_01,49.242984257357975,8.583162217659138,60.0,10.757015742642025,19.340177960301162,pensionable_salary_annual,pensionable_salary_annual,1270000.0,0.06,2376945.981122449,0.015,689558.3741539621,306025.69407880405,0.07,0.03,Gompertz-Makeham,0.0002,1e-05,1.1,0.5,0.0,,0.5425184681447975,PIPELINE_06_RETIREMENT_SUMMARY,10.757015742642025,16.452696014800427,0.0,5034947.717396874,0.0,5034947.717396874,0.48296787121836104,1319251.9138858267,0.0,1319251.9138858267,153702.31628287022,OK,False
E06631,PEN_DB_02,37.74948665297741,11.23066392881588,60.0,22.25051334702259,33.48117727583847,pensionable_salary_annual,pensionable_salary_annual,578000.0,0.065,2346770.667265426,0.02,1571452.8947290292,527115.8536412198,0.068,0.03,Gompertz-Makeham,0.0002,1e-05,1.1,0.67,0.67,62.0807665982204,0.32280142642951937,PIPELINE_06_RETIREMENT_SUMMARY,22.25051334702259,16.87779941727805,1.3541665778471277,8896555.647423802,713802.671654298,9610358.319078099,0.23135290686573196,664404.102408119,53307.53183051486,717711.6342386339,63906.429645456126,OK,False
E06633,PEN_DB_01,35.474332648870636,3.6331279945242985,60.0,24.525667351129364,28.15879534565366,pensionable_salary_annual,pensionable_salary_annual,1026000.0,0.06,4283419.350544773,0.015,1809238.9330740445,233433.16132126955,0.07,0.03,Gompertz-Makeham,0.0002,1e-05,1.1,0.5,0.0,,0.2517242446809079,PIPELINE_06_RETIREMENT_SUMMARY,24.525667351129364,16.452696014800427,0.0,3840604.842992717,0.0,3840604.842992717,0.19025813837361663,183936.4984128901,0.0,183936.4984128901,50627.58556541681,OK,False
E06649,PEN_DB_01,41.50855578370979,9.749486652977414,60.0,18.491444216290212,28.240930869267626,pensionable_salary_annual,pensionable_salary_annual,1015000.0,0.06,2981316.187340373,0.015,1262927.1651916201,435994.5356517072,0.07,0.03,Gompertz-Makeham,0.0002,1e-05,1.1,0.5,0.5,58.40657084188911,0.3762941594721739,PIPELINE_06_RETIREMENT_SUMMARY,18.491444216290212,16.452698921686956,1.1739664389919615,7173286.826578248,511842.9524389885,7685129.779017237,0.2861880622335499,772497.6879802515,55120.82632791002,827618.5143081616,84888.41964365514,OK,False
E06656,PEN_DB_01,54.392881587953454,12.75564681724846,60.0,5.607118412046546,18.362765229295007,pensionable_salary_annual,pensionable_salary_annual,504000.0,0.06,698752.7329520494,0.015,192465.48582790128,133695.64611185205,0.07,0.03,Gompertz-Makeham,0.0002,1e-05,1.1,0.5,0.5,64.36413415468857,0.7323930152647489,PIPELINE_06_RETIREMENT_SUMMARY,5.607118412046546,16.452696014800427,0.844296104489107,2199653.8239806364,112878.71319939091,2312532.5371800275,0.6842923409685612,1102402.5546760957,56571.5297757027,1158974.0844517983,90859.68756085414,OK,False
E06665,PEN_DB_01,37.84531143052703,0.8870636550308009,60.0,22.154688569472967,23.041752224503767,pensionable_salary_annual,pensionable_salary_annual,758000.0,0.06,2756212.954091187,0.015,952619.6394920506,36674.04505649054,0.07,0.03,Gompertz-Makeham,0.0002,1e-05,1.1,0.5,0.5,63.570157426420266,0.2537286843506685,PIPELINE_06_RETIREMENT_SUMMARY,22.154688569472967,16.452696014800427,0.885259218726487,603386.9149475332,32466.036474248802,635852.9514217819,0.2233631658018402,34196.13412064955,1839.9685345113087,36036.10265516086,40624.032391350316,OK,False
E06666,PEN_DB_01,32.276522929500345,13.650924024640657,60.0,27.723477070499655,41.374401095140314,pensionable_salary_annual,pensionable_salary_annual,1781000.0,0.06,8958400.922653683,0.015,5559727.094174228,1834356.7556612429,0.07,0.03,Gompertz-Makeham,0.0002,1e-05,1.1,0.5,0.0,,0.2619092641392242,PIPELINE_06_RETIREMENT_SUMMARY,27.723477070499655,16.452696014800427,0.0,30180114.08358997,0.0,30180114.08358997,0.15324260043818722,1211298.6984950055,0.0,1211298.6984950055,88733.82463403544,OK,False
E06668,PEN_DB_01,32.64613278576318,7.167693360711842,60.0,27.35386721423682,34.521560574948666,pensionable_salary_annual,pensionable_salary_annual,2102000.0,0.06,10347751.48203015,0.015,5358307.94402128,1112542.6439406544,0.07,0.03,Gompertz-Makeham,0.0002,1e-05,1.1,0.5,0.5,59.813826146475016,0.24040616136300658,PIPELINE_06_RETIREMENT_SUMMARY,27.35386721423682,16.452698200221736,1.0918300318587801,18304328.355632335,1214707.470377976,19519035.82601031,0.1571231028565912,691416.0214955704,45883.58502601145,737299.6065215819,102864.27856455605,OK,False
E06674,PEN_DB_01,47.676933607118414,13.44832306639288,60.0,12.323066392881586,25.771389459274467,pensionable_salary_annual,pensionable_salary_annual,4123000.0,0.06,8453940.611134509,0.015,3268046.9393268633,1705369.867839536,0.07,0.03,Gompertz-Makeham,0.0002,1e-05,1.1,0.5,0.5,59.27446954140999,0.5243976939986019,PIPELINE_06_RETIREMENT_SUMMARY,12.323066392881586,16.452698200221736,1.1230394313080057,28057935.75531591,1915197.6065483212,29973133.36186423,0.4344119431959024,6391727.428003721,436290.86539278645,6828018.293396507,507722.65506170085,OK,False
E06679,PEN_DB_01,51.72073921971253,3.9041752224503763,60.0,8.279260780287473,12.18343600273785,pensionable_salary_annual,pensionable_salary_annual,2108000.0,0.06,3414950.9042549334,0.015,624087.5369172259,199988.50059414926,0.07,0.03,Gompertz-Makeham,0.0002,1e-05,1.1,0.5,0.0,,0.583377189622216,PIPELINE_06_RETIREMENT_SUMMARY,8.279260780287473,16.452696014800427,0.0,3290350.006731272,0.0,3290350.006731272,0.571115624684384,1096265.0881581977,0.0,1096265.0881581977,280793.0038217263,OK,False
E06687,PEN_DB_01,38.340862422997944,3.4113620807665983,60.0,21.659137577002056,25.070499657768654,pensionable_salary_annual,pensionable_salary_annual,655000.0,0.06,2313899.6333534895,0.015,870159.299491495,118403.24201882743,0.07,0.03,Gompertz-Makeham,0.0002,1e-05,1.1,0.5,0.0,,0.28664883733924523,PIPELINE_06_RETIREMENT_SUMMARY,21.659137577002056,16.452696014800427,0.0,1948052.5481026124,0.0,1948052.5481026124,0.2309791169020489,128980.35526750839,0.0,128980.35526750839,37809.04876521464,OK,False
E06691,PEN_DB_02,37.040383299110196,10.04517453798768,60.0,22.959616700889804,33.00479123887749,pensionable_salary_annual,pensionable_salary_annual,659000.0,0.065,2797833.8872180535,0.02,1846838.467373779,562094.5945080378,0.068,0.03,Gompertz-Makeham,0.0002,1e-05,1.1,0.67,0.67,59.649555099247095,0.30757772328807603,PIPELINE_06_RETIREMENT_SUMMARY,22.959616700889804,16.87780186690075,1.549478386205286,9486921.19656258,870953.4251930291,10357874.62175561,0.22080809428091924,644310.4283150481,59151.36879516896,703461.797110217,70029.82322008905,OK,False
E06694,PEN_DB_01,54.13278576317591,8.621492128678987,60.0,5.86721423682409,14.488706365503077,pensionable_salary_annual,pensionable_salary_annual,1495000.0,0.06,2104341.042434696,0.015,457337.6918506944,272138.396001103,0.07,0.03,Gompertz-Makeham,0.0002,1e-05,1.1,0.5,0.0,,0.7053834565728841,PIPELINE_06_RETIREMENT_SUMMARY,5.86721423682409,16.452696014800427,0.0,4477410.303361528,0.0,4477410.303361528,0.6723556848390357,2123495.013301844,0.0,2123495.013301844,246302.49400079343,OK,False
E06712,PEN_DB_01,43.39219712525667,1.919233401779603,60.0,16.607802874743328,18.52703627652293,pensionable_salary_annual,pensionable_salary_annual,521000.0,0.06,1371237.0691919087,0.015,381074.38386947213,39475.8597742722,0.07,0.03,Gompertz-Makeham,0.0002,1e-05,1.1,0.5,0.0,,0.35170473000593366,PIPELINE_06_RETIREMENT_SUMMARY,16.607802874743328,16.452696014800427,0.0,649484.3207889887,0.0,649484.3207889887,0.3250873067337825,74258.62318776478,0.0,74258.62318776478,38691.81472087173,OK,False
E06716,PEN_DB_01,44.0,5.4811772758384665,60.0,16.0,21.481177275838466,pensionable_salary_annual,pensionable_salary_annual,824000.0,0.06,2093249.7881809948,0.015,674482.046737909,172102.09757447027,0.07,0.03,Gompertz-Makeham,0.0002,1e-05,1.1,0.5,0.5,56.342231348391515,0.39729976363528874,PIPELINE_06_RETIREMENT_SUMMARY,16.0,16.45269919212516,1.298182497166407,2831544.0417265324,223419.93079680248,3054963.972523335,0.3387345977965976,381066.8629230124,30067.670108108665,411134.5330311211,75008.43565914933,OK,False
E06720,PEN_DB_02,39.57015742642026,3.1813826146475015,60.0,20.42984257357974,23.61122518822724,pensionable_salary_annual,pensionable_salary_annual,1583000.0,0.065,5730982.682659114,0.02,2706310.4534019,364648.9734291521,0.068,0.03,Gompertz-Makeham,0.0002,1e-05,1.1,0.67,0.0,,0.30226497796136365,PIPELINE_06_RETIREMENT_SUMMARY,20.42984257357974,16.87779941727805,0.0,6154472.231253583,0.0,6154472.231253583,0.2607917240258354,485145.9969591183,0.0,485145.9969591183,152495.33166034246,OK,False
E06726,PEN_DB_01,26.910335386721425,4.687200547570157,60.0,33.08966461327857,37.77686516084873,pensionable_salary_annual,pensionable_salary_annual,373000.0,0.06,2564905.838637311,0.015,1453411.53024713,180333.42076990046,0.07,0.03,Gompertz-Makeham,0.0002,1e-05,1.1,0.5,0.0,,0.17598418993742534,PIPELINE_06_RETIREMENT_SUMMARY,33.08966461327857,16.452696014800427,0.0,2966970.9532362698,0.0,2966970.9532362698,0.1065861195652054,55652.8743138755,0.0,55652.8743138755,11873.371695761114,OK,False
E06733,PEN_DB_01,49.87816563997262,10.171115674195756,60.0,10.121834360027378,20.292950034223132,pensionable_salary_annual,pensionable_salary_annual,666000.0,0.06,1201201.8868485452,0.015,365638.9480624811,183263.4500879813,0.07,0.03,Gompertz-Makeham,0.0002,1e-05,1.1,0.5,0.5,56.558521560574945,0.5692546774581548,PIPELINE_06_RETIREMENT_SUMMARY,10.121834360027378,16.45269919212516,1.284986543269454,3015178.4172085994,235491.0672361892,3250669.4844447887,0.5041761172938551,865370.1148540507,67587.0226246666,932957.1374787173,91726.13579114442,OK,False
E06740,PEN_DB_02,19.822039698836413,1.8206707734428473,60.0,40.17796030116359,41.998631074606436,pensionable_salary_annual,pensionable_salary_annual,324000.0,0.065,4068145.3900862844,0.02,3417130.747921895,148135.068276927,0.068,0.03,Gompertz-Makeham,0.0002,1e-05,1.1,0.67,0.0,,0.11697342672405275,PIPELINE_06_RETIREMENT_SUMMARY,40.17796030116359,16.87779941727805,0.0,2500193.9690427626,0.0,2500193.9690427626,0.07113205302619299,20803.013912034025,0.0,20803.013912034025,11426.016287775077,OK,False
E06741,PEN_DB_01,25.754962354551676,2.5817932922655715,60.0,34.24503764544832,36.82683093771389,pensionable_salary_annual,pensionable_salary_annual,644000.0,0.06,4736812.302203243,0.015,2616626.7875538324,183442.05342824056,0.07,0.03,Gompertz-Makeham,0.0002,1e-05,1.1,0.5,0.0,,0.15631696589130237,PIPELINE_06_RETIREMENT_SUMMARY,34.24503764544832,16.452696014800427,0.0,3018116.3413856206,0.0,3018116.3413856206,0.0985715139757425,46504.34379838933,0.0,46504.34379838933,18012.419482886216,OK,False
E06753,PEN_DB_01,42.65023956194388,2.184804928131417,60.0,17.349760438056123,19.53456536618754,pensionable_salary_annual,pensionable_salary_annual,983000.0,0.06,2701495.3096628212,0.015,791588.0506958615,88533.6039881286,0.07,0.03,Gompertz-Makeham,0.0002,1e-05,1.1,0.5,0.0,,0.341698510070079,PIPELINE_06_RETIREMENT_SUMMARY,17.349760438056123,16.452696014800427,0.0,1456616.4735114025,0.0,1456616.4735114025,0.3091708189838445,153881.6373844332,0.0,153881.6373844332,70432.66673516823,OK,False
E06756,PEN_DB_01,37.242984257357975,9.470225872689939,60.0,22.757015742642025,32.22724161533196,pensionable_salary_annual,pensionable_salary_annual,2574000.0,0.06,9693810.302244587,0.015,4686071.501754457,1377038.5969389745,0.07,0.03,Gompertz-Makeham,0.0002,1e-05,1.1,0.5,0.5,58.74606433949349,0.9676870951180452,REVIEW_DB_MORTALITY_ONLY_FALLBACK,22.757015742642025,16.452698921686956,1.1539458321112386,22656001.438979182,1589027.9495940374,24245029.388573218,0.2144435107499915,4701442.421267161,329745.8923156386,5031188.313582799,531263.8136849139,REVIEW_DB_MORTALITY_ONLY_FALLBACK,True
E06763,PEN_DB_01,36.75564681724846,9.382614647501711,60.0,23.24435318275154,32.62696783025325,pensionable_salary_annual,pensionable_salary_annual,1192000.0,0.06,4618433.824756961,0.015,2260282.3773974823,649994.7727902301,0.07,0.03,Gompertz-Makeham,0.0002,1e-05,1.1,0.5,0.5,62.21492128678987,0.3006615694057931,PIPELINE_06_RETIREMENT_SUMMARY,23.24435318275154,16.452696014800427,0.9574559278378675,10694166.407926928,622341.3482716336,11316507.756198563,0.20748805214505966,667141.4913215479,38823.945631633884,705965.4369531818,75241.8663108111,OK,False
E06769,PEN_DB_01,35.21697467488022,5.160848733744011,60.0,24.78302532511978,29.94387405886379,pensionable_salary_annual,pensionable_salary_annual,2416000.0,0.06,10238888.878614433,0.015,4598879.986258975,792620.350562144,0.07,0.03,Gompertz-Makeham,0.0002,1e-05,1.1,0.5,0.0,,0.258784008295413,PIPELINE_06_RETIREMENT_SUMMARY,24.78302532511978,16.452696014800427,0.0,13040741.682943502,0.0,13040741.682943502,0.18697394589672037,630987.5948165408,0.0,630987.5948165408,122264.30716538015,OK,False
E06775,PEN_DB_02,52.80219028062971,5.61533196440794,60.0,7.197809719370291,12.81314168377823,pensionable_salary_annual,pensionable_salary_annual,2298000.0,0.065,3615824.116164808,0.02,926601.3340808377,406081.0547435467,0.068,0.03,Gompertz-Makeham,0.0002,1e-05,1.1,0.67,0.67,60.09582477754962,0.6363649395652134,PIPELINE_06_RETIREMENT_SUMMARY,7.197809719370291,16.87779941727805,1.5127469274161258,6853754.589118289,614297.8678451999,7468052.456963489,0.6228013706363582,2716341.4050027076,243464.03299617747,2959805.4379988853,527093.5817791773,OK,False
E06777,PEN_DB_01,35.23066392881588,6.548939082819986,60.0,24.76933607118412,31.318275154004105,pensionable_salary_annual,pensionable_salary_annual,614000.0,0.06,2600026.9672391717,0.015,1221425.399517408,255411.27333207798,0.07,0.03,Gompertz-Makeham,0.0002,1e-05,1.1,0.5,0.5,62.0889801505818,0.26688484571623605,PIPELINE_06_RETIREMENT_SUMMARY,24.76933607118412,16.452696014800427,0.9643052310417886,4202204.038885782,246294.42694116686,4448498.465826948,0.1871472007176368,209886.4421001213,12301.606609629658,222188.04870975096,33927.33477894504,OK,False
E06798,PEN_DB_01,37.68104038329911,8.952772073921972,60.0,22.318959616700887,31.271731690622858,pensionable_salary_annual,pensionable_salary_annual,1228000.0,0.06,4508156.163772427,0.015,2114667.7495937846,605407.4191185149,0.07,0.03,Gompertz-Makeham,0.0002,1e-05,1.1,0.5,0.5,52.44626967830253,0.31153494408344823,PIPELINE_06_RETIREMENT_SUMMARY,22.318959616700887,16.452699208341844,1.541103694741068,9960586.165255468,932995.6104271975,10893581.775682665,0.22089437276532398,685450.8457687122,64205.32081702203,749656.1665857342,83734.53053377352,OK,False
E06803,PEN_DB_01,30.830937713894592,12.829568788501026,60.0,29.169062286105408,41.998631074606436,pensionable_salary_annual,pensionable_salary_annual,868000.0,0.06,4749720.841408949,0.015,2992226.5998855554,914053.0539154962,0.07,0.03,Gompertz-Makeham,0.0002,1e-05,1.1,0.5,0.0,,0.2435593766974392,PIPELINE_06_RETIREMENT_SUMMARY,29.169062286105408,16.452696014800427,0.0,15038637.037471645,0.0,15038637.037471645,0.13896414461646556,508998.01665142854,0.0,508998.01665142854,39673.82108022498,OK,False
E06806,PEN_DB_01,33.25119780971937,1.3963039014373717,60.0,26.748802190280628,28.145106091718,pensionable_salary_annual,pensionable_salary_annual,638000.0,0.06,3031951.5909723337,0.015,1280018.9878930426,63502.88753165874,0.07,0.03,Gompertz-Makeham,0.0002,1e-05,1.1,0.5,0.0,,0.20897523951226735,PIPELINE_06_RETIREMENT_SUMMARY,26.748802190280628,16.452696014800427,0.0,1044793.7046204414,0.0,1044793.7046204414,0.1636888671607683,35739.17490074147,0.0,35739.17490074147,25595.556142148667,OK,False
E06807,PEN_DB_01,45.74674880219028,15.728952772073923,60.0,14.253251197809718,29.982203969883642,pensionable_salary_annual,pensionable_salary_annual,918000.0,0.06,2106364.5431650924,0.015,947301.7705215986,496963.62630322203,0.07,0.03,Gompertz-Makeham,0.0002,1e-05,1.1,0.5,0.0,,0.4870485765315027,PIPELINE_06_RETIREMENT_SUMMARY,14.253251197809718,16.452696014800427,0.0,8176391.47397979,0.0,8176391.47397979,0.3812287415814205,1518167.1522441884,0.0,1518167.1522441884,96520.54871317488,OK,False
E06832,PEN_DB_01,39.73169062286105,11.184120465434633,60.0,20.268309377138948,31.45242984257358,pensionable_salary_annual,pensionable_salary_annual,793000.0,0.06,2583332.4159411755,0.015,1218781.2235865388,433384.5141322259,0.07,0.03,Gompertz-Makeham,0.0002,1e-05,1.1,0.5,0.5,57.541409993155376,0.35298478279158324,PIPELINE_06_RETIREMENT_SUMMARY,20.268309377138948,16.452699135693468,1.2255330893016834,7130345.021086207,531127.0624599758,7661472.083546182,0.2537701306133551,638714.8762631078,47576.76591748335,686291.6421805911,61363.04095629398,OK,False
E06833,PEN_DB_01,31.720739219712527,0.5229295003422314,60.0,28.279260780287473,28.802190280629706,pensionable_salary_annual,pensionable_salary_annual,528000.0,0.06,2743248.090851948,0.015,1185173.3024953797,21517.88030195984,0.07,0.03,Gompertz-Makeham,0.0002,1e-05,1.1,0.5,0.0,,0.18487577979348552,PIPELINE_06_RETIREMENT_SUMMARY,28.279260780287473,16.452696014800427,0.0,354027.1434910073,0.0,354027.1434910073,0.14758713022235806,9659.731786628163,0.0,9659.731786628163,18472.340497727415,OK,False
E06838,PEN_DB_01,31.29637234770705,1.6536618754277892,60.0,28.70362765229295,30.35728952772074,pensionable_salary_annual,pensionable_salary_annual,1591000.0,0.06,8473060.621444238,0.015,3858287.3170666825,210173.6597680624,0.07,0.03,Gompertz-Makeham,0.0002,1e-05,1.1,0.5,0.0,,0.1931187664250684,PIPELINE_06_RETIREMENT_SUMMARY,28.70362765229295,16.452696014800427,0.0,3457923.334482021,0.0,3457923.334482021,0.14340985156947278,95767.64882489195,0.0,95767.64882489195,57912.47306836388,OK,False
E06841,PEN_DB_02,41.021218343600275,8.900752908966462,60.0,18.978781656399725,27.879534565366185,pensionable_salary_annual,pensionable_salary_annual,2212000.0,0.065,7308821.525911348,0.02,4075330.847274757,1301080.2891574425,0.068,0.03,Gompertz-Makeham,0.0002,1e-05,1.1,0.67,0.67,56.7419575633128,0.9699525909938678,REVIEW_DB_MORTALITY_ONLY_FALLBACK,18.978781656399725,16.877802981487697,1.7971350611547199,21959376.783496358,2338217.005022161,24297593.78851852,0.28691445801734367,6111150.1089142095,650710.4115835075,6761860.520497717,759695.3414677919,REVIEW_DB_MORTALITY_ONLY_FALLBACK,True
E06855,PEN_DB_02,43.096509240246405,8.539356605065024,60.0,16.903490759753595,25.44284736481862,pensionable_salary_annual,pensionable_salary_annual,1068000.0,0.065,3096528.595888079,0.02,1575690.0885195301,528847.2383613918,0.068,0.03,Gompertz-Makeham,0.0002,1e-05,1.1,0.67,0.67,54.327173169062284,0.39920600877494117,PIPELINE_06_RETIREMENT_SUMMARY,16.903490759753595,16.8778029992237,2.0116939373989866,8925779.50574707,1063878.7832218087,9989658.28896888,0.3288865356022747,1171896.663890257,139680.34904273748,1311577.0129329944,153592.01794606485,OK,False
E06859,PEN_DB_02,41.56605065023956,10.518822724161533,60.0,18.43394934976044,28.95277207392197,pensionable_salary_annual,pensionable_salary_annual,1122000.0,0.065,3582235.5654899036,0.02,2074312.9968545232,753618.0173914968,0.068,0.03,Gompertz-Makeham,0.0002,1e-05,1.1,0.67,0.67,63.82751540041068,0.381042275303519,PIPELINE_06_RETIREMENT_SUMMARY,18.43394934976044,16.87779941727805,1.2216832159671476,12719413.734780446,920682.4830976296,13640096.217878075,0.29738494243729263,1441316.0771975545,104328.2727138748,1545644.3499114292,146940.8117660462,OK,False
E06862,PEN_DB_01,40.98015058179329,17.54688569472964,60.0,19.01984941820671,36.56673511293635,pensionable_salary_annual,pensionable_salary_annual,1925000.0,0.06,5831019.322689437,0.015,3198320.085167973,1534743.443084871,0.07,0.03,Gompertz-Makeham,0.0002,1e-05,1.1,0.5,0.5,59.520876112251884,0.3981906450280105,PIPELINE_06_RETIREMENT_SUMMARY,19.01984941820671,16.452698200221736,1.1087381340066913,25250670.683844566,1701628.5812649245,26952299.26510949,0.2761372357648413,2776444.1618619193,187103.0199262434,2963547.181788163,168893.05791045818,OK,False
E06863,PEN_DB_01,33.18001368925393,4.418891170431212,60.0,26.819986310746067,31.23887748117728,pensionable_salary_annual,pensionable_salary_annual,478000.0,0.06,2281029.261846147,0.015,1068851.9046268803,151194.30097000743,0.07,0.03,Gompertz-Makeham,0.0002,1e-05,1.1,0.5,0.0,,0.23130771520161242,PIPELINE_06_RETIREMENT_SUMMARY,26.819986310746067,16.452696014800427,0.0,2487553.873029778,0.0,2487553.873029778,0.1629024007569036,93732.47799046536,0.0,93732.47799046536,21211.76430360438,REVIEW_SPOUSE_DOB_MISSING,True
E06871,PEN_DB_01,51.7864476386037,1.5277207392197125,60.0,8.213552361396303,9.741273100616016,pensionable_salary_annual,pensionable_salary_annual,1787000.0,0.06,2883869.486588017,0.015,421388.4038308076,66086.20835795127,0.07,0.03,Gompertz-Makeham,0.0002,1e-05,1.1,0.5,0.5,64.13963039014374,0.553906358871804,PIPELINE_06_RETIREMENT_SUMMARY,8.213552361396303,16.452696014800427,0.8557757387242882,1087296.2968841356,56554.97377701298,1143851.2706611485,0.5736603101870769,345492.8493399761,17970.574433631125,363463.42377360724,237912.2142174015,OK,False
E06886,PEN_DB_01,32.47638603696099,11.644079397672828,60.0,27.52361396303901,39.16769336071184,pensionable_salary_annual,pensionable_salary_annual,1928000.0,0.06,9585524.821324788,0.015,5631643.453547121,1674219.181318042,0.07,0.03,Gompertz-Makeham,0.0002,1e-05,1.1,0.5,0.0,,0.2571503273871829,PIPELINE_06_RETIREMENT_SUMMARY,27.52361396303901,16.452696014800427,0.0,27545419.252373785,0.0,27545419.252373785,0.155328892676272,1100243.254668389,0.0,1100243.254668389,94489.50123856786,OK,False
E06891,PEN_DB_01,38.496919917864474,4.646132785763176,60.0,21.503080082135526,26.1492128678987,pensionable_salary_annual,pensionable_salary_annual,719000.0,0.06,2516998.389810627,0.015,987262.9002497453,175414.63110918415,0.07,0.03,Gompertz-Makeham,0.0002,1e-05,1.1,0.5,0.5,64.08761122518823,0.2982398863312176,PIPELINE_06_RETIREMENT_SUMMARY,21.503080082135526,16.452696014800427,0.8584473348470859,2886043.602187761,150584.22256886386,3036627.824756625,0.23343086282976525,200921.720588322,10483.431736462924,211405.15232478493,45501.315195419964,OK,False
E06897,PEN_DB_02,36.7419575633128,11.520876112251882,60.0,23.258042436687198,34.77891854893908,pensionable_salary_annual,pensionable_salary_annual,559000.0,0.065,2418299.8344307547,0.02,1682117.0593716018,557218.6558951193,0.068,0.03,Gompertz-Makeham,0.0002,1e-05,1.1,0.67,0.0,,0.30971740449822505,PIPELINE_06_RETIREMENT_SUMMARY,23.258042436687198,16.87779941727805,0.0,9404624.705763103,0.0,9404624.705763103,0.21651530065906802,630660.561465038,0.0,630660.561465038,54740.677299217,OK,False
E06903,PEN_DB_01,60.70362765229295,17.919233401779604,60.0,0.0,17.919233401779604,pensionable_salary_annual,pensionable_salary_annual,2425000.0,0.06,2425000.0,0.015,651812.1149897331,651812.1149897331,0.07,0.03,Gompertz-Makeham,0.0002,1e-05,1.1,0.5,0.5,52.18343600273785,1.0,AT_RETIREMENT,0.0,16.452699208341844,1.5577430373325047,10724068.668279205,1015355.7837742306,11739424.452053435,1.0,10724068.668279205,1015355.7837742306,11739424.452053435,655129.8366864044,OK,False
E06913,PEN_DB_01,29.377138945927445,6.973305954825462,60.0,30.622861054072555,37.596167008898014,pensionable_salary_annual,pensionable_salary_annual,912000.0,0.06,5431663.216059259,0.015,3063145.76110578,568149.7417372868,0.07,0.03,Gompertz-Makeham,0.0002,1e-05,1.1,0.5,0.5,60.58042436687201,0.20718769460650735,PIPELINE_06_RETIREMENT_SUMMARY,30.622861054072555,16.452696014800427,1.0480894594404178,9347594.99169095,595471.7556986458,9943066.747389596,0.12594608110953248,243920.61363784006,15538.524741725123,259459.13837956518,37207.47950260549,OK,False
E06930,PEN_DB_02,48.18069815195072,10.839151266255989,60.0,11.819301848049278,22.658453114305267,pensionable_salary_annual,pensionable_salary_annual,577000.0,0.065,1214588.2708506978,0.02,550413.8277651129,263302.11987942026,0.068,0.03,Gompertz-Makeham,0.0002,1e-05,1.1,0.67,0.0,,0.52570803246763,PIPELINE_06_RETIREMENT_SUMMARY,11.819301848049278,16.87779941727805,0.0,4443960.365468955,0.0,4443960.365468955,0.45952351499336874,1073550.627144472,0.0,1073550.627144472,99043.79049368991,OK,False
E06940,PEN_DB_01,31.742642026009584,11.690622861054072,60.0,28.257357973990416,39.94798083504449,pensionable_salary_annual,pensionable_salary_annual,691000.0,0.06,3585543.0479786005,0.015,2148528.0744581423,628758.4728898818,0.07,0.03,Gompertz-Makeham,0.0002,1e-05,1.1,0.5,0.5,63.95619438740589,0.2492749880282951,PIPELINE_06_RETIREMENT_SUMMARY,28.257357973990416,16.452696014800427,0.8652160917123521,10344772.021187361,544011.9485448104,10888783.96973217,0.1478060038328833,381146.2958740765,20043.7611070035,401190.05698108,34317.25253216381,OK,False
E06959,PEN_DB_02,31.485284052019164,12.06570841889117,60.0,28.514715947980836,40.58042436687201,pensionable_salary_annual,pensionable_salary_annual,498000.0,0.065,2999823.0632455875,0.02,2434681.8586407173,723899.8077877236,0.068,0.03,Gompertz-Makeham,0.0002,1e-05,1.1,0.67,0.67,61.393566050650236,0.24784547444085833,PIPELINE_06_RETIREMENT_SUMMARY,28.514715947980836,16.87779941727805,1.4081471856523708,12217835.754047334,1019357.4770305752,13237193.23107791,0.15321413907827258,463953.142864493,38708.500809080644,502661.6436735737,41660.350658446296,OK,False
E06964,PEN_DB_02,39.71800136892539,6.721423682409308,60.0,20.281998631074607,27.003422313483917,pensionable_salary_annual,pensionable_salary_annual,883000.0,0.065,3167126.5065959436,0.02,1710465.0915567854,425751.9821324047,0.068,0.03,Gompertz-Makeham,0.0002,1e-05,1.1,0.67,0.0,,0.3299773163920245,PIPELINE_06_RETIREMENT_SUMMARY,20.281998631074607,16.87779941727805,0.0,7185756.555939276,0.0,7185756.555939276,0.26334064321417827,624416.6543979646,0.0,624416.6543979646,92899.46355146909,OK,False
E06966,PEN_DB_01,50.48870636550308,6.327173169062286,60.0,9.511293634496923,15.838466803559209,pensionable_salary_annual,pensionable_salary_annual,4735000.0,0.06,8241599.354991931,0.015,1958014.4668841201,782190.3946359897,0.07,0.03,Gompertz-Makeham,0.0002,1e-05,1.1,0.5,0.5,65.2703627652293,0.5644484956352508,PIPELINE_06_RETIREMENT_SUMMARY,9.511293634496923,16.452696014800427,0.7988030724068065,12869140.788642721,624816.090442321,13493956.879085042,0.5254389489163757,3816771.2686032155,185309.97067542037,4002081.239278636,632522.7921447519,OK,False
E06969,PEN_DB_01,43.6413415468857,4.01368925393566,60.0,16.358658453114302,20.37234770704996,pensionable_salary_annual,pensionable_salary_annual,1753000.0,0.06,4547282.366246136,0.015,1389582.2623095477,273770.67552019854,0.07,0.03,Gompertz-Makeham,0.0002,1e-05,1.1,0.5,0.5,62.21492128678987,0.3783848042207041,PIPELINE_06_RETIREMENT_SUMMARY,16.358658453114302,16.452696014800427,0.9574559278378675,4504265.7021003915,262123.35614499144,4766389.058245383,0.33061367780423184,563479.9987538849,32791.41999217965,596271.4187460645,148559.43771964533,OK,False
E06981,PEN_DB_02,45.63175906913073,2.54072553045859,60.0,14.36824093086927,16.90896646132786,pensionable_salary_annual,pensionable_salary_annual,1852000.0,0.065,4577272.163269087,0.02,1547938.8298617322,232591.84490150376,0.068,0.03,Gompertz-Makeham,0.0002,1e-05,1.1,0.67,0.0,,0.4037041159894347,PIPELINE_06_RETIREMENT_SUMMARY,14.36824093086927,16.87779941727805,0.0,3925638.5043422272,0.0,3925638.5043422272,0.38858081750309015,615821.4892715357,0.0,615821.4892715357,242380.17128925474,OK,False
E06985,PEN_DB_01,39.58384668035592,1.919233401779603,60.0,20.41615331964408,22.335386721423685,pensionable_salary_annual,pensionable_salary_annual,448000.0,0.06,1472063.1430202199,0.015,493186.49366566545,42378.49130419606,0.07,0.03,Gompertz-Makeham,0.0002,1e-05,1.1,0.5,0.0,,0.28998280197750903,PIPELINE_06_RETIREMENT_SUMMARY,20.41615331964408,16.452696014800427,0.0,697240.434993801,0.0,697240.434993801,0.25124434165431164,50798.52436852079,0.0,50798.52436852079,26468.132704140113,OK,False
E07018,PEN_DB_01,53.267624914442166,5.514031485284052,60.0,6.732375085557834,12.246406570841886,pensionable_salary_annual,pensionable_salary_annual,733000.0,0.06,1085106.9659053648,0.015,199329.9161599464,89749.70962354845,0.07,0.03,Gompertz-Makeham,0.0002,1e-05,1.1,0.5,0.5,60.481861738535244,0.6528550220614969,PIPELINE_06_RETIREMENT_SUMMARY,6.732375085557834,16.452696014800427,1.0536709896883587,1476624.6898528512,94566.6653632871,1571191.3552161383,0.634128667654954,611313.8878243078,39150.04012805192,650463.9279523597,117965.21831410096,OK,False
E07020,PEN_DB_02,54.209445585215605,8.098562628336756,60.0,5.7905544147843955,13.889117043121152,pensionable_salary_annual,pensionable_salary_annual,4308000.0,0.065,6203618.560548329,0.02,1723255.68556669,1004807.8686982592,0.068,0.03,Gompertz-Makeham,0.0002,1e-05,1.1,0.67,0.67,56.04654346338125,0.7057491356261005,PIPELINE_06_RETIREMENT_SUMMARY,5.7905544147843955,16.877802981487697,1.8582257385965297,16958949.24213778,1867159.8439594277,18826109.086097207,0.683213763268732,8177224.136132832,900302.5083715856,9077526.644504417,1120881.205850317,OK,False
E07028,PEN_DB_01,34.69678302532512,14.130047912388775,60.0,25.303216974674882,39.43326488706366,pensionable_salary_annual,pensionable_salary_annual,690000.0,0.06,3014177.9624929833,0.015,1782883.1701760343,638857.1853973834,0.07,0.03,Gompertz-Makeham,0.0002,1e-05,1.1,0.5,0.0,,0.2923978341084183,PIPELINE_06_RETIREMENT_SUMMARY,25.303216974674882,16.452696014800427,0.0,10510923.068214148,0.0,10510923.068214148,0.1805077686458479,554767.3666344408,0.0,554767.3666344408,39261.53471482843,OK,False
E07030,PEN_DB_01,42.16016427104723,9.946611909650924,60.0,17.83983572895277,27.786447638603697,pensionable_salary_annual,pensionable_salary_annual,3052000.0,0.06,8630520.899771614,0.015,3597172.7561306823,1287666.6295223932,0.07,0.03,Gompertz-Makeham,0.0002,1e-05,1.1,0.5,0.0,,0.3890038187550435,PIPELINE_06_RETIREMENT_SUMMARY,17.83983572895277,16.452696014800427,0.0,21185587.62393458,0.0,21185587.62393458,0.29908747961614773,2464862.0155245643,0.0,2464862.0155245643,247809.20758886513,OK,False
E07035,PEN_DB_01,30.60917180013689,10.458590006844627,60.0,29.39082819986311,39.84941820670774,pensionable_salary_annual,pensionable_salary_annual,1968000.0,0.06,10909012.328047756,0.015,6520766.917237581,1711393.3097799765,0.07,0.03,Gompertz-Makeham,0.0002,1e-05,1.1,0.5,0.0,,0.23298076971064713,PIPELINE_06_RETIREMENT_SUMMARY,29.39082819986311,16.452696014800427,0.0,28157033.88757313,0.0,28157033.88757313,0.13689463816445868,898035.3189834509,0.0,898035.3189834509,85865.81158604854,OK,False
E07038,PEN_DB_01,35.997262149212865,2.3627652292950034,60.0,24.002737850787135,26.36550308008214,pensionable_salary_annual,pensionable_salary_annual,1201000.0,0.06,4863546.331487153,0.015,1923447.6867442008,172371.27244654673,0.07,0.03,Gompertz-Makeham,0.0002,1e-05,1.1,0.5,0.0,,0.24769215122678595,PIPELINE_06_RETIREMENT_SUMMARY,24.002737850787135,16.452696014800427,0.0,2835972.1472473782,0.0,2835972.1472473782,0.19711010403227316,138459.60663016062,0.0,138459.60663016062,58600.662018153154,REVIEW_SPOUSE_DOB_MISSING,True
E07041,PEN_DB_01,53.19917864476386,7.148528405201916,60.0,6.800821355236138,13.949349760438054,pensionable_salary_annual,pensionable_salary_annual,1338000.0,0.06,1988642.8008160705,0.015,416104.1096574077,213238.04324150964,0.07,0.03,Gompertz-Makeham,0.0002,1e-05,1.1,0.5,0.5,59.65229295003422,0.6614864587579905,PIPELINE_06_RETIREMENT_SUMMARY,6.800821355236138,16.452698200221736,1.101140338172777,3508341.1702583903,234805.01104625716,3743146.1813046476,0.6311988184220606,1464835.833502755,98038.01209026534,1562873.8455930203,218628.7522416127,OK,False
E07048,PEN_DB_02,31.263518138261464,8.988364134154688,60.0,28.736481861738536,37.724845995893226,pensionable_salary_annual,pensionable_salary_annual,583000.0,0.065,3561230.32196236,0.02,2686937.3090387057,640192.6979878126,0.068,0.03,Gompertz-Makeham,0.0002,1e-05,1.1,0.67,0.0,,0.23391930604730235,PIPELINE_06_RETIREMENT_SUMMARY,28.736481861738536,16.87779941727805,0.0,10805043.945044367,0.0,10805043.945044367,0.15099505173136987,381641.2588063068,0.0,381641.2588063068,42459.479067622175,OK,False
E07053,PEN_DB_01,34.66392881587954,8.27378507871321,60.0,25.336071184120463,33.609856262833674,pensionable_salary_annual,pensionable_salary_annual,383000.0,0.06,1676293.1784676642,0.015,845099.5917400017,208039.3423133175,0.07,0.03,Gompertz-Makeham,0.0002,1e-05,1.1,0.5,0.0,,0.26865119531053305,PIPELINE_06_RETIREMENT_SUMMARY,25.336071184120463,16.452696014800427,0.0,3422808.058200021,0.0,3422808.058200021,0.1801069687164321,165615.8278791231,0.0,165615.8278791231,20016.93617897078,OK,False
E07073,PEN_DB_01,28.539356605065024,5.322381930184805,60.0,31.460643394934976,36.78302532511978,pensionable_salary_annual,pensionable_salary_annual,391000.0,0.06,2445206.6053045304,0.015,1349131.4473210005,195214.8517746204,0.07,0.03,Gompertz-Makeham,0.0002,1e-05,1.1,0.5,0.0,,0.19223788447685322,PIPELINE_06_RETIREMENT_SUMMARY,31.460643394934976,16.452696014800427,0.0,3211810.613822153,0.0,3211810.613822153,0.11900561379707676,73477.83578738301,0.0,73477.83578738301,13805.442140607844,OK,False
E07075,PEN_DB_02,46.92950034223135,5.47296372347707,60.0,13.07049965776865,18.543463381245722,pensionable_salary_annual,pensionable_salary_annual,1601000.0,0.065,3646400.530158417,0.02,1352337.8940869519,399132.35645649146,0.068,0.03,Gompertz-Makeham,0.0002,1e-05,1.1,0.67,0.67,63.318275154004105,0.4613277728035566,PIPELINE_06_RETIREMENT_SUMMARY,13.07049965776865,16.87779941727805,1.2595829922682027,6736475.853218187,502740.3278565264,7239216.181074713,0.4232134403051173,1315230.3124390899,98155.07884090289,1413385.3912799926,258248.63139820777,OK,False
E07094,PEN_DB_01,50.71047227926078,3.07460643394935,60.0,9.289527720739223,12.364134154688573,pensionable_salary_annual,pensionable_salary_annual,965000.0,0.06,1658085.228229553,0.015,307511.8230260642,76469.3926612644,0.07,0.03,Gompertz-Makeham,0.0002,1e-05,1.1,0.5,0.0,,0.5415326705030398,PIPELINE_06_RETIREMENT_SUMMARY,9.289527720739223,16.452696014800427,0.0,1258127.6718921938,0.0,1258127.6718921938,0.5333822789802735,363402.5411095461,0.0,363402.5411095461,118194.81579720543,OK,False
E07100,PEN_DB_02,29.305954825462013,0.6543463381245722,60.0,30.694045174537987,31.34839151266256,pensionable_salary_annual,pensionable_salary_annual,1462000.0,0.065,10102235.052017998,0.02,6333776.391272064,132207.2102632335,0.068,0.03,Gompertz-Makeham,0.0002,1e-05,1.1,0.67,0.0,,0.1668989906154796,PIPELINE_06_RETIREMENT_SUMMARY,30.694045174537987,16.87779941727805,0.0,2231366.776340759,0.0,2231366.776340759,0.13274943433431743,49437.59685749497,0.0,49437.59685749497,75552.64540669473,OK,False
E07103,PEN_DB_01,41.040383299110196,22.767967145790553,60.0,18.959616700889804,41.72758384668036,pensionable_salary_annual,pensionable_salary_annual,2245000.0,0.06,6776506.372150796,0.015,4241508.567472291,2314309.116665545,0.07,0.03,Gompertz-Makeham,0.0002,1e-05,1.1,0.5,0.0,,0.41479864955319173,PIPELINE_06_RETIREMENT_SUMMARY,18.959616700889804,16.452696014800427,0.0,38076624.380779505,0.0,38076624.380779505,0.2772648641002794,4379157.965896125,0.0,4379157.965896125,192338.5578455459,REVIEW_SPOUSE_DOB_MISSING,True
E07104,PEN_DB_02,37.667351129363446,13.19917864476386,60.0,22.332648870636554,35.531827515400416,pensionable_salary_annual,pensionable_salary_annual,436000.0,0.065,1779408.5641100144,0.02,1264512.7635876671,469734.6303942165,0.068,0.03,Gompertz-Makeham,0.0002,1e-05,1.1,0.67,0.0,,0.3294927827705093,PIPELINE_06_RETIREMENT_SUMMARY,22.332648870636554,16.87779941727805,0.0,7928086.871142829,0.0,7928086.871142829,0.23010616043771767,601094.2205283788,0.0,601094.2205283788,45540.27464177357,OK,False
E07109,PEN_DB_01,36.714579055441476,14.354551676933607,60.0,23.285420944558524,37.639972621492134,pensionable_salary_annual,pensionable_salary_annual,901000.0,0.06,3499310.791088283,0.015,1975709.435559824,753465.5637649227,0.07,0.03,Gompertz-Makeham,0.0002,1e-05,1.1,0.5,0.0,,0.32008547653726627,PIPELINE_06_RETIREMENT_SUMMARY,23.285420944558524,16.452696014800427,0.0,12396539.8782445,0.0,12396539.8782445,0.20691232829231823,821018.2643279525,0.0,821018.2643279525,57195.67443177277,REVIEW_SPOUSE_DOB_MISSING,True
E07121,PEN_DB_01,30.576317590691307,2.269678302532512,60.0,29.423682409308693,31.693360711841205,pensionable_salary_annual,pensionable_salary_annual,1050000.0,0.06,5831510.228445488,0.015,2772302.357473715,198534.78354748702,0.07,0.03,Gompertz-Makeham,0.0002,1e-05,1.1,0.5,0.0,,0.19172957665650261,PIPELINE_06_RETIREMENT_SUMMARY,29.423682409308693,16.452696014800427,0.0,3266432.4420710052,0.0,3266432.4420710052,0.1365906769459176,85542.87672472738,0.0,85542.87672472738,37689.42789349418,OK,False
E07126,PEN_DB_01,44.440793976728266,11.490759753593428,60.0,15.559206023271734,27.049965776865164,pensionable_salary_annual,pensionable_salary_annual,2420000.0,0.06,5991761.764048744,0.015,2431154.2599097164,1032748.423971769,0.07,0.03,Gompertz-Makeham,0.0002,1e-05,1.1,0.5,0.5,58.67488021902807,0.4411706535895851,PIPELINE_06_RETIREMENT_SUMMARY,15.559206023271734,16.452698921686956,1.1581332842440786,16991498.88145423,1196060.324052321,18187559.205506552,0.34898900873898786,2616074.190633688,184149.88377567116,2800224.074409359,243693.55329473878,OK,False
E07133,PEN_DB_01,52.81587953456537,2.42299794661191,60.0,7.184120465434631,9.60711841204654,pensionable_salary_annual,pensionable_salary_annual,2389000.0,0.06,3630918.780026016,0.015,523239.9999635025,131965.63122476486,0.07,0.03,Gompertz-Makeham,0.0002,1e-05,1.1,0.5,0.5,63.241615331964404,0.6044985464775098,PIPELINE_06_RETIREMENT_SUMMARY,7.184120465434631,16.452696014800427,0.9025026779760149,2171190.4149423116,119099.3355811455,2290289.7505234573,0.6150400562613297,807228.664824445,44280.03964138772,851508.7044658328,351427.74497869535,OK,False
E07145,PEN_DB_01,45.040383299110196,3.6167008898015056,60.0,14.959616700889804,18.57631759069131,pensionable_salary_annual,pensionable_salary_annual,808000.0,0.06,1931867.8071573952,0.015,538304.8489348225,104804.82025687552,0.07,0.03,Gompertz-Makeham,0.0002,1e-05,1.1,0.5,0.0,,0.40273489283450303,PIPELINE_06_RETIREMENT_SUMMARY,14.959616700889804,16.452696014800427,0.0,1724321.848572171,0.0,1724321.848572171,0.36343767757583856,252387.32350567178,0.0,252387.32350567178,69783.85307376731,REVIEW_SPOUSE_DOB_MISSING,True
E07148,PEN_DB_02,38.21218343600274,1.7905544147843941,60.0,21.78781656399726,23.578370978781656,pensionable_salary_annual,pensionable_salary_annual,623000.0,0.065,2456836.660504901,0.02,1158564.1243131119,87981.99457742396,0.068,0.03,Gompertz-Makeham,0.0002,1e-05,1.1,0.67,0.67,57.733059548254616,0.2696664340120255,PIPELINE_06_RETIREMENT_SUMMARY,21.78781656399726,16.8778029178778,1.711215090638543,1484942.764799555,150556.11682536633,1635498.8816249215,0.238503516863903,95506.16228300426,9683.226362036477,105189.38864504074,58746.82599786106,OK,False
E07155,PEN_DB_01,40.71731690622861,9.664613278576317,60.0,19.28268309377139,28.947296372347708,pensionable_salary_annual,pensionable_salary_annual,1729000.0,0.06,5318142.542684171,0.015,2309187.725002043,770966.8655308059,0.07,0.03,Gompertz-Makeham,0.0002,1e-05,1.1,0.5,0.5,64.54209445585215,0.36219879304343394,PIPELINE_06_RETIREMENT_SUMMARY,19.28268309377139,16.452696014800427,0.835254925221898,12684483.476061868,643953.8716174944,13328437.347679362,0.27127009957055226,1246297.4677667434,63270.85222429907,1309568.3199910424,135501.3679537474,OK,False
E07162,PEN_DB_01,26.472279260780287,5.026694045174538,60.0,33.52772073921972,38.554414784394254,pensionable_salary_annual,pensionable_salary_annual,830000.0,0.06,5854988.899625735,0.015,3386035.0589129203,441468.56754467555,0.07,0.03,Gompertz-Makeham,0.0002,1e-05,1.1,0.5,0.0,,0.17424041763872417,PIPELINE_06_RETIREMENT_SUMMARY,33.52772073921972,16.452696014800427,0.0,7263348.141901936,0.0,7263348.141901936,0.10347344475390385,130952.76472669658,0.0,130952.76472669658,26051.469126593645,OK,False
E07168,PEN_DB_01,34.02874743326489,1.6673511293634498,60.0,25.97125256673511,27.63860369609856,pensionable_salary_annual,pensionable_salary_annual,1133000.0,0.06,5145823.998807556,0.015,2133350.852893728,128698.43183875982,0.07,0.03,Gompertz-Makeham,0.0002,1e-05,1.1,0.5,0.0,,0.21947297054044798,PIPELINE_06_RETIREMENT_SUMMARY,25.97125256673511,16.452696014800427,0.0,2117436.1766246282,0.0,2117436.1766246282,0.1725307413200378,80178.48741983075,0.0,80178.48741983075,48087.34405598223,REVIEW_SPOUSE_DOB_MISSING,True
E07175,PEN_DB_02,48.83504449007529,9.440109514031485,60.0,11.16495550992471,20.605065023956193,pensionable_salary_annual,pensionable_salary_annual,2902000.0,0.065,5862118.079787267,0.02,2415786.484242517,1106780.7331475152,0.068,0.03,Gompertz-Makeham,0.0002,1e-05,1.1,0.67,0.67,51.45790554414784,0.5360241411545249,PIPELINE_06_RETIREMENT_SUMMARY,11.16495550992471,16.877802999818165,2.273304617198916,18680027.17805808,2516049.7508910475,21196076.92894913,0.47973702192531575,4803580.666797602,647003.7663691229,5450584.433166725,577385.7204797409,OK,False
E07205,PEN_DB_01,30.861054072553046,1.6125941136208077,60.0,29.138945927446954,30.751540041067763,pensionable_salary_annual,pensionable_salary_annual,385000.0,0.06,2103037.2689832966,0.015,970074.5217749645,50870.18281031465,0.07,0.03,Gompertz-Makeham,0.0002,1e-05,1.1,0.5,0.5,63.279945242984255,0.1889338032276635,PIPELINE_06_RETIREMENT_SUMMARY,29.138945927446954,16.452696014800427,0.9004822482203051,836951.653995433,45807.69658441005,882759.350579843,0.13924759110335252,22019.0070155404,1205.1353117504855,23224.142327290883,14401.72832774702,OK,False
E07208,PEN_DB_01,26.38466803559206,4.418891170431212,60.0,33.61533196440794,38.03422313483915,pensionable_salary_annual,pensionable_salary_annual,780000.0,0.06,5530439.735201882,0.015,3155189.683836737,366576.1697172829,0.07,0.03,Gompertz-Makeham,0.0002,1e-05,1.1,0.5,0.5,58.097193702943194,0.17068790074298942,PIPELINE_06_RETIREMENT_SUMMARY,33.61533196440794,16.452698921686956,1.1923182112089987,6031167.352223675,437075.44294915703,6468242.795172832,0.10286190394849587,105890.90871462785,7673.85700442727,113564.76571905511,25699.833134377248,OK,False
E07210,PEN_DB_02,34.784394250513344,6.954140999315538,60.0,25.215605749486656,32.1697467488022,pensionable_salary_annual,pensionable_salary_annual,696000.0,0.065,3406011.944585214,0.02,2191410.8336140327,473717.7461599696,0.068,0.03,Gompertz-Makeham,0.0002,1e-05,1.1,0.67,0.0,,0.2636218975212616,PIPELINE_06_RETIREMENT_SUMMARY,25.215605749486656,16.87779941727805,0.0,7995313.100093007,0.0,7995313.100093007,0.19035248743349778,401213.477763258,0.0,401213.477763258,57694.182186232276,OK,False
E07211,PEN_DB_02,50.46132785763176,6.513347022587269,60.0,9.538672142368242,16.05201916495551,pensionable_salary_annual,pensionable_salary_annual,1138000.0,0.065,2075014.8247938617,0.02,666163.5547031574,270305.83261791087,0.068,0.03,Gompertz-Makeham,0.0002,1e-05,1.1,0.67,0.0,,0.5649438562689139,PIPELINE_06_RETIREMENT_SUMMARY,9.538672142368242,16.87779941727805,0.0,4562167.624245435,0.0,4562167.624245435,0.5339101631484694,1376083.274015525,0.0,1376083.274015525,211271.29711398506,REVIEW_SPOUSE_DOB_MISSING,True
E07214,PEN_DB_01,26.469541409993155,2.2258726899383983,60.0,33.530458590006845,35.75633127994524,pensionable_salary_annual,pensionable_salary_annual,431000.0,0.06,3040846.778094858,0.015,1630942.8715367082,101528.0669647277,0.07,0.03,Gompertz-Makeham,0.0002,1e-05,1.1,0.5,0.0,,0.1590959106501353,PIPELINE_06_RETIREMENT_SUMMARY,33.530458590006845,16.452696014800427,0.0,1670410.4227409663,0.0,1670410.4227409663,0.10345427918224988,27493.540315034716,0.0,27493.540315034716,12351.802706108772,OK,False
E07217,PEN_DB_01,45.333333333333336,4.435318275154004,60.0,14.666666666666664,19.101984941820668,pensionable_salary_annual,pensionable_salary_annual,874000.0,0.06,2054301.2158214806,0.015,588618.4633587871,136672.19587806155,0.07,0.03,Gompertz-Makeham,0.0002,1e-05,1.1,0.5,0.5,66.25598904859686,0.4164662195548335,PIPELINE_06_RETIREMENT_SUMMARY,14.666666666666664,16.452696014800427,0.7509026095032485,2248626.0924570067,102627.50853137554,2351253.600988382,0.3707130950393148,347164.21589579264,15844.607802137283,363008.8236979299,81845.04497263512,OK,False
E07234,PEN_DB_01,46.75975359342916,12.208076659822039,60.0,13.24024640657084,25.44832306639288,pensionable_salary_annual,pensionable_salary_annual,1331000.0,0.06,2878948.838281702,0.015,1098966.3019231383,527196.4217617293,0.07,0.03,Gompertz-Makeham,0.0002,1e-05,1.1,0.5,0.5,54.36824093086926,0.49648173089954856,PIPELINE_06_RETIREMENT_SUMMARY,13.24024640657084,16.452699207825372,1.4202097465113026,8673804.150687573,748729.4965118914,9422533.647199465,0.4082738301674248,1758184.419879765,151767.84172228246,1909952.2616020474,156449.89090606594,OK,False
E07237,PEN_DB_02,19.71526351813826,1.7138945927446954,60.0,40.28473648186174,41.998631074606436,pensionable_salary_annual,pensionable_salary_annual,270000.0,0.065,3412993.8542381623,0.02,2866821.3948809532,116990.23423699326,0.068,0.03,Gompertz-Makeham,0.0002,1e-05,1.1,0.67,0.0,,0.11585418138496678,PIPELINE_06_RETIREMENT_SUMMARY,40.28473648186174,16.87779941727805,0.0,1974537.7072323477,0.0,1974537.7072323477,0.07063413227610757,16158.154594338384,0.0,16158.154594338384,9427.741159076828,OK,False
E07242,PEN_DB_01,40.0766598220397,8.0766598220397,60.0,19.9233401779603,28.0,pensionable_salary_annual,pensionable_salary_annual,1925000.0,0.06,6146219.922465114,0.015,2581412.3674353478,744613.9125779092,0.07,0.03,Gompertz-Makeham,0.0002,1e-05,1.1,0.5,0.0,,0.343405123467502,PIPELINE_06_RETIREMENT_SUMMARY,19.9233401779603,16.452696014800427,0.0,12250906.35203552,0.0,12250906.35203552,0.2597628266360818,1092828.4481503272,0.0,1092828.4481503272,135306.97989386675,OK,False
E07253,PEN_DB_01,30.23134839151266,6.31895961670089,60.0,29.76865160848734,36.087611225188226,pensionable_salary_annual,pensionable_salary_annual,294000.0,0.06,1665976.2932577103,0.015,901816.5717219663,157908.55379214766,0.07,0.03,Gompertz-Makeham,0.0002,1e-05,1.1,0.5,0.5,57.73305954825462,0.21210061483447595,PIPELINE_06_RETIREMENT_SUMMARY,29.76865160848734,16.452699135693468,1.2140453524008246,2598021.9264946734,191708.14583569247,2789730.072330366,0.13343954705918407,73530.80129074388,5425.840880519664,78956.64217126355,12495.196513454943,OK,False
E07257,PEN_DB_01,38.157426420260094,6.52703627652293,60.0,21.842573579739906,28.369609856262834,pensionable_salary_annual,pensionable_salary_annual,659000.0,0.06,2353047.1990278796,0.015,1001325.4651468948,230376.3664263846,0.07,0.03,Gompertz-Makeham,0.0002,1e-05,1.1,0.5,0.0,,0.30546944971810264,PIPELINE_06_RETIREMENT_SUMMARY,21.842573579739906,16.452696014800427,0.0,3790312.3258075807,0.0,3790312.3258075807,0.22813014360384123,264134.69692543196,0.0,264134.69692543196,40467.78441779111,OK,False
E07281,PEN_DB_01,51.813826146475016,5.639972621492129,60.0,8.186173853524984,13.826146475017113,pensionable_salary_annual,pensionable_salary_annual,4954000.0,0.06,7982045.789661094,0.015,1655414.0138722188,675277.7957577764,0.07,0.03,Gompertz-Makeham,0.0002,1e-05,1.1,0.5,0.5,57.73032169746749,0.9812357682277999,REVIEW_DB_MORTALITY_ONLY_FALLBACK,8.186173853524984,16.452699135693468,1.2142092100453001,11110142.406616958,819928.5189481812,11930070.925565138,0.5747239392634482,6265450.220892536,462390.2315689811,6727840.452461517,1192885.3035250332,REVIEW_DB_MORTALITY_ONLY_FALLBACK,True
E07284,PEN_DB_02,33.94387405886379,11.526351813826146,60.0,26.05612594113621,37.582477754962355,pensionable_salary_annual,pensionable_salary_annual,2138000.0,0.065,11031448.084818166,0.02,8291783.045054016,2543047.0328314565,0.068,0.03,Gompertz-Makeham,0.0002,1e-05,1.1,0.67,0.0,,0.2736891201879328,PIPELINE_06_RETIREMENT_SUMMARY,26.05612594113621,16.87779941727805,0.0,42921037.72883344,0.0,42921037.72883344,0.18011249468345417,2115785.267055298,0.0,2115785.267055298,183560.7051762346,OK,False
E07288,PEN_DB_01,42.732375085557834,5.533196440793977,60.0,17.267624914442166,22.800821355236142,pensionable_salary_annual,pensionable_salary_annual,2054000.0,0.06,5617882.205725667,0.015,1921384.9285126636,466272.6873828161,0.07,0.03,Gompertz-Makeham,0.0002,1e-05,1.1,0.5,0.0,,0.37338112843110366,PIPELINE_06_RETIREMENT_SUMMARY,17.267624914442166,16.452696014800427,0.0,7671442.7855135435,0.0,7671442.7855135435,0.3108937192160957,890515.2530906334,0.0,890515.2530906334,160940.47312783467,REVIEW_SPOUSE_DOB_MISSING,True
E07293,PEN_DB_02,38.76522929500342,5.054072553045859,60.0,21.234770704996578,26.288843258042437,pensionable_salary_annual,pensionable_salary_annual,510000.0,0.065,1942373.8656470503,0.02,1021255.2420502658,196337.96884240684,0.068,0.03,Gompertz-Makeham,0.0002,1e-05,1.1,0.67,0.67,61.31143052703628,0.30493883075192335,PIPELINE_06_RETIREMENT_SUMMARY,21.234770704996578,16.87779941727805,1.4146660478420476,3313752.8561179307,277752.6584236228,3591505.5145415533,0.24734093621926925,249936.01786759135,20949.17648139389,270885.1943489852,53597.409120242075,OK,False
E07295,PEN_DB_01,51.488021902806295,3.3127994524298425,60.0,8.511978097193705,11.824777549623548,pensionable_salary_annual,pensionable_salary_annual,2140000.0,0.06,3514121.2666042782,0.015,623305.5338999539,174623.68511668075,0.07,0.03,Gompertz-Makeham,0.0002,1e-05,1.1,0.5,0.5,62.68309377138946,0.5692530166552183,PIPELINE_06_RETIREMENT_SUMMARY,8.511978097193705,16.452696014800427,0.9321998171216788,2873030.408208978,162784.1673308834,3035814.5755398613,0.5621936396508558,919457.143483847,52095.88630555272,971553.0297893997,293272.51581039524,OK,False
E07313,PEN_DB_01,26.39835728952772,1.8480492813141685,60.0,33.60164271047228,35.449691991786445,pensionable_salary_annual,pensionable_salary_annual,493000.0,0.06,3492734.4063844183,0.015,1857245.3837316404,96821.1796430999,0.07,0.03,Gompertz-Makeham,0.0002,1e-05,1.1,0.5,0.0,,0.1560662988517385,PIPELINE_06_RETIREMENT_SUMMARY,33.60164271047228,16.452696014800427,0.0,1592969.436462306,0.0,1592969.436462306,0.10295721840881952,25596.07506372547,0.0,25596.07506372547,13850.320617815893,OK,False
E07319,PEN_DB_02,30.012320328542096,9.722108145106091,60.0,29.987679671457904,39.709787816563995,pensionable_salary_annual,pensionable_salary_annual,460000.0,0.065,3040248.6812862013,0.02,2414552.600869271,591152.5293496127,0.068,0.03,Gompertz-Makeham,0.0002,1e-05,1.1,0.67,0.67,63.00889801505818,0.2243235137117149,PIPELINE_06_RETIREMENT_SUMMARY,29.987679671457904,16.87779941727805,1.2829033368441167,9977353.815379338,758391.5524864577,10735745.367865795,0.1390639069106276,311246.5876678479,23658.25520426902,334904.84287211695,34447.75946466931,OK,False
E07323,PEN_DB_01,32.39151266255989,14.042436687200547,60.0,27.60848733744011,41.65092402464066,pensionable_salary_annual,pensionable_salary_annual,1018000.0,0.06,5086328.887849882,0.015,3177754.471082557,1071366.7706686673,0.07,0.03,Gompertz-Makeham,0.0002,1e-05,1.1,0.5,0.0,,0.26449725229435644,PIPELINE_06_RETIREMENT_SUMMARY,27.60848733744011,16.452696014800427,0.0,17626871.798169985,0.0,17626871.798169985,0.1544394853957306,720036.9050134532,0.0,720036.9050134532,51275.78076743299,OK,False
E07329,PEN_DB_02,33.4839151266256,2.6721423682409307,60.0,26.516084873374403,29.188227241615333,pensionable_salary_annual,pensionable_salary_annual,805000.0,0.065,4275632.813072118,0.02,2495962.8429931197,228501.99181702323,0.068,0.03,Gompertz-Makeham,0.0002,1e-05,1.1,0.67,0.67,62.592744695414105,0.22249371339831087,PIPELINE_06_RETIREMENT_SUMMARY,26.516084873374403,16.87779941727805,1.3146175537838989,3856610.784336229,300392.72951724357,4157003.5138534727,0.17474398628056811,149942.8614284969,11679.100623550283,161621.96205204717,60484.038565071955,OK,False
E07337,PEN_DB_01,51.49075975359343,28.238193018480494,60.0,8.50924024640657,36.747433264887064,pensionable_salary_annual,pensionable_salary_annual,4258000.0,0.06,6991000.678575446,0.015,3853519.9633609704,2961198.3983091232,0.07,0.03,Gompertz-Makeham,0.0002,1e-05,1.1,0.5,0.0,,0.6717678517003717,PIPELINE_06_RETIREMENT_SUMMARY,8.50924024640657,16.452696014800427,0.0,48719697.086893916,0.0,48719697.086893916,0.5622977896441604,18403065.507753465,0.0,18403065.507753465,651708.3262271624,REVIEW_SPOUSE_DOB_MISSING,True
E07354,PEN_DB_01,29.9958932238193,8.454483230663929,60.0,30.0041067761807,38.45859000684463,pensionable_salary_annual,pensionable_salary_annual,1380000.0,0.06,7927914.720743771,0.015,4573446.327814692,1005396.3309099287,0.07,0.03,Gompertz-Makeham,0.0002,1e-05,1.1,0.5,0.0,,0.21919970854625295,PIPELINE_06_RETIREMENT_SUMMARY,30.0041067761807,16.452696014800427,0.0,16541480.206856756,0.0,16541480.206856756,0.13133062069917695,476190.07438168826,0.0,476190.07438168826,56323.9717188833,OK,False
E07364,PEN_DB_01,42.91854893908282,10.381930184804927,60.0,17.081451060917182,27.46338124572211,pensionable_salary_annual,pensionable_salary_annual,1763000.0,0.06,4769943.242147062,0.015,1964981.5466931078,742818.2658817929,0.07,0.03,Gompertz-Makeham,0.0002,1e-05,1.1,0.5,0.0,,0.4053683210308124,PIPELINE_06_RETIREMENT_SUMMARY,17.081451060917182,16.452696014800427,0.0,12221363.122794338,0.0,12221363.122794338,0.31483458887713334,1559738.8646004489,0.0,1559738.8646004489,150235.92307365878,OK,False
E07366,PEN_DB_01,42.554414784394254,12.854209445585216,60.0,17.445585215605746,30.299794661190962,pensionable_salary_annual,pensionable_salary_annual,1918000.0,0.06,5300590.230264371,0.015,2409101.9334018803,1022023.4550756149,0.07,0.03,Gompertz-Makeham,0.0002,1e-05,1.1,0.5,0.0,,0.40957361042452345,PIPELINE_06_RETIREMENT_SUMMARY,17.445585215605746,16.452696014800427,0.0,16815041.22635513,0.0,16815041.22635513,0.30717283249049215,2115498.4202347505,0.0,2115498.4202347505,164576.3148010102,OK,False
E07386,PEN_DB_02,32.427104722792606,6.362765229295003,60.0,27.572895277207394,33.935660506502394,pensionable_salary_annual,pensionable_salary_annual,786000.0,0.065,4462008.744711393,0.02,3028424.2787514147,567814.2818731979,0.068,0.03,Gompertz-Makeham,0.0002,1e-05,1.1,0.67,0.67,58.19849418206708,0.234134474511306,PIPELINE_06_RETIREMENT_SUMMARY,27.572895277207394,16.87780267710021,1.671373507898429,9583457.406695193,949029.7481292342,10532487.154824426,0.16300759561786646,365759.33870094083,36220.38251464098,401979.7212155818,63176.89035025441,OK,False
E07406,PEN_DB_01,47.73442847364819,14.57905544147844,60.0,12.265571526351813,26.84462696783025,pensionable_salary_annual,pensionable_salary_annual,2473000.0,0.06,5053764.690885906,0.015,2034996.4186503617,1105186.7342491767,0.07,0.03,Gompertz-Makeham,0.0002,1e-05,1.1,0.5,0.5,58.195756331279945,0.5303494129803046,PIPELINE_06_RETIREMENT_SUMMARY,12.265571526351813,16.452698921686956,1.1864607629516903,18183304.590844158,1311260.6959213652,19494565.286765523,0.436105107590174,4205581.748849707,303278.9789776515,4508860.727827358,309269.7428805526,OK,False
E07409,PEN_DB_01,33.492128678986994,15.118412046543463,60.0,26.507871321013006,41.62628336755647,pensionable_salary_annual,pensionable_salary_annual,688000.0,0.06,3223985.3400962222,0.015,2013037.910095399,731123.0820538538,0.07,0.03,Gompertz-Makeham,0.0002,1e-05,1.1,0.5,0.0,,0.2808222731328388,PIPELINE_06_RETIREMENT_SUMMARY,26.507871321013006,16.452696014800427,0.0,12028945.818436045,0.0,12028945.818436045,0.16637903543618535,562027.7009012129,0.0,562027.7009012129,37175.04848862151,OK,False
E07411,PEN_DB_01,43.553730321697465,9.566050650239562,60.0,16.446269678302535,26.012320328542096,pensionable_salary_annual,pensionable_salary_annual,2785000.0,0.06,7261264.957622445,0.015,2833235.25102139,1041924.425541389,0.07,0.03,Gompertz-Makeham,0.0002,1e-05,1.1,0.5,0.5,57.823408624229984,0.9718316431168976,REVIEW_DB_MORTALITY_ONLY_FALLBACK,16.446269678302535,16.452699135693468,1.2086422109289785,17142469.095562726,1259313.8413072503,18401782.936869975,0.3286597102400498,5475337.306592932,402227.2414539881,5877564.54804692,614419.133135128,REVIEW_DB_MORTALITY_ONLY_FALLBACK,True
E07427,PEN_DB_01,32.035592060232716,14.03422313483915,60.0,27.964407939767284,41.998631074606436,pensionable_salary_annual,pensionable_salary_annual,3186000.0,0.06,16252093.454892809,0.015,10238485.158031033,3421282.589313369,0.07,0.03,Gompertz-Makeham,0.0002,1e-05,1.1,0.5,0.0,,0.2604780280480356,PIPELINE_06_RETIREMENT_SUMMARY,27.964407939767284,16.452696014800427,0.0,56289322.42270215,0.0,56289322.42270215,0.1507648340473648,2210533.853258627,0.0,2210533.853258627,157510.23993420083,OK,False
E07435,PEN_DB_02,41.921971252566735,1.6071184120465434,60.0,18.078028747433265,19.685147159479808,pensionable_salary_annual,pensionable_salary_annual,514000.0,0.065,1604686.188171077,0.02,631769.6751786472,51578.414371330444,0.068,0.03,Gompertz-Makeham,0.0002,1e-05,1.1,0.67,0.0,,0.32216656984514874,PIPELINE_06_RETIREMENT_SUMMARY,18.078028747433265,16.87779941727805,0.0,870530.1320205668,0.0,870530.1320205668,0.3044304379662741,85379.25358426303,0.0,85379.25358426303,53125.67695341068,OK,False
E07440,PEN_DB_02,43.42505133470226,0.9117043121149897,60.0,16.57494866529774,17.486652977412728,pensionable_salary_annual,pensionable_salary_annual,2438000.0,0.065,6923920.077093231,0.02,2421523.752629402,126251.35582050901,0.068,0.03,Gompertz-Makeham,0.0002,1e-05,1.1,0.67,0.0,,0.9717277074584197,REVIEW_DB_MORTALITY_ONLY_FALLBACK,16.57494866529774,16.87779941727805,0.0,2130845.0596979507,0.0,2130845.0596979507,0.33607248194010286,695872.0792870091,0.0,695872.0792870091,763265.0959747148,REVIEW_DB_MORTALITY_ONLY_FALLBACK,True
E07451,PEN_DB_02,50.83093771389459,14.184804928131417,60.0,9.169062286105408,23.353867214236825,pensionable_salary_annual,pensionable_salary_annual,1543000.0,0.065,2748755.955063207,0.02,1283881.6315777772,779811.3403522233,0.068,0.03,Gompertz-Makeham,0.0002,1e-05,1.1,0.67,0.67,56.41341546885695,0.6150318216899354,PIPELINE_06_RETIREMENT_SUMMARY,9.169062286105408,16.877802981487697,1.8259188740463763,13161502.165194672,1423872.244544527,14585374.409739198,0.5470517409370127,4428243.060670867,479067.83792964503,4907310.898600511,345955.4730194628,OK,False
E07463,PEN_DB_01,42.1492128678987,0.4654346338124572,60.0,17.850787132101303,18.31622176591376,pensionable_salary_annual,pensionable_salary_annual,2188000.0,0.06,6191229.909305526,0.015,1700999.1003389722,43224.19238529525,0.07,0.03,Gompertz-Makeham,0.0002,1e-05,1.1,0.5,0.5,61.776865160848736,0.9707479598706792,REVIEW_DB_MORTALITY_ONLY_FALLBACK,17.850787132101303,16.452696014800427,0.9813787264121604,711154.4978005142,42419.30287327526,753573.8006737895,0.2988659506957138,206322.64041438,12306.83712248205,218629.47753686205,469731.86276669917,REVIEW_DB_MORTALITY_ONLY_FALLBACK,True
E07465,PEN_DB_01,31.189596167008897,12.854209445585216,60.0,28.810403832991103,41.66461327857632,pensionable_salary_annual,pensionable_salary_annual,1076000.0,0.06,5766130.523435856,0.015,3603653.9755912465,1111785.741582396,0.07,0.03,Gompertz-Makeham,0.0002,1e-05,1.1,0.5,0.0,,0.2474039891495401,PIPELINE_06_RETIREMENT_SUMMARY,28.810403832991103,16.452696014800427,0.0,18291872.839844625,0.0,18291872.839844625,0.14237754453304766,644327.0590676945,0.0,644327.0590676945,50125.76322140051,OK,False
E07470,PEN_DB_02,37.41820670773443,7.310061601642711,60.0,22.581793292265573,29.891854893908285,pensionable_salary_annual,pensionable_salary_annual,994000.0,0.065,4120876.258951357,0.02,2463612.703366512,602477.1861136276,0.068,0.03,Gompertz-Makeham,0.0002,1e-05,1.1,0.67,0.67,56.87063655030801,0.2994593625416906,PIPELINE_06_RETIREMENT_SUMMARY,22.581793292265573,16.877802981487697,1.7859009077925014,10168491.248066902,1075964.5536045993,11244455.801671501,0.22636531244030905,689293.6736299,72936.6374771344,762230.3111070343,104271.39368233869,OK,False
E07475,PEN_DB_01,34.71321013004791,1.834360027378508,60.0,25.286789869952088,27.121149897330596,pensionable_salary_annual,pensionable_salary_annual,720000.0,0.06,3142220.0384361404,0.015,1278309.310092337,86459.44253602522,0.07,0.03,Gompertz-Makeham,0.0002,1e-05,1.1,0.5,0.0,,0.2283096976345584,PIPELINE_06_RETIREMENT_SUMMARY,25.286789869952088,16.452696014800427,0.0,1422490.9256543287,0.0,1422490.9256543287,0.18070850295572471,58688.42458546231,0.0,58688.42458546231,31993.950865432995,REVIEW_SPOUSE_DOB_MISSING,True
E07480,PEN_DB_01,43.219712525667354,4.605065023956194,60.0,16.780287474332646,21.38535249828884,pensionable_salary_annual,pensionable_salary_annual,3190000.0,0.06,8480674.153967615,0.015,2720433.093085874,585810.8388900833,0.07,0.03,Gompertz-Makeham,0.0002,1e-05,1.1,0.5,0.5,56.3668720054757,0.375373118575561,PIPELINE_06_RETIREMENT_SUMMARY,16.780287474332646,16.45269919212516,1.2966772211695046,9638169.515745034,759607.5707029694,10397777.086448004,0.3213155645810957,1162490.7134379458,91618.71923468662,1254109.4326726324,272332.6220473715,OK,False
E07486,PEN_DB_01,35.75633127994524,2.299794661190965,60.0,24.243668720054757,26.543463381245722,pensionable_salary_annual,pensionable_salary_annual,766000.0,0.06,3145833.868403131,0.015,1252519.8913416162,108521.57903320862,0.07,0.03,Gompertz-Makeham,0.0002,1e-05,1.1,0.5,0.5,61.765913757700204,0.24430574866390878,PIPELINE_06_RETIREMENT_SUMMARY,24.243668720054757,16.452696014800427,0.9819803375433783,1785472.550879521,106566.05680977061,1892038.6076892917,0.1939230477589775,84589.46774221474,5048.728427936152,89638.19617015088,38976.60851327097,OK,False
E07502,PEN_DB_01,19.953456536618756,1.9520876112251881,60.0,40.04654346338124,41.99863107460643,pensionable_salary_annual,pensionable_salary_annual,352000.0,0.06,3630405.167235809,0.015,2287080.709051224,106303.03426033395,0.07,0.03,Gompertz-Makeham,0.0002,1e-05,1.1,0.5,0.0,,0.11834424815464127,PIPELINE_06_RETIREMENT_SUMMARY,40.04654346338124,16.452696014800427,0.0,1748971.5081361898,0.0,1748971.5081361898,0.06657041583674615,13778.792479049278,0.0,13778.792479049278,7058.490817633588,OK,False
E07508,PEN_DB_01,41.25941136208077,12.071184120465434,60.0,18.74058863791923,30.811772758384663,pensionable_salary_annual,pensionable_salary_annual,1908000.0,0.06,5686239.939077484,0.015,2628046.9927875977,1029594.738866227,0.07,0.03,Gompertz-Makeham,0.0002,1e-05,1.1,0.5,0.0,,0.3826086248955277,PIPELINE_06_RETIREMENT_SUMMARY,18.74058863791923,16.452696014800427,0.0,16939609.25700386,0.0,16939609.25700386,0.28140428729011907,1823848.8929496706,0.0,1823848.8929496706,151091.1336243745,OK,False
E07520,PEN_DB_01,36.18891170431211,3.5564681724845997,60.0,23.811088295687888,27.367556468172488,pensionable_salary_annual,pensionable_salary_annual,811000.0,0.06,3247738.4460618617,0.015,1333239.9797467915,173257.17623960404,0.07,0.03,Gompertz-Makeham,0.0002,1e-05,1.1,0.5,0.0,,0.2597586217240599,PIPELINE_06_RETIREMENT_SUMMARY,23.811088295687888,16.452696014800427,0.0,2850547.653052909,0.0,2850547.653052909,0.19968262401694534,147855.8634824183,0.0,147855.8634824183,41573.7907135899,OK,False
E07522,PEN_DB_01,35.318275154004105,17.084188911704313,60.0,24.681724845995895,41.765913757700204,pensionable_salary_annual,pensionable_salary_annual,661000.0,0.06,2784799.0552485264,0.015,1744645.1576105242,713640.4971150227,0.07,0.03,Gompertz-Makeham,0.0002,1e-05,1.1,0.5,0.0,,0.3100680671948048,PIPELINE_06_RETIREMENT_SUMMARY,24.681724845995895,16.452696014800427,0.0,11741310.16288453,0.0,11741310.16288453,0.1882598395612073,685379.7788218746,0.0,685379.7788218746,40117.78272671309,OK,False
E07525,PEN_DB_01,35.64681724845996,9.431895961670088,60.0,24.35318275154004,33.785078713210126,pensionable_salary_annual,pensionable_salary_annual,337000.0,0.06,1392862.5522953186,0.015,705869.5644897013,197060.02023233558,0.07,0.03,Gompertz-Makeham,0.0002,1e-05,1.1,0.5,0.0,,0.2862049537771585,PIPELINE_06_RETIREMENT_SUMMARY,24.35318275154004,16.452696014800427,0.0,3242168.609553039,0.0,3242168.609553039,0.19249147133192215,178617.59406730192,0.0,178617.59406730192,18937.612839791593,OK,False
E07531,PEN_DB_01,27.24435318275154,8.240930869267626,60.0,32.75564681724846,40.99657768651609,pensionable_salary_annual,pensionable_salary_annual,422000.0,0.06,2845918.350347287,0.015,1750093.6910924139,351795.2457718823,0.07,0.03,Gompertz-Makeham,0.0002,1e-05,1.1,0.5,0.0,,0.1937978945997482,PIPELINE_06_RETIREMENT_SUMMARY,32.75564681724846,16.452696014800427,0.0,5787980.238136785,0.0,5787980.238136785,0.1090223040318063,122290.14226724538,0.0,122290.14226724538,14839.360286747962,OK,False
E07543,PEN_DB_01,33.45653661875428,1.998631074606434,60.0,26.543463381245722,28.542094455852155,pensionable_salary_annual,pensionable_salary_annual,550000.0,0.06,2582664.5267259027,0.015,1105719.8230438412,77426.90367597161,0.07,0.03,Gompertz-Makeham,0.0002,1e-05,1.1,0.5,0.0,,0.21666269441226402,PIPELINE_06_RETIREMENT_SUMMARY,26.543463381245722,16.452696014800427,0.0,1273881.3095479948,0.0,1273881.3095479948,0.16597885833083786,45810.58928867763,0.0,45810.58928867763,22920.983202314383,OK,False
E07545,PEN_DB_01,55.20328542094456,2.9021218343600275,60.0,4.79671457905544,7.698836413415467,pensionable_salary_annual,pensionable_salary_annual,1936000.0,0.06,2560297.108994721,0.015,295669.6291783636,111454.41213693652,0.07,0.03,Gompertz-Makeham,0.0002,1e-05,1.1,0.5,0.5,65.42094455852157,0.7089874565647801,PIPELINE_06_RETIREMENT_SUMMARY,4.79671457905544,16.452696014800427,0.7913772447729619,1833725.5623972998,88202.48559471898,1921928.0479920187,0.7228603525107494,939782.3753993122,45203.67885364582,984986.054252958,339402.03426027636,OK,False
E07548,PEN_DB_02,50.704996577686515,2.8993839835728954,60.0,9.295003422313485,12.194387405886381,pensionable_salary_annual,pensionable_salary_annual,3618000.0,0.065,6496557.106805627,0.02,1584430.6832970444,376720.2724767781,0.068,0.03,Gompertz-Makeham,0.0002,1e-05,1.1,0.67,0.0,,0.9795787601560964,REVIEW_DB_MORTALITY_ONLY_FALLBACK,9.295003422313485,16.87779941727805,0.0,6358209.195285394,0.0,6358209.195285394,0.5425379329915018,3379125.1846597907,0.0,3379125.1846597907,1165463.147966939,REVIEW_DB_MORTALITY_ONLY_FALLBACK,True
E07556,PEN_DB_01,44.993839835728956,18.869267624914443,60.0,15.006160164271044,33.87542778918549,pensionable_salary_annual,pensionable_salary_annual,1189000.0,0.06,2850530.6947047785,0.015,1448444.2006399268,806811.3982712663,0.07,0.03,Gompertz-Makeham,0.0002,1e-05,1.1,0.5,0.0,,0.481025369159039,PIPELINE_06_RETIREMENT_SUMMARY,15.006160164271044,16.452696014800427,0.0,13274222.677033223,0.0,13274222.677033223,0.3622949878260894,2313339.674030371,0.0,2313339.674030371,122598.27567318527,OK,False
E07580,PEN_DB_02,50.81724845995893,2.674880219028063,60.0,9.182751540041068,11.85763175906913,pensionable_salary_annual,pensionable_salary_annual,1459000.0,0.065,2601356.926053259,0.02,616918.6500608714,139166.3636826302,0.068,0.03,Gompertz-Makeham,0.0002,1e-05,1.1,0.67,0.67,61.23750855578371,0.5399074575869742,PIPELINE_06_RETIREMENT_SUMMARY,9.182751540041068,16.87779941727805,1.4205450411114997,2348821.9718674016,197692.08781887984,2546514.0596862813,0.5465592960753441,693117.2578987614,58337.242864074564,751454.500762836,280930.1498501799,OK,False
E07599,PEN_DB_01,31.41409993155373,13.05407255304586,60.0,28.58590006844627,41.639972621492134,pensionable_salary_annual,pensionable_salary_annual,1237000.0,0.06,6542754.656836077,0.015,4086601.8716969155,1281143.909806752,0.07,0.03,Gompertz-Makeham,0.0002,1e-05,1.1,0.5,0.5,61.1170431211499,0.2504636419290894,PIPELINE_06_RETIREMENT_SUMMARY,28.58590006844627,16.452696014800427,1.0179267740986606,21078271.299263388,1304110.6872657326,22382381.98652912,0.14455671399477343,763164.1284988524,47216.89373776932,810381.0222366217,62078.789507534835,OK,False
E07602,PEN_DB_01,53.11430527036276,18.888432580424368,60.0,6.885694729637237,25.774127310061605,pensionable_salary_annual,pensionable_salary_annual,598000.0,0.06,893201.9181987267,0.015,345322.4992986782,253067.76318903556,0.07,0.03,Gompertz-Makeham,0.0002,1e-05,1.1,0.5,0.5,49.1937029431896,0.7035996714799638,PIPELINE_06_RETIREMENT_SUMMARY,6.885694729637237,16.452699208350463,1.747738461769266,4163647.7870792677,442296.26315939386,4605944.0502386615,0.6275845982026211,1838534.9464262063,195304.0165923108,2033838.963018517,107676.42864799438,OK,False
E07608,PEN_DB_01,22.431211498973305,4.39151266255989,60.0,37.568788501026695,41.960301163586585,pensionable_salary_annual,pensionable_salary_annual,725000.0,0.06,6472151.974775553,0.015,4073601.690571258,426338.0602685826,0.07,0.03,Gompertz-Makeham,0.0002,1e-05,1.1,0.5,0.5,57.26488706365503,0.14372700697406943,PIPELINE_06_RETIREMENT_SUMMARY,37.568788501026695,16.452699135693468,1.2421703049785522,7014411.835694139,529584.4783477896,7543996.314041928,0.07872035986615973,79362.75097294325,5991.846794677477,85354.59776762073,19436.26361260815,OK,False
E07611,PEN_DB_02,50.15468856947297,0.7693360711841205,60.0,9.845311430527033,10.614647501711154,pensionable_salary_annual,pensionable_salary_annual,857000.0,0.065,1593111.7030156325,0.02,338206.3831672337,24512.765971109802,0.068,0.03,Gompertz-Makeham,0.0002,1e-05,1.1,0.67,0.67,56.145106091718,0.4869106345865595,PIPELINE_06_RETIREMENT_SUMMARY,9.845311430527033,16.877802981487697,1.849529667361314,413721.6345917072,45337.087892652446,459058.72248435963,0.5232474485077171,105405.82486373126,11550.745106575345,116956.5699703066,152022.7301838238,OK,False
E07616,PEN_DB_01,37.20739219712526,2.116358658453114,60.0,22.79260780287474,24.908966461327857,pensionable_salary_annual,pensionable_salary_annual,2390000.0,0.06,9019543.616146686,0.015,3370012.6414662236,286328.83840991324,0.07,0.03,Gompertz-Makeham,0.0002,1e-05,1.1,0.5,0.0,,0.2601123416205984,PIPELINE_06_RETIREMENT_SUMMARY,22.79260780287474,16.452696014800427,0.0,4710881.338629215,0.0,4710881.338629215,0.21392772831882453,262138.13377286927,0.0,262138.13377286927,123862.81159190234,OK,False
E07618,PEN_DB_01,54.45311430527036,2.7132101300479126,60.0,5.546885694729639,8.26009582477755,pensionable_salary_annual,pensionable_salary_annual,2305000.0,0.06,3184488.4037908693,0.015,394562.6905230823,129602.7929427824,0.07,0.03,Gompertz-Makeham,0.0002,1e-05,1.1,0.5,0.5,61.30595482546202,0.6734725430747727,PIPELINE_06_RETIREMENT_SUMMARY,5.546885694729639,16.452696014800427,1.0074009261529662,2132315.354956721,130561.9736425701,2262877.328599291,0.6870867030952847,986694.8758231822,60415.46812999431,1047110.3439531765,385930.4269716424,OK,False
E07625,PEN_DB_01,33.319644079397676,4.27378507871321,60.0,26.680355920602324,30.954140999315534,pensionable_salary_annual,pensionable_salary_annual,2420000.0,0.06,11454730.033066487,0.015,5318569.928289515,734325.8144401144,0.07,0.03,Gompertz-Makeham,0.0002,1e-05,1.1,0.5,0.5,59.26351813826146,0.23188982517432583,PIPELINE_06_RETIREMENT_SUMMARY,26.680355920602324,16.452698200221736,1.1236767019521265,12081641.00561523,825144.809328377,12906785.814943608,0.16444866532243643,460720.96286398993,31466.049262621204,492187.01212661114,115164.19358055395,OK,False
E07626,PEN_DB_01,34.76249144421629,4.043805612594114,60.0,25.237508555783712,29.281314168377826,pensionable_salary_annual,pensionable_salary_annual,1459000.0,0.06,6349101.69063538,0.015,2788650.6193571,385117.9957728319,0.07,0.03,Gompertz-Makeham,0.0002,1e-05,1.1,0.5,0.0,,0.24631948274362045,PIPELINE_06_RETIREMENT_SUMMARY,25.237508555783712,16.452696014800427,0.0,6336229.314279599,0.0,6336229.314279599,0.18131204624243855,282980.36966130574,0.0,282980.36966130574,69978.72716235064,OK,False
E07630,PEN_DB_01,39.592060232717316,1.8617385352498288,60.0,20.407939767282684,22.269678302532512,pensionable_salary_annual,pensionable_salary_annual,1522000.0,0.06,4998678.7461260455,0.015,1669784.5142090041,139593.49270495732,0.07,0.03,Gompertz-Makeham,0.0002,1e-05,1.1,0.5,0.5,59.05270362765229,0.28945335670520883,PIPELINE_06_RETIREMENT_SUMMARY,20.407939767282684,16.452698200221736,1.1359712382385005,2296689.6061895173,158574.19275808745,2455263.798947605,0.25138400142228706,167116.19167079136,11538.48352845936,178654.67519925072,95961.2060537152,OK,False
E07633,PEN_DB_02,42.31074606433949,7.104722792607803,60.0,17.68925393566051,24.793976728268312,pensionable_salary_annual,pensionable_salary_annual,1903000.0,0.065,5797395.715968729,0.02,2874809.889325822,823777.7896201973,0.068,0.03,Gompertz-Makeham,0.0002,1e-05,1.1,0.67,0.0,,0.37610527882421907,PIPELINE_06_RETIREMENT_SUMMARY,17.68925393566051,16.87779941727805,0.0,13903556.297618367,0.0,13903556.297618367,0.31231716649818747,1633169.213748232,0.0,1633169.213748232,229870.92690618176,OK,False
E07640,PEN_DB_02,52.65434633812457,7.38672142368241,60.0,7.345653661875431,14.732375085557841,pensionable_salary_annual,pensionable_salary_annual,1099000.0,0.065,1745413.934875654,0.02,514281.85536295123,257857.73011879614,0.068,0.03,Gompertz-Makeham,0.0002,1e-05,1.1,0.67,0.67,63.923340177960306,0.6431332112101998,PIPELINE_06_RETIREMENT_SUMMARY,7.345653661875431,16.87779941727805,1.2146200285048052,4352071.047139659,313199.16350707656,4665270.2106467355,0.6167731695020191,1726324.311237937,124235.86939763058,1850560.1806355678,250525.24313459639,OK,False
E07648,PEN_DB_02,35.09377138945928,16.856947296372347,60.0,24.906228610540722,41.76317590691307,pensionable_salary_annual,pensionable_salary_annual,1465000.0,0.065,7030937.0297209425,0.02,5872685.199253293,2370402.6990823736,0.068,0.03,Gompertz-Makeham,0.0002,1e-05,1.1,0.67,0.67,61.33333333333333,0.3064071492999071,PIPELINE_06_RETIREMENT_SUMMARY,24.906228610540722,16.87779941727805,1.4129263074606697,40007181.29328681,3349204.3328092634,43356385.62609607,0.19426647001426264,2381412.8751287917,199360.16639411327,2580773.0415229048,153098.4819581356,OK,False
E07652,PEN_DB_02,47.93429158110883,3.8412046543463383,60.0,12.06570841889117,15.906913073237508,pensionable_salary_annual,pensionable_salary_annual,1574000.0,0.065,3365093.3844810533,0.02,1070564.9590053344,258520.2474155739,0.068,0.03,Gompertz-Makeham,0.0002,1e-05,1.1,0.67,0.67,57.10335386721424,0.4717637603782509,PIPELINE_06_RETIREMENT_SUMMARY,12.06570841889117,16.8778029178778,1.765640724221834,4363253.786161064,456453.87687284156,4819707.663033905,0.4521344467263984,930684.8546717019,97361.90716412615,1028046.7618358281,267636.55007878557,OK,False
E07655,PEN_DB_01,45.4072553045859,20.42984257357974,60.0,14.592744695414098,35.02258726899384,pensionable_salary_annual,pensionable_salary_annual,881000.0,0.06,2061854.1419451192,0.015,1083171.9993331402,631850.3329443318,0.07,0.03,Gompertz-Makeham,0.0002,1e-05,1.1,0.5,0.5,54.02874743326488,0.4948719990109977,PIPELINE_06_RETIREMENT_SUMMARY,14.592744695414098,16.452699207825372,1.441441792948928,10395643.472297406,910775.4767946547,11306418.94909206,0.37257184636423085,1916700.65718286,167924.5695151333,2084625.2266979932,102038.24230118495,OK,False
E07663,PEN_DB_01,35.00068446269678,3.299110198494182,60.0,24.999315537303218,28.2984257357974,pensionable_salary_annual,pensionable_salary_annual,1741000.0,0.06,7471848.918172468,0.015,3171623.425800026,369756.7945132577,0.07,0.03,Gompertz-Makeham,0.0002,1e-05,1.1,0.5,0.5,57.66735112936345,0.24376404534663557,PIPELINE_06_RETIREMENT_SUMMARY,24.999315537303218,16.452699135693468,1.2179799696498952,6083497.293505062,450356.3693591001,6533853.662864163,0.1842577102662423,273242.7437857368,20227.93865240023,293470.682438137,88954.49523695395,OK,False
E07669,PEN_DB_01,42.795345653661876,8.470910335386721,60.0,17.204654346338124,25.675564681724843,pensionable_salary_annual,pensionable_salary_annual,2909000.0,0.06,7927246.922520271,0.015,3053048.1166076013,1007264.968307093,0.07,0.03,Gompertz-Makeham,0.0002,1e-05,1.1,0.5,0.5,55.997262149212865,0.39308594529980095,PIPELINE_06_RETIREMENT_SUMMARY,17.204654346338124,16.452699205198666,1.319308115970745,16572227.543490568,1328892.8476205629,17901120.39111113,0.31222110867059616,2033905.006016969,163094.65991475972,2196999.6659317287,259358.15384019527,OK,False
E07674,PEN_DB_01,27.641341546885695,9.234770704996578,60.0,32.3586584531143,41.59342915811088,pensionable_salary_annual,pensionable_salary_annual,650000.0,0.06,4283287.320532023,0.015,2672349.115955749,593327.6440309862,0.07,0.03,Gompertz-Makeham,0.0002,1e-05,1.1,0.5,0.0,,0.20084272888219207,PIPELINE_06_RETIREMENT_SUMMARY,32.3586584531143,16.452696014800427,0.0,9761839.364419533,0.0,9761839.364419533,0.11199029117707038,219567.54410385925,0.0,219567.54410385925,23776.177137247138,OK,False
E07676,PEN_DB_01,41.37166324435318,3.463381245722108,60.0,18.62833675564682,22.09171800136893,pensionable_salary_annual,pensionable_salary_annual,3613000.0,0.06,10697299.164601939,0.015,3544825.747809982,555732.379598417,0.07,0.03,Gompertz-Makeham,0.0002,1e-05,1.1,0.5,0.5,57.4154688569473,0.33297866695961154,PIPELINE_06_RETIREMENT_SUMMARY,18.62833675564682,16.452699135693468,1.2331014700007372,9143297.64149575,685274.4142098157,9828572.055705566,0.28354963601275457,863273.4055748924,64700.8552607362,927974.2608356286,267938.8132570857,OK,False
E07679,PEN_DB_01,38.91581108829569,3.1813826146475015,60.0,21.08418891170431,24.26557152635181,pensionable_salary_annual,pensionable_salary_annual,510000.0,0.06,1742303.5435877068,0.015,634169.8688631557,83144.01304512998,0.07,0.03,Gompertz-Makeham,0.0002,1e-05,1.1,0.5,0.5,58.42573579739904,0.2927720334194807,PIPELINE_06_RETIREMENT_SUMMARY,21.08418891170431,16.452698921686956,1.1728329253318843,1367943.4137723362,97514.03604355214,1465457.4498158884,0.24014131271618447,96175.53308220144,6855.88621946205,103031.41930166348,32385.736574812905,OK,False
E07680,PEN_DB_02,31.66324435318275,13.32785763175907,60.0,28.33675564681725,41.66461327857632,pensionable_salary_annual,pensionable_salary_annual,276000.0,0.065,1644024.3081083603,0.02,1369952.7403582765,438226.43843238865,0.068,0.03,Gompertz-Makeham,0.0002,1e-05,1.1,0.67,0.0,,0.25406397060264535,PIPELINE_06_RETIREMENT_SUMMARY,28.33675564681725,16.87779941727805,0.0,7396297.927210005,0.0,7396297.927210005,0.15501845134974473,291300.2595046618,0.0,291300.2595046618,21856.495436334775,OK,False
E07684,PEN_DB_01,32.766598220396986,12.314852840520192,60.0,27.233401779603014,39.5482546201232,pensionable_salary_annual,pensionable_salary_annual,1360000.0,0.06,6648194.313201842,0.015,3943867.2219384233,1228073.0193339584,0.07,0.03,Gompertz-Makeham,0.0002,1e-05,1.1,0.5,0.0,,0.2628455348262315,PIPELINE_06_RETIREMENT_SUMMARY,27.233401779603014,16.452696014800427,0.0,20205112.071079746,0.0,20205112.071079746,0.15840897232306084,841282.0910098876,0.0,841282.0910098876,68314.42502031157,OK,False
E07691,PEN_DB_01,56.982888432580424,17.557837097878167,60.0,3.017111567419576,20.574948665297743,pensionable_salary_annual,pensionable_salary_annual,2096000.0,0.06,2498859.8383387905,0.015,771208.6934339225,658118.6095797399,0.07,0.03,Gompertz-Makeham,0.0002,1e-05,1.1,0.5,0.5,60.83504449007529,0.8515875984153137,PIPELINE_06_RETIREMENT_SUMMARY,3.017111567419576,16.452696014800427,1.033729605180377,10827825.425098585,680316.6904427232,11508142.11554131,0.8153533585383634,7518244.370801814,472374.3621159237,7990618.732917737,455102.6808355221,OK,False
E07700,PEN_DB_01,31.340177960301162,13.338809034907598,60.0,28.659822039698838,41.998631074606436,pensionable_salary_annual,pensionable_salary_annual,372000.0,0.06,1976080.055795829,0.015,1244889.8585588508,395378.3175292517,0.07,0.03,Gompertz-Makeham,0.0002,1e-05,1.1,0.5,0.0,,0.2506168235301746,PIPELINE_06_RETIREMENT_SUMMARY,28.659822039698838,16.452696014800427,0.0,6505039.269152017,0.0,6505039.269152017,0.1438355242798624,234491.06790760672,0.0,234491.06790760672,17579.61054048714,OK,False
E07703,PEN_DB_01,19.750855578370977,1.7494866529774127,60.0,40.249144421629026,41.998631074606436,pensionable_salary_annual,pensionable_salary_annual,780000.0,0.06,8140180.3767435225,0.015,5128146.48785403,213617.05382912158,0.07,0.03,Gompertz-Makeham,0.0002,1e-05,1.1,0.5,0.0,,0.11622786300977407,PIPELINE_06_RETIREMENT_SUMMARY,40.249144421629026,16.452696014800427,0.0,3514576.450227797,0.0,3514576.450227797,0.06566411393233172,26823.246198621688,0.0,26823.246198621688,15332.066782545495,OK,False
E07727,PEN_DB_01,44.2299794661191,11.195071868583161,60.0,15.770020533880903,26.965092402464066,pensionable_salary_annual,pensionable_salary_annual,1216000.0,0.06,3047948.2555231396,0.015,1232823.0952216592,511829.9965845633,0.07,0.03,Gompertz-Makeham,0.0002,1e-05,1.1,0.5,0.5,60.67077344284736,0.43540065615638224,PIPELINE_06_RETIREMENT_SUMMARY,15.770020533880903,16.452696014800427,1.0429842250880017,8420983.34506216,533830.6123645453,8954813.957426706,0.3440465621343502,1261447.2959727151,79966.81086770914,1341414.1068404242,119821.83969759477,OK,False
E07729,PEN_DB_01,30.642026009582477,9.1088295687885,60.0,29.357973990417523,38.46680355920603,pensionable_salary_annual,pensionable_salary_annual,310000.0,0.06,1715104.66455501,0.015,989618.9132237327,234338.94123098635,0.07,0.03,Gompertz-Makeham,0.0002,1e-05,1.1,0.5,0.0,,0.22813179773066541,PIPELINE_06_RETIREMENT_SUMMARY,29.357973990417523,16.452696014800427,0.0,3855507.3645036006,0.0,3855507.3645036006,0.13719927580121835,120675.51997943387,0.0,120675.51997943387,13248.1916659117,OK,False
E07730,PEN_DB_01,42.770704996577685,1.4428473648186173,60.0,17.229295003422315,18.672142368240934,pensionable_salary_annual,pensionable_salary_annual,838000.0,0.06,2286895.0612504785,0.015,640518.45247344,49494.607691129444,0.07,0.03,Gompertz-Makeham,0.0002,1e-05,1.1,0.5,0.0,,0.33424023692939736,PIPELINE_06_RETIREMENT_SUMMARY,17.229295003422315,16.452696014800427,0.0,814319.734713956,0.0,814319.734713956,0.31170102179187836,84838.29195630792,0.0,84838.29195630792,58799.21468129311,OK,False
E07733,PEN_DB_01,49.516769336071185,25.741273100616016,60.0,10.483230663928815,36.224503764544835,pensionable_salary_annual,pensionable_salary_annual,516000.0,0.06,950466.7406402794,0.015,516452.7903659769,366993.3591581071,0.07,0.03,Gompertz-Makeham,0.0002,1e-05,1.1,0.5,0.0,,0.610037376922246,PIPELINE_06_RETIREMENT_SUMMARY,10.483230663928815,16.452696014800427,0.0,6038030.17767881,0.0,6038030.17767881,0.4919977093168756,1812236.2153959177,0.0,1812236.2153959177,70401.96529178461,REVIEW_SPOUSE_DOB_MISSING,True
E07735,PEN_DB_02,34.40930869267625,15.173169062286105,60.0,25.590691307323752,40.76386036960986,pensionable_salary_annual,pensionable_salary_annual,1464000.0,0.065,7335613.594187904,0.02,5980558.565577753,2226090.1048043454,0.068,0.03,Gompertz-Makeham,0.0002,1e-05,1.1,0.67,0.0,,0.2922672952969578,PIPELINE_06_RETIREMENT_SUMMARY,25.590691307323752,16.87779941727805,0.0,37571502.27367522,0.0,37571502.27367522,0.18571282315940432,2039297.9047572666,0.0,2039297.9047572666,134401.58060494257,OK,False
E07743,PEN_DB_02,51.30732375085558,2.8528405201916494,60.0,8.69267624914442,11.545516769336068,pensionable_salary_annual,pensionable_salary_annual,1534000.0,0.065,2651958.0233790516,0.02,612364.5166099634,151312.26613886224,0.068,0.03,Gompertz-Makeham,0.0002,1e-05,1.1,0.67,0.67,62.743326488706366,0.5578355349247189,PIPELINE_06_RETIREMENT_SUMMARY,8.69267624914442,16.87779941727805,1.303096713855163,2553818.0772655103,197174.51677152925,2750992.5940370397,0.5644680308614738,804147.0685697995,62086.376108773795,866233.4446785733,303638.93058430793,OK,False
E07761,PEN_DB_01,51.80287474332649,8.14236824093087,60.0,8.197125256673509,16.33949349760438,pensionable_salary_annual,pensionable_salary_annual,2766000.0,0.06,4459513.911789922,0.015,1092992.9784625154,544665.0666802146,0.07,0.03,Gompertz-Makeham,0.0002,1e-05,1.1,0.5,0.5,57.74401095140315,0.6182836377001838,PIPELINE_06_RETIREMENT_SUMMARY,8.197125256673509,16.452699135693468,1.2133899957465437,8961210.471811991,660891.1429423966,9622101.614754388,0.5742982511872511,3181939.5517224027,234668.70616712768,3416608.25788953,419608.66381780466,OK,False
E07762,PEN_DB_01,48.50924024640657,9.086926762491444,60.0,11.49075975359343,20.577686516084874,pensionable_salary_annual,pensionable_salary_annual,848000.0,0.06,1656454.34485329,0.015,511289.97354896617,225781.18975638886,0.07,0.03,Gompertz-Makeham,0.0002,1e-05,1.1,0.5,0.5,58.01505817932923,0.5252885194532672,PIPELINE_06_RETIREMENT_SUMMARY,11.49075975359343,16.452698921686956,1.1972070621760924,3714709.937242137,270306.83488286915,3985016.7721250057,0.4595767715491182,896769.6188995298,65254.88164597118,962024.500545501,105869.07165539147,OK,False
E07763,PEN_DB_02,35.51813826146475,3.7207392197125255,60.0,24.48186173853525,28.20260095824778,pensionable_salary_annual,pensionable_salary_annual,1014000.0,0.065,4738133.260557125,0.02,2672553.632689881,352587.16501558566,0.068,0.03,Gompertz-Makeham,0.0002,1e-05,1.1,0.67,0.67,56.62422997946612,0.2528753911548444,PIPELINE_06_RETIREMENT_SUMMARY,24.48186173853525,16.877802981487697,1.8074327797935614,5950896.7049343465,637277.5997836512,6588174.304717998,0.19976644537408228,300615.6051434406,32192.726710324445,332808.33185376506,89446.83091213224,OK,False
E07769,PEN_DB_01,34.11362080766598,13.949349760438055,60.0,25.88637919233402,39.83572895277207,pensionable_salary_annual,pensionable_salary_annual,1650000.0,0.06,7456948.921002638,0.015,4455794.940475909,1560293.8296718043,0.07,0.03,Gompertz-Makeham,0.0002,1e-05,1.1,0.5,0.5,63.34565366187543,0.284499136164167,PIPELINE_06_RETIREMENT_SUMMARY,25.88637919233402,16.452696014800427,0.8970239767057531,25671040.07335899,1399620.9759216509,27070661.04928064,0.17352433500531875,1267315.6718441264,69095.8212974028,1336411.4931415292,95804.57269282505,OK,False
E07774,PEN_DB_02,55.854893908282,1.9548254620123204,60.0,4.145106091717999,6.099931553730319,pensionable_salary_annual,pensionable_salary_annual,1694000.0,0.065,2199279.5288853757,0.02,268309.0918744211,85984.15242295187,0.068,0.03,Gompertz-Makeham,0.0002,1e-05,1.1,0.67,0.67,59.501711156741955,0.727642750986426,PIPELINE_06_RETIREMENT_SUMMARY,4.145106091717999,16.87780186690075,1.5617282014111051,1451223.4882879758,134283.87571335494,1585507.3640013307,0.7613233087786061,803936.288348753,74389.4248524301,878325.7132011831,449311.57807665557,OK,False
E07776,PEN_DB_02,40.5886379192334,6.433949349760438,60.0,19.4113620807666,25.84531143052704,pensionable_salary_annual,pensionable_salary_annual,1506000.0,0.065,5113498.244019483,0.02,2643199.092322734,657999.7740422059,0.068,0.03,Gompertz-Makeham,0.0002,1e-05,1.1,0.67,0.0,,0.34215844498219244,PIPELINE_06_RETIREMENT_SUMMARY,19.4113620807666,16.87779941727805,0.0,11105588.202898633,0.0,11105588.202898633,0.27886439574848254,1059648.6718081124,0.0,1059648.6718081124,164696.45845868642,OK,False
E07781,PEN_DB_01,38.24503764544832,3.2881587953456535,60.0,21.75496235455168,25.04312114989733,pensionable_salary_annual,pensionable_salary_annual,1658000.0,0.06,5889964.434682543,0.015,2212546.393595122,290507.0754026174,0.07,0.03,Gompertz-Makeham,0.0002,1e-05,1.1,0.5,0.0,,0.28430940049105535,PIPELINE_06_RETIREMENT_SUMMARY,21.75496235455168,16.452696014800427,0.0,4779624.60174797,0.0,4779624.60174797,0.22948643671530441,311847.3300275149,0.0,311847.3300275149,94839.49816198988,OK,False
E07782,PEN_DB_01,37.14715947980835,6.034223134839151,60.0,22.85284052019165,28.8870636550308,pensionable_salary_annual,pensionable_salary_annual,841000.0,0.06,3184981.388855963,0.015,1380071.4017995591,288283.3257100017,0.07,0.03,Gompertz-Makeham,0.0002,1e-05,1.1,0.5,0.0,,0.2885410657292567,PIPELINE_06_RETIREMENT_SUMMARY,22.85284052019165,16.452696014800427,0.0,4743037.924042358,0.0,4743037.924042358,0.2130576903175401,291582.4920368644,0.0,291582.4920368644,48321.46334685333,OK,False
E07802,PEN_DB_01,41.69472963723477,5.0102669404517455,60.0,18.305270362765228,23.315537303216974,pensionable_salary_annual,pensionable_salary_annual,2197000.0,0.06,6383527.92197974,0.015,2232530.7508656867,479747.68366418587,0.07,0.03,Gompertz-Makeham,0.0002,1e-05,1.1,0.5,0.5,62.78986995208761,0.9704199377658939,REVIEW_DB_MORTALITY_ONLY_FALLBACK,18.305270362765228,16.452696014800427,0.9264856152092603,7893142.803131487,444479.32784483087,8337622.130976318,0.2898157645063752,2219891.1310386965,125006.69789241927,2344897.8289311156,468018.5420858414,REVIEW_DB_MORTALITY_ONLY_FALLBACK,True
E07831,PEN_DB_01,48.662559890485966,0.7611225188227242,60.0,11.337440109514034,12.098562628336758,pensionable_salary_annual,pensionable_salary_annual,451000.0,0.06,873132.7408059032,0.015,158454.76721237318,9968.414864231667,0.07,0.03,Gompertz-Makeham,0.0002,1e-05,1.1,0.5,0.5,57.76865160848734,0.44603028631048874,PIPELINE_06_RETIREMENT_SUMMARY,11.337440109514034,16.452699135693468,1.2119158764167322,164007.33062097826,12080.8802366709,176088.21085764916,0.4643689578460885,33969.62788979177,2502.2235571240853,36471.851446915854,47918.502665417334,OK,False
E07833,PEN_DB_01,42.58179329226557,2.945927446954141,60.0,17.418206707734427,20.364134154688568,pensionable_salary_annual,pensionable_salary_annual,1336000.0,0.06,3686287.8959672605,0.015,1126020.918694229,162893.05035157176,0.07,0.03,Gompertz-Makeham,0.0002,1e-05,1.1,0.5,0.0,,0.3487639910854874,PIPELINE_06_RETIREMENT_SUMMARY,17.418206707734427,16.452696014800427,0.0,2680029.84035799,0.0,2680029.84035799,0.30774236458170773,287646.142946941,0.0,287646.142946941,97641.96441577157,OK,False
E07844,PEN_DB_02,28.999315537303218,6.299794661190965,60.0,31.000684462696782,37.30047912388775,pensionable_salary_annual,pensionable_salary_annual,2020000.0,0.065,14230099.286119457,0.02,10615790.427054975,1792934.0702182543,0.068,0.03,Gompertz-Makeham,0.0002,1e-05,1.1,0.67,0.67,65.40451745379877,0.20079822969983988,PIPELINE_06_RETIREMENT_SUMMARY,31.000684462696782,16.87779941727805,1.1082785367003014,30260781.605547618,1987070.3477416025,32247851.953289222,0.13009829668096934,790517.7600853374,51909.24745118651,842427.007536524,133722.93111808578,OK,False
E07847,PEN_DB_01,51.62765229295003,10.160164271047227,60.0,8.372347707049968,18.532511978097197,pensionable_salary_annual,pensionable_salary_annual,2724000.0,0.06,4436869.000460913,0.015,1233394.9184443504,676189.768407,0.07,0.03,Gompertz-Makeham,0.0002,1e-05,1.1,0.5,0.5,59.923340177960306,0.6231869559661486,PIPELINE_06_RETIREMENT_SUMMARY,8.372347707049968,16.452698200221736,1.0855361523264755,11125146.1856782,734028.4394390653,11859174.625117267,0.5675299643454025,3934711.3413140797,259609.1752237859,4194320.516537866,412820.1478484116,OK,False
E07850,PEN_DB_01,43.60027378507871,3.3100616016427105,60.0,16.399726214921287,19.709787816564,pensionable_salary_annual,pensionable_salary_annual,916000.0,0.06,2381796.9546701973,0.015,704170.6889803184,118258.41963845045,0.07,0.03,Gompertz-Makeham,0.0002,1e-05,1.1,0.5,0.0,,0.3710518778826344,PIPELINE_06_RETIREMENT_SUMMARY,16.399726214921287,16.452696014800427,0.0,1945669.8295021302,0.0,1945669.8295021302,0.32969631326980847,238022.42156462453,0.0,238022.42156462453,71908.75887219116,OK,False
E07854,PEN_DB_02,28.238193018480494,8.900752908966462,60.0,31.761806981519506,40.662559890485966,pensionable_salary_annual,pensionable_salary_annual,397000.0,0.065,2934022.7023477606,0.02,2386097.477085226,522300.2220579094,0.068,0.03,Gompertz-Makeham,0.0002,1e-05,1.1,0.67,0.0,,0.20480676161037045,PIPELINE_06_RETIREMENT_SUMMARY,31.761806981519506,16.87779941727805,0.0,8815278.383493181,0.0,8815278.383493181,0.12374435227973529,223411.59497332634,0.0,223411.59497332634,25100.303003385863,OK,False
E07855,PEN_DB_02,37.06502395619439,12.295687885010267,60.0,22.934976043805612,35.23066392881588,pensionable_salary_annual,pensionable_salary_annual,346000.0,0.065,1466691.2393316214,0.02,1033450.1228046163,360679.5540500103,0.068,0.03,Gompertz-Makeham,0.0002,1e-05,1.1,0.67,0.67,56.31211498973306,0.31733263157363856,PIPELINE_06_RETIREMENT_SUMMARY,22.934976043805612,16.877802981487697,1.8348223861586896,6087478.452706916,661782.9200006919,6749261.372707608,0.2211663262168475,427239.2797006904,46446.10412273238,473685.3838234228,38524.51267902586,OK,False
E07881,PEN_DB_01,31.81930184804928,3.868583162217659,60.0,28.18069815195072,32.049281314168375,pensionable_salary_annual,pensionable_salary_annual,985000.0,0.06,5088305.5315534575,0.015,2446148.0308979372,295267.9965538002,0.07,0.03,Gompertz-Makeham,0.0002,1e-05,1.1,0.5,0.0,,0.21407792997631292,PIPELINE_06_RETIREMENT_SUMMARY,28.18069815195072,16.452696014800427,0.0,4857954.590198815,0.0,4857954.590198815,0.1485746207954673,154514.76229365755,0.0,154514.76229365755,39940.91785403994,OK,False
E07883,PEN_DB_02,46.91581108829569,1.7138945927446954,60.0,13.08418891170431,14.798083504449005,pensionable_salary_annual,pensionable_salary_annual,3475000.0,0.065,7921405.466080479,0.02,2344432.3911931543,271529.0799050721,0.068,0.03,Gompertz-Makeham,0.0002,1e-05,1.1,0.67,0.67,60.17522245037645,0.4211906185140157,PIPELINE_06_RETIREMENT_SUMMARY,13.08418891170431,16.87779941727805,1.506251755328709,4582813.346595871,408991.1532298041,4991804.499825675,0.422832472165412,816167.3003281344,72838.4902775085,889005.790605643,518705.0559404332,OK,False
E07885,PEN_DB_01,43.00889801505818,6.548939082819986,60.0,16.99110198494182,23.540041067761805,pensionable_salary_annual,pensionable_salary_annual,893000.0,0.06,2403399.665650979,0.015,848641.9024750356,236095.77003027278,0.07,0.03,Gompertz-Makeham,0.0002,1e-05,1.1,0.5,0.5,50.51334702258727,0.38552939722399665,PIPELINE_06_RETIREMENT_SUMMARY,16.99110198494182,16.452699208350406,1.663804049958791,3884412.6886719484,392817.0983545072,4277229.787026456,0.31676503438841314,474373.1505384201,47971.70112105079,522344.8516594709,79760.22452701579,OK,False
E07886,PEN_DB_01,38.52977412731006,6.976043805612594,60.0,21.470225872689937,28.44626967830253,pensionable_salary_annual,pensionable_salary_annual,746000.0,0.06,2606522.4545009257,0.015,1112187.6099492656,272748.22234366974,0.07,0.03,Gompertz-Makeham,0.0002,1e-05,1.1,0.5,0.5,55.945242984257355,0.31345925054368334,PIPELINE_06_RETIREMENT_SUMMARY,21.470225872689937,16.452699205198666,1.322501678474411,4487444.460973044,360709.98185041506,4848154.442823459,0.2339503267572991,329081.77683482453,26452.26760614942,355534.04444097396,50964.99597019849,OK,False
E07888,PEN_DB_01,46.18754277891855,2.108145106091718,60.0,13.812457221081452,15.920602327173171,pensionable_salary_annual,pensionable_salary_annual,1319000.0,0.06,2949721.2504572654,0.015,704420.0850681313,93276.6062772934,0.07,0.03,Gompertz-Makeham,0.0002,1e-05,1.1,0.5,0.0,,0.41034159308771745,PIPELINE_06_RETIREMENT_SUMMARY,13.812457221081452,16.452696014800427,0.0,1534651.6483725335,0.0,1534651.6483725335,0.3927695650008624,247339.32892042634,0.0,247339.32892042634,117325.57128335809,OK,False
E07893,PEN_DB_02,37.4839151266256,11.260780287474333,60.0,22.516084873374403,33.776865160848736,pensionable_salary_annual,pensionable_salary_annual,974000.0,0.065,4021286.7861242457,0.02,2716529.2309604282,905656.5394293783,0.068,0.03,Gompertz-Makeham,0.0002,1e-05,1.1,0.67,0.67,58.502395619438744,0.3190925574156613,PIPELINE_06_RETIREMENT_SUMMARY,22.516084873374403,16.87780267710021,1.6455474709030857,15285492.365714474,1490300.8279648542,16775793.193679327,0.22734596437550186,1108876.9517178754,108112.98711993106,1216989.9388378065,108073.32243143905,OK,False
E07899,PEN_DB_01,59.35386721423682,9.946611909650924,60.0,0.6461327857631787,10.592744695414103,pensionable_salary_annual,pensionable_salary_annual,727000.0,0.06,754892.9336538261,0.015,119945.82177850735,112629.40566588707,0.07,0.03,Gompertz-Makeham,0.0002,1e-05,1.1,0.5,0.5,60.65160848733744,0.9610546021160503,PIPELINE_06_RETIREMENT_SUMMARY,0.6461327857631787,16.452696014800427,1.0440662568849564,1853057.3737484808,117592.56198876,1970649.9357372408,0.9572253201209002,1704712.346590161,108178.78341451564,1812891.1300046768,182262.17595216303,OK,False
E07909,PEN_DB_01,55.460643394934976,4.238193018480493,60.0,4.539356605065024,8.777549623545516,pensionable_salary_annual,pensionable_salary_annual,1032000.0,0.06,1344472.872693913,0.015,177017.66036372422,85472.03313881632,0.07,0.03,Gompertz-Makeham,0.0002,1e-05,1.1,0.5,0.5,61.13073237508556,0.7339966935797184,PIPELINE_06_RETIREMENT_SUMMARY,4.539356605065024,16.452696014800427,1.0171623880539993,1406245.3789998933,86938.93733930896,1493184.3163392022,0.7355573757252765,759227.2138068681,46938.04378180178,806165.2575886699,190214.38006089255,OK,False
E07910,PEN_DB_01,43.65503080082136,2.751540041067762,60.0,16.344969199178642,19.096509240246405,pensionable_salary_annual,pensionable_salary_annual,756000.0,0.06,1959500.5233746856,0.015,561294.2977633852,80874.66225838024,0.07,0.03,Gompertz-Makeham,0.0002,1e-05,1.1,0.5,0.5,59.7782340862423,0.36634159791213117,PIPELINE_06_RETIREMENT_SUMMARY,16.344969199178642,16.452698200221736,1.0938787199694,1330606.4101819934,88467.07202915451,1419073.482211148,0.33092003285956206,161309.11388222946,10724.843114821935,172033.9569970514,62522.78884892838,OK,False
E07911,PEN_DB_01,34.36002737850787,16.04928131416838,60.0,25.639972621492127,41.6892539356605,pensionable_salary_annual,pensionable_salary_annual,1241000.0,0.06,5528578.417934214,0.015,3457234.6435270743,1330945.6544529924,0.07,0.03,Gompertz-Makeham,0.0002,1e-05,1.1,0.5,0.0,,0.29445999199515893,PIPELINE_06_RETIREMENT_SUMMARY,25.639972621492127,16.452696014800427,0.0,21897644.264934693,0.0,21897644.264934693,0.17644150138192044,1137691.2994229423,0.0,1137691.2994229423,70887.36730027798,OK,False
E07918,PEN_DB_01,54.195756331279945,9.02943189596167,60.0,5.804243668720055,14.833675564681725,pensionable_salary_annual,pensionable_salary_annual,995000.0,0.06,1395418.5404056634,0.015,310487.7885797899,188997.55015432765,0.07,0.03,Gompertz-Makeham,0.0002,1e-05,1.1,0.5,0.0,,0.7098456778501435,PIPELINE_06_RETIREMENT_SUMMARY,5.804243668720055,16.452696014800427,0.0,3109519.2402311503,0.0,3109519.2402311503,0.6752263695475562,1490412.8458888847,0.0,1490412.8458888847,165061.64098269105,OK,False
E07921,PEN_DB_01,39.12662559890486,3.186858316221766,60.0,20.87337440109514,24.060232717316907,pensionable_salary_annual,pensionable_salary_annual,1004000.0,0.06,3388071.0799505515,0.015,1222766.6796963222,161959.53745636312,0.07,0.03,Gompertz-Makeham,0.0002,1e-05,1.1,0.5,0.0,,0.29583827461468326,PIPELINE_06_RETIREMENT_SUMMARY,20.87337440109514,16.452696014800427,0.0,2664671.036467226,0.0,2664671.036467226,0.24359109465356035,192025.70550861396,0.0,192025.70550861396,60255.48877750966,OK,False
E07926,PEN_DB_01,41.6290212183436,8.145106091718,60.0,18.370978781656397,26.516084873374396,pensionable_salary_annual,pensionable_salary_annual,710000.0,0.06,2070865.3550308805,0.015,823668.6227299414,253011.27027584676,0.07,0.03,Gompertz-Makeham,0.0002,1e-05,1.1,0.5,0.0,,0.3699813398628552,PIPELINE_06_RETIREMENT_SUMMARY,18.370978781656397,16.452696014800427,0.0,4162717.518167018,0.0,4162717.518167018,0.2885301779644882,444373.3496191224,0.0,444373.3496191224,54557.097797776296,OK,False
E07936,PEN_DB_01,35.40588637919233,9.672826830937714,60.0,24.59411362080767,34.266940451745384,pensionable_salary_annual,pensionable_salary_annual,848000.0,0.06,3554439.9201585776,0.015,1826996.716250709,515722.2274299899,0.07,0.03,Gompertz-Makeham,0.0002,1e-05,1.1,0.5,0.0,,0.2841869884436017,PIPELINE_06_RETIREMENT_SUMMARY,24.59411362080767,16.452696014800427,0.0,8485021.035981394,0.0,8485021.035981394,0.18937909333244687,456655.97679470544,0.0,456655.97679470544,47210.18837369549,OK,False
E07957,PEN_DB_02,33.70294318959617,2.028747433264887,60.0,26.29705681040383,28.325804243668717,pensionable_salary_annual,pensionable_salary_annual,1178000.0,0.065,6171055.891378184,0.02,3496002.42311834,250390.276003353,0.068,0.03,Gompertz-Makeham,0.0002,1e-05,1.1,0.67,0.67,55.53730321697468,0.21944178251509086,PIPELINE_06_RETIREMENT_SUMMARY,26.29705681040383,16.877802996251773,1.9033437653173713,4226037.7505617,476578.77072707773,4702616.521288778,0.17728016399599653,164404.17395859447,18540.189120926232,182944.3630795207,90176.01702401476,OK,False
E07964,PEN_DB_01,22.8911704312115,4.889801505817933,60.0,37.1088295687885,41.998631074606436,pensionable_salary_annual,pensionable_salary_annual,374000.0,0.06,3250443.6644540173,0.015,2047712.7643829416,238410.3648753542,0.07,0.03,Gompertz-Makeham,0.0002,1e-05,1.1,0.5,0.5,55.7700205338809,0.14870625736234114,PIPELINE_06_RETIREMENT_SUMMARY,37.1088295687885,16.452699205198666,1.3332739733596246,3922494.0206958638,317866.33446748136,4240360.355163345,0.08120867073461328,47368.969348263905,3838.629345205213,51207.59869346912,10472.326664495855,OK,False
E07965,PEN_DB_01,19.794661190965094,1.2046543463381245,60.0,40.205338809034906,41.40999315537303,pensionable_salary_annual,pensionable_salary_annual,482000.0,0.06,5017390.7528391555,0.015,3116551.7509935205,90663.32366526604,0.07,0.03,Gompertz-Makeham,0.0002,1e-05,1.1,0.5,0.0,,0.11324472040293117,PIPELINE_06_RETIREMENT_SUMMARY,40.205338809034906,16.452696014800427,0.0,1491656.1039560838,0.0,1491656.1039560838,0.06585901979860949,11125.049093634572,0.0,11125.049093634572,9235.054957840974,OK,False
E07974,PEN_DB_01,48.72826830937714,2.080766598220397,60.0,11.271731690622858,13.352498288843254,pensionable_salary_annual,pensionable_salary_annual,875000.0,0.06,1687520.185810003,0.015,337989.15590124775,52670.034546841984,0.07,0.03,Gompertz-Makeham,0.0002,1e-05,1.1,0.5,0.5,53.015742642026005,0.4714995840117925,PIPELINE_06_RETIREMENT_SUMMARY,11.271731690622858,16.4526992082766,1.5051250816317303,866564.2356887282,79274.9900468616,945839.2257355897,0.466438018652444,190579.42702685128,17434.578486478313,208014.00551332958,99969.88883387322,OK,False
E07983,PEN_DB_01,35.02532511978097,8.369609856262834,60.0,24.974674880219027,33.34428473648186,pensionable_salary_annual,pensionable_salary_annual,775000.0,0.06,3321295.0640253276,0.015,1661193.1246309842,416969.1585513522,0.07,0.03,Gompertz-Makeham,0.0002,1e-05,1.1,0.5,0.5,59.16495550992471,0.27351193825369996,PIPELINE_06_RETIREMENT_SUMMARY,24.974674880219027,16.452698200221736,1.1294184123573883,6860267.724445804,470932.64505306433,7331200.3694988685,0.18456515236848872,346311.6146874454,23773.043745247014,370084.6584326924,44217.67140743896,OK,False
E07999,PEN_DB_01,47.46611909650924,22.439425051334702,60.0,12.533880903490761,34.97330595482546,pensionable_salary_annual,pensionable_salary_annual,1224000.0,0.06,2540751.081995778,0.015,1332876.9741853825,855194.902178127,0.07,0.03,Gompertz-Makeham,0.0002,1e-05,1.1,0.5,0.5,55.419575633128,0.5487000618591038,PIPELINE_06_RETIREMENT_SUMMARY,12.533880903490761,16.452699205198666,1.3548857928503628,14070264.48735602,1158691.4230792,15228955.91043522,0.4282597212636967,3306317.078038275,272276.41980332986,3578593.4978416045,159477.94962013743,OK,False
E08006,PEN_DB_02,35.09103353867214,9.023956194387406,60.0,24.908966461327857,33.93292265571526,pensionable_salary_annual,pensionable_salary_annual,1142000.0,0.065,5481716.443061521,0.02,3720213.2016593833,989335.3810448063,0.068,0.03,Gompertz-Makeham,0.0002,1e-05,1.1,0.67,0.67,55.38672142368241,0.2773392952451612,PIPELINE_06_RETIREMENT_SUMMARY,24.908966461327857,16.877802996251773,1.9167422024850138,16697807.658495922,1896300.8772601725,18594108.535756093,0.19423148246815944,899477.8780163887,102149.97825123096,1001627.8562676196,110996.5335260158,OK,False
E08008,PEN_DB_02,19.983572895277206,1.9822039698836413,60.0,40.016427104722794,41.998631074606436,pensionable_salary_annual,pensionable_salary_annual,342000.0,0.065,4250692.531104018,0.02,3570465.3485084544,168514.79219818258,0.068,0.03,Gompertz-Makeham,0.0002,1e-05,1.1,0.67,0.0,,0.11865748563003388,PIPELINE_06_RETIREMENT_SUMMARY,40.016427104722794,16.87779941727805,0.0,2844158.861565218,0.0,2844158.861565218,0.0718919973018163,24262.16439526743,0.0,24262.16439526743,12239.993847198108,OK,False
E08010,PEN_DB_01,40.48733744010951,10.685831622176591,60.0,19.512662559890487,30.19849418206708,pensionable_salary_annual,pensionable_salary_annual,769000.0,0.06,2397237.978848025,0.015,1085894.657359085,384247.2210038539,0.07,0.03,Gompertz-Makeham,0.0002,1e-05,1.1,0.5,0.5,59.58384668035592,0.36318249199864183,PIPELINE_06_RETIREMENT_SUMMARY,19.512662559890487,16.452698200221736,1.1050949323076458,6321903.56145031,424629.65668465494,6746533.218134965,0.26708177957724083,613221.0184220979,41188.833077462084,654409.8514995599,61240.89117607335,OK,False
E08020,PEN_DB_02,46.37645448323067,12.021902806297057,60.0,13.623545516769333,25.64544832306639,pensionable_salary_annual,pensionable_salary_annual,538000.0,0.065,1268764.159527277,0.02,650760.513746311,305059.188199002,0.068,0.03,Gompertz-Makeham,0.0002,1e-05,1.1,0.67,0.67,56.43258042436687,0.4865519279640811,PIPELINE_06_RETIREMENT_SUMMARY,13.623545516769333,16.877802981487697,1.824235915386811,5148728.876115332,556499.9274313638,5705228.803546696,0.4080921477848693,1022321.4178090577,110497.52443976342,1132818.9422488213,94229.58748721975,OK,False
E08028,PEN_DB_01,47.096509240246405,11.849418206707734,60.0,12.903490759753595,24.752908966461327,pensionable_salary_annual,pensionable_salary_annual,1600000.0,0.06,3393547.88141034,0.015,1260002.7267281676,603173.520769772,0.07,0.03,Gompertz-Makeham,0.0002,1e-05,1.1,0.5,0.5,59.36208076659822,0.5030286176914753,PIPELINE_06_RETIREMENT_SUMMARY,12.903490759753595,16.452698200221736,1.1179463182732046,9923831.899590235,674315.6168244529,10598147.516414689,0.41768290058070906,2085061.111783557,141678.0618550243,2226739.1736385813,187919.704984171,OK,False
E08029,PEN_DB_01,38.71594798083505,13.434633812457221,60.0,21.284052019164953,34.718685831622174,pensionable_salary_annual,pensionable_salary_annual,458000.0,0.06,1582985.1132907618,0.015,824387.442367152,319002.3799144874,0.07,0.03,Gompertz-Makeham,0.0002,1e-05,1.1,0.5,0.0,,0.3461724887406215,PIPELINE_06_RETIREMENT_SUMMARY,21.284052019164953,16.452696014800427,0.0,5248449.184730939,0.0,5248449.184730939,0.23691586670848366,430445.0266194018,0.0,430445.0266194018,32039.952307466177,OK,False
E08043,PEN_DB_01,46.639288158795345,11.811088295687885,60.0,13.360711841204655,25.17180013689254,pensionable_salary_annual,pensionable_salary_annual,569000.0,0.06,1239414.6923615255,0.015,467974.4838427871,219582.54549682222,0.07,0.03,Gompertz-Makeham,0.0002,1e-05,1.1,0.5,0.5,59.04175222450377,0.4918107662249228,PIPELINE_06_RETIREMENT_SUMMARY,13.360711841204655,16.452698200221736,1.136611311166812,3612725.3510956746,249580.00494648924,3862305.356042164,0.40495970695538686,719523.1835845223,49707.23823876504,769230.4218232874,65127.81909387013,OK,False
E08047,PEN_DB_02,39.449691991786445,6.3408624229979464,60.0,20.550308008213555,26.891170431211503,pensionable_salary_annual,pensionable_salary_annual,1535000.0,0.065,5599525.715877418,0.02,3011556.007192225,710116.443968356,0.068,0.03,Gompertz-Makeham,0.0002,1e-05,1.1,0.67,0.0,,0.32350754992542236,PIPELINE_06_RETIREMENT_SUMMARY,20.550308008213555,16.87779941727805,0.0,11985202.90420868,0.0,11985202.90420868,0.25873307912667465,1003186.7060967585,0.0,1003186.7060967585,158209.82055347195,REVIEW_SPOUSE_DOB_MISSING,True
E08067,PEN_DB_02,46.403832991101986,9.924709103353868,60.0,13.596167008898014,23.520876112251884,pensionable_salary_annual,pensionable_salary_annual,1865000.0,0.065,4390648.506906088,0.02,2065437.9916676364,871518.1841223586,0.068,0.03,Gompertz-Makeham,0.0002,1e-05,1.1,0.67,0.67,55.43052703627652,0.47705285062079716,PIPELINE_06_RETIREMENT_SUMMARY,13.596167008898014,16.877802996251773,1.9128418587810254,14709312.219268247,1667076.4632780764,16376388.682546323,0.4088278535556965,2868793.8317321255,325134.07857460453,3193927.91030673,321815.7708246988,OK,False
E08074,PEN_DB_01,58.60643394934976,0.2464065708418891,60.0,1.393566050650243,1.6399726214921322,pensionable_salary_annual,pensionable_salary_annual,1127000.0,0.06,1222332.363786974,0.015,30068.874164615976,4517.860892847131,0.07,0.03,Gompertz-Makeham,0.0002,1e-05,1.1,0.5,0.5,56.89801505817933,0.8578476751401746,PIPELINE_06_RETIREMENT_SUMMARY,1.393566050650243,16.45269919212516,1.2643535430106467,74331.00626187984,5712.173426700514,80043.17968858035,0.9100217346315344,58027.24553229542,4459.265475115623,62486.51100741104,253591.09050507648,OK,False
E08082,PEN_DB_01,38.53798767967146,1.158110882956879,60.0,21.46201232032854,22.62012320328542,pensionable_salary_annual,pensionable_salary_annual,2135000.0,0.06,7456116.264895437,0.015,2529874.027949326,129525.14086450801,0.07,0.03,Gompertz-Makeham,0.0002,1e-05,1.1,0.5,0.0,,0.26635295479453486,PIPELINE_06_RETIREMENT_SUMMARY,21.46201232032854,16.452696014800427,0.0,2131037.768917955,0.0,2131037.768917955,0.23408037326158082,132865.94085089068,0.0,132865.94085089068,114726.44183401373,OK,False
E08086,PEN_DB_01,44.78850102669404,5.935660506502396,60.0,15.211498973305957,21.14715947980835,pensionable_salary_annual,pensionable_salary_annual,1933000.0,0.06,4689990.872666326,0.015,1487699.774146805,417572.9039811333,0.07,0.03,Gompertz-Makeham,0.0002,1e-05,1.1,0.5,0.5,56.17522245037646,0.41676053686028797,PIPELINE_06_RETIREMENT_SUMMARY,15.211498973305957,16.45269919212516,1.3083978047840221,6870201.379983748,546351.4709062041,7416552.850889953,0.3572964456537573,1023021.4788573894,81355.59044467151,1104377.0693020609,186057.99103439934,OK,False
E08087,PEN_DB_01,41.667351129363446,13.292265571526352,60.0,18.332648870636554,31.624914442162904,pensionable_salary_annual,pensionable_salary_annual,774000.0,0.06,2252498.4611363695,0.015,1068526.0667181192,449112.11617318576,0.07,0.03,Gompertz-Makeham,0.0002,1e-05,1.1,0.5,0.5,56.32306639288159,0.394969928659411,PIPELINE_06_RETIREMENT_SUMMARY,18.332648870636554,16.45269919212516,1.299353607934609,7389106.550936194,583555.4485167762,7972661.99945297,0.2892794087834608,844254.6899417517,66675.1008197236,910929.7907614752,68530.81484564961,OK,False
E08091,PEN_DB_01,34.42299794661191,5.6098562628336754,60.0,25.577002053388092,31.186858316221766,pensionable_salary_annual,pensionable_salary_annual,364000.0,0.06,1615658.4319498462,0.015,755809.6590694332,135954.17359610822,0.07,0.03,Gompertz-Makeham,0.0002,1e-05,1.1,0.5,0.0,,0.25209413550044807,PIPELINE_06_RETIREMENT_SUMMARY,25.577002053388092,16.452696014800427,0.0,2236812.690120175,0.0,2236812.690120175,0.17719483467170546,99917.92777536878,0.0,99917.92777536878,17811.138662739606,OK,False
E08096,PEN_DB_02,25.754962354551676,2.209445585215606,60.0,34.24503764544832,36.454483230663925,pensionable_salary_annual,pensionable_salary_annual,340000.0,0.065,2938104.6794927204,0.02,2142141.7553700516,129831.64826013008,0.068,0.03,Gompertz-Makeham,0.0002,1e-05,1.1,0.67,0.67,62.053388090349074,0.15403342729521374,PIPELINE_06_RETIREMENT_SUMMARY,34.24503764544832,16.87779941727805,1.3562977582285058,2191272.5173490723,176090.3734823263,2367362.890831399,0.10509362585373966,35472.16913944296,2850.538882105514,38322.708021548475,17344.943128711995,OK,False
E08097,PEN_DB_02,40.459958932238195,4.035592060232717,60.0,19.540041067761805,23.57563312799452,pensionable_salary_annual,pensionable_salary_annual,5173000.0,0.065,17707405.69406053,0.02,8349266.005834646,1429197.3165254055,0.068,0.03,Gompertz-Makeham,0.0002,1e-05,1.1,0.67,0.67,59.83025325119781,0.32309087966226785,PIPELINE_06_RETIREMENT_SUMMARY,19.540041067761805,16.87780186690075,1.5345611405599027,24121709.13702203,2193190.6641323785,26314899.80115441,0.27651363348710717,2155010.170585813,195937.53329796702,2350947.70388378,582553.3574243899,OK,False
E08100,PEN_DB_01,26.272416153319643,3.082819986310746,60.0,33.72758384668036,36.810403832991106,pensionable_salary_annual,pensionable_salary_annual,444000.0,0.06,3168755.0050402703,0.015,1749647.2707501617,146530.5189189053,0.07,0.03,Gompertz-Makeham,0.0002,1e-05,1.1,0.5,0.5,64.21629021218344,0.16286357888977634,PIPELINE_06_RETIREMENT_SUMMARY,33.72758384668036,16.452696014800427,0.8518466433581489,2410822.0846637115,124821.5306905972,2535643.615354309,0.10208364636598974,40081.62400337762,2075.246320536531,42156.87032391415,13674.775209422418,OK,False
E08105,PEN_DB_01,27.28542094455852,0.5941136208076659,60.0,32.714579055441476,33.308692676249144,pensionable_salary_annual,pensionable_salary_annual,395000.0,0.06,2657466.664478807,0.015,1327751.106367522,23682.557133137616,0.07,0.03,Gompertz-Makeham,0.0002,1e-05,1.1,0.5,0.0,,0.15161444808184177,PIPELINE_06_RETIREMENT_SUMMARY,32.714579055441476,16.452696014800427,0.0,389641.9133646567,0.0,389641.9133646567,0.10932565348144985,6458.450548558163,0.0,6458.450548558163,10870.733008575437,OK,False
E08107,PEN_DB_01,34.8829568788501,15.783709787816564,60.0,25.117043121149898,40.90075290896646,pensionable_salary_annual,pensionable_salary_annual,818000.0,0.06,3534775.3092647567,0.015,2168624.5726942997,836878.0146986168,0.07,0.03,Gompertz-Makeham,0.0002,1e-05,1.1,0.5,0.5,62.874743326488705,0.30027712049460203,PIPELINE_06_RETIREMENT_SUMMARY,25.117043121149898,16.452696014800427,0.921955887576372,13768899.577306027,771564.6128346154,14540464.190140642,0.18279587401777908,755766.8937766337,42350.73307899599,798117.6268556296,50565.908622553114,OK,False
E08115,PEN_DB_02,28.61601642710472,4.418891170431212,60.0,31.38398357289528,35.80287474332649,pensionable_salary_annual,pensionable_salary_annual,460000.0,0.065,3319689.5611819956,0.02,2377088.5909145493,293386.93780959566,0.068,0.03,Gompertz-Makeham,0.0002,1e-05,1.1,0.67,0.0,,0.18832144996571046,PIPELINE_06_RETIREMENT_SUMMARY,31.38398357289528,16.87779941727805,0.0,4951725.887999786,0.0,4951725.887999786,0.1268587053284781,118297.79771069468,0.0,118297.79771069468,26770.92355255962,OK,False
E08116,PEN_DB_02,42.535249828884325,13.935660506502396,60.0,17.464750171115675,31.40041067761807,pensionable_salary_annual,pensionable_salary_annual,5724000.0,0.065,17193080.323929258,0.02,10797395.659693068,4791938.609106088,0.068,0.03,Gompertz-Makeham,0.0002,1e-05,1.1,0.67,0.0,,0.9710349915704528,REVIEW_DB_MORTALITY_ONLY_FALLBACK,17.464750171115675,16.87779941727805,0.0,80877378.66440293,0.0,80877378.66440293,0.3169641975967432,24892708.679636527,0.0,24892708.679636527,1786259.6945456266,REVIEW_DB_MORTALITY_ONLY_FALLBACK,True
E08125,PEN_DB_02,30.72416153319644,0.9390828199863107,60.0,29.27583846680356,30.21492128678987,pensionable_salary_annual,pensionable_salary_annual,541000.0,0.065,3418849.351701111,0.02,2066005.281060833,64211.653806076996,0.068,0.03,Gompertz-Makeham,0.0002,1e-05,1.1,0.67,0.0,,0.18135937287726367,PIPELINE_06_RETIREMENT_SUMMARY,29.27583846680356,16.87779941727805,0.0,1083751.4131906664,0.0,1083751.4131906664,0.1457312269570358,28643.2506589022,0.0,28643.2506589022,30501.304090857226,OK,False
E08130,PEN_DB_01,39.611225188227245,7.879534565366187,60.0,20.388774811772755,28.26830937713894,pensionable_salary_annual,pensionable_salary_annual,737000.0,0.06,2417815.0476822457,0.015,1025213.1567687548,285768.85861312127,0.07,0.03,Gompertz-Makeham,0.0002,1e-05,1.1,0.5,0.0,,0.3349202215297009,PIPELINE_06_RETIREMENT_SUMMARY,20.388774811772755,16.452696014800427,0.0,4701668.161258167,0.0,4701668.161258167,0.2517101761949132,396363.9221822354,0.0,396363.9221822354,50302.96128459398,OK,False
E08135,PEN_DB_01,35.22518822724162,9.971252566735114,60.0,24.774811772758383,34.7460643394935,pensionable_salary_annual,pensionable_salary_annual,1493000.0,0.06,6324232.918382167,0.015,3296133.0582007426,945907.8558007331,0.07,0.03,Gompertz-Makeham,0.0002,1e-05,1.1,0.5,0.5,56.101300479123886,0.2831858141413223,PIPELINE_06_RETIREMENT_SUMMARY,24.774811772758383,16.45269919212516,1.312926400005018,15562737.414957562,1241907.3958529222,16804644.810810484,0.1870778795325167,824479.6154843206,65793.52365194059,890273.1391362612,89283.98244632602,OK,False
E08138,PEN_DB_01,44.3668720054757,3.9315537303216974,60.0,15.633127994524301,19.564681724845997,pensionable_salary_annual,pensionable_salary_annual,3253000.0,0.06,8088982.4651595475,0.015,2373875.5111306007,477034.0377810723,0.07,0.03,Gompertz-Makeham,0.0002,1e-05,1.1,0.5,0.5,56.459958932238195,0.39189672943446185,PIPELINE_06_RETIREMENT_SUMMARY,15.633127994524301,16.45269919212516,1.2909951005928695,7848497.528016851,615848.6055913982,8464346.13360825,0.3472479115822785,1068065.3043066328,83807.95508818819,1151873.259394821,292981.69080359215,OK,False
E08141,PEN_DB_01,26.90485968514716,3.2087611225188226,60.0,33.09514031485284,36.303901437371664,pensionable_salary_annual,pensionable_salary_annual,500000.0,0.06,3439308.7615923383,0.015,1872904.8944030558,165538.8036380378,0.07,0.03,Gompertz-Makeham,0.0002,1e-05,1.1,0.5,0.0,,0.16820169540577665,PIPELINE_06_RETIREMENT_SUMMARY,33.09514031485284,16.452696014800427,0.0,2723559.614910375,0.0,2723559.614910375,0.10654663900606644,48809.79788887766,0.0,48809.79788887766,15211.415255044853,OK,False
E08153,PEN_DB_02,43.4798083504449,11.66050650239562,60.0,16.5201916495551,28.180698151950722,pensionable_salary_annual,pensionable_salary_annual,737000.0,0.065,2085874.8601642959,0.02,1175628.1963406487,486447.14740258653,0.068,0.03,Gompertz-Makeham,0.0002,1e-05,1.1,0.67,0.67,59.57015742642026,0.4223293028813209,PIPELINE_06_RETIREMENT_SUMMARY,16.5201916495551,16.87780186690075,1.556052015370768,8210158.572579919,756937.0640871559,8967095.636667075,0.33728531260326267,1169499.9043947873,107822.25656874578,1277322.160963533,109542.59668746899,OK,False
E08167,PEN_DB_01,36.02464065708419,17.697467488021903,60.0,23.97535934291581,41.67282683093771,pensionable_salary_annual,pensionable_salary_annual,410000.0,0.06,1657681.4207006537,0.015,1036204.0617858171,440051.44572521665,0.07,0.03,Gompertz-Makeham,0.0002,1e-05,1.1,0.5,0.0,,0.32148526171968694,PIPELINE_06_RETIREMENT_SUMMARY,23.97535934291581,16.452696014800427,0.0,7240032.667390439,0.0,7240032.667390439,0.19747556776433262,459636.9823074643,0.0,459636.9823074643,25971.90714539006,OK,False
E08170,PEN_DB_02,40.04380561259411,7.397672826830938,60.0,19.956194387405887,27.353867214236825,pensionable_salary_annual,pensionable_salary_annual,2761000.0,0.065,9701982.698414614,0.02,5307734.928945129,1435441.8754889139,0.068,0.03,Gompertz-Makeham,0.0002,1e-05,1.1,0.67,0.67,67.08008213552361,0.3390948307259402,PIPELINE_06_RETIREMENT_SUMMARY,19.956194387405887,16.87779941727805,0.994627614779668,24227100.049663305,1427730.1287723915,25654830.1784357,0.26904599241227917,2210289.341743018,130254.82538323278,2340544.167126251,316389.2513112002,OK,False
E08201,PEN_DB_01,48.6652977412731,0.2546201232032854,60.0,11.3347022587269,11.589322381930184,pensionable_salary_annual,pensionable_salary_annual,2663000.0,0.06,5154726.348362703,0.015,896096.7816270768,19687.455868489997,0.07,0.03,Gompertz-Makeham,0.0002,1e-05,1.1,0.5,0.5,52.3668720054757,0.43158511341069555,PIPELINE_06_RETIREMENT_SUMMARY,11.3347022587269,16.452699208341844,1.5461280940199937,323911.78958177037,30439.32861805118,354351.11819982156,0.4644549851869182,64928.71987358202,6101.619961203733,71030.33983478576,278965.9314479085,OK,False
E08205,PEN_DB_01,30.836413415468858,8.06570841889117,60.0,29.163586584531142,37.22929500342231,pensionable_salary_annual,pensionable_salary_annual,986000.0,0.06,5393699.0132870525,0.015,3012054.175879972,652560.0531065156,0.07,0.03,Gompertz-Makeham,0.0002,1e-05,1.1,0.5,0.5,58.87200547570157,0.22576659964871354,PIPELINE_06_RETIREMENT_SUMMARY,29.163586584531142,16.452698921686956,1.1465510303822326,10736374.08208155,748193.4012755598,11484567.483357111,0.1390156373916568,336962.04270349286,23482.115554435633,360444.1582579285,44688.46870458535,OK,False
E08208,PEN_DB_01,30.43668720054757,4.418891170431212,60.0,29.56331279945243,33.98220396988364,pensionable_salary_annual,pensionable_salary_annual,890000.0,0.06,4983279.1644312,0.015,2540142.1350685856,330308.5244924829,0.07,0.03,Gompertz-Makeham,0.0002,1e-05,1.1,0.5,0.5,57.23477070499658,0.20426145673988966,PIPELINE_06_RETIREMENT_SUMMARY,29.56331279945243,16.452699135693468,1.2439866097603032,5434466.775429658,410899.38155833184,5845366.156987989,0.13530635321285786,150197.10154808374,11356.384846622273,161553.486394706,36559.73414229639,OK,False
E08216,PEN_DB_01,50.45311430527036,6.507871321013004,60.0,9.546885694729639,16.054757015742645,pensionable_salary_annual,pensionable_salary_annual,1208000.0,0.06,2106973.810377946,0.015,507404.2884622701,205678.7165202619,0.07,0.03,Gompertz-Makeham,0.0002,1e-05,1.1,0.5,0.5,66.86926762491444,0.5646542142382707,PIPELINE_06_RETIREMENT_SUMMARY,9.546885694729639,16.452696014800427,0.7219496993353907,3383969.3996221796,148489.68755149213,3532459.0871736715,0.5241751560529122,1001579.5165349448,43949.63780844282,1045529.1543433876,160656.08902983693,OK,False
E08218,PEN_DB_01,36.0766598220397,4.457221081451061,60.0,23.9233401779603,28.38056125941136,pensionable_salary_annual,pensionable_salary_annual,835000.0,0.06,3365792.192766928,0.015,1432846.0726990541,225031.19876076214,0.07,0.03,Gompertz-Makeham,0.0002,1e-05,1.1,0.5,0.5,64.46817248459959,0.26476090227141225,PIPELINE_06_RETIREMENT_SUMMARY,23.9233401779603,16.452696014800427,0.839004178761061,3702369.907056954,188802.11611189033,3891172.0231688446,0.19817181670859813,194256.49592374568,9906.097559019454,204162.59348276514,45804.90618524568,OK,False
E08225,PEN_DB_01,38.59822039698837,11.058179329226558,60.0,21.401779603011633,32.459958932238195,pensionable_salary_annual,pensionable_salary_annual,787000.0,0.06,2738831.306163676,0.015,1333535.2758060184,454297.3160408661,0.07,0.03,Gompertz-Makeham,0.0002,1e-05,1.1,0.5,0.0,,0.3346791258379406,PIPELINE_06_RETIREMENT_SUMMARY,21.401779603011633,16.452696014800427,0.0,7474415.641160088,0.0,7474415.641160088,0.2350362590584694,587950.4629941387,0.0,587950.4629941387,53168.830554248365,OK,False
E08232,PEN_DB_01,49.90006844626968,8.980150581793293,60.0,10.099931553730322,19.080082135523615,pensionable_salary_annual,pensionable_salary_annual,806000.0,0.06,1451852.6743191318,0.015,415522.0241203297,195567.83456947646,0.07,0.03,Gompertz-Makeham,0.0002,1e-05,1.1,0.5,0.5,63.00889801505818,0.5635948907866604,PIPELINE_06_RETIREMENT_SUMMARY,10.099931553730322,16.452696014800427,0.9148184019450666,3217618.1324443747,178909.0538927056,3396527.1863370803,0.5049238169541606,915645.5828137961,50912.59378184876,966558.1765956449,107632.73597608514,OK,False
E08238,PEN_DB_01,36.580424366872,5.8699520876112254,60.0,23.419575633127998,29.289527720739223,pensionable_salary_annual,pensionable_salary_annual,910000.0,0.06,3562000.842521837,0.015,1564939.836275097,313631.61422451,0.07,0.03,Gompertz-Makeham,0.0002,1e-05,1.1,0.5,0.0,,0.2800649652733269,PIPELINE_06_RETIREMENT_SUMMARY,23.419575633127998,16.452696014800427,0.0,5160085.60946702,0.0,5160085.60946702,0.20504273971328577,296319.4010794019,0.0,296319.4010794019,50480.7188639233,OK,False
E08246,PEN_DB_01,54.12183436002738,7.101984941820671,60.0,5.878165639972622,12.980150581793293,pensionable_salary_annual,pensionable_salary_annual,1399000.0,0.06,1970469.7957050065,0.015,383654.9199768968,209913.70226114115,0.07,0.03,Gompertz-Makeham,0.0002,1e-05,1.1,0.5,0.5,60.101300479123886,0.6967129853177015,PIPELINE_06_RETIREMENT_SUMMARY,5.878165639972622,16.452696014800427,1.075339386716366,3453646.3326438805,225728.4718528574,3679374.804496738,0.6718576826184107,1616624.1216286726,105661.68547326363,1722285.8071019363,242507.66809714035,OK,False
E08247,PEN_DB_01,27.797399041752225,2.6009582477754964,60.0,32.20260095824777,34.803559206023266,pensionable_salary_annual,pensionable_salary_annual,554000.0,0.06,3617632.492751812,0.015,1888597.2997068183,141139.66604165183,0.07,0.03,Gompertz-Makeham,0.0002,1e-05,1.1,0.5,0.0,,0.17127482686222353,PIPELINE_06_RETIREMENT_SUMMARY,32.20260095824777,16.452696014800427,0.0,2322128.0210137484,0.0,2322128.0210137484,0.11317902089437026,45013.7950084011,0.0,45013.7950084011,17306.619607177363,REVIEW_SPOUSE_DOB_MISSING,True
E08250,PEN_DB_01,42.718685831622174,1.8535249828884326,60.0,17.281314168377826,19.13483915126626,pensionable_salary_annual,pensionable_salary_annual,1170000.0,0.06,3202613.055240382,0.015,919222.2851365516,89041.8496261905,0.07,0.03,Gompertz-Makeham,0.0002,1e-05,1.1,0.5,0.0,,0.3388536519830834,PIPELINE_06_RETIREMENT_SUMMARY,17.281314168377826,16.452696014800427,0.0,1464978.4844952833,0.0,1464978.4844952833,0.31060590387373266,154188.90470706712,0.0,154188.90470706712,83186.8499915159,OK,False
E08262,PEN_DB_01,55.76454483230664,0.7967145790554415,60.0,4.23545516769336,5.032169746748801,pensionable_salary_annual,pensionable_salary_annual,2328000.0,0.06,2979647.121491446,0.015,224911.35151134606,35608.924531992234,0.07,0.03,Gompertz-Makeham,0.0002,1e-05,1.1,0.5,0.5,63.123887748117724,0.700234472027427,PIPELINE_06_RETIREMENT_SUMMARY,4.23545516769336,16.452696014800427,0.9087225339319253,585862.8107388378,32358.63213130268,618221.4428701405,0.7508381430745866,308024.8429033034,17012.963438045284,325037.8063413487,407972.71053669276,OK,False
E08274,PEN_DB_02,39.04175222450377,2.7871321013004793,60.0,20.958247775496233,23.74537987679671,pensionable_salary_annual,pensionable_salary_annual,1709000.0,0.065,6396492.853802154,0.02,3037743.0538549526,356557.41137142194,0.068,0.03,Gompertz-Makeham,0.0002,1e-05,1.1,0.67,0.67,55.19780971937029,0.2910343948393879,PIPELINE_06_RETIREMENT_SUMMARY,20.958247775496233,16.877802996251773,1.9335865613926067,6017905.7459803615,689434.6189927169,6707340.3649730785,0.2518816947994416,441150.02255409095,50539.85731188298,491689.87986597396,176414.2717299086,OK,False
E08281,PEN_DB_02,43.21149897330596,9.787816563997263,60.0,16.788501026694043,26.576317590691303,pensionable_salary_annual,pensionable_salary_annual,713000.0,0.065,2052335.9286090182,0.02,1090870.6288299924,401757.751938521,0.068,0.03,Gompertz-Makeham,0.0002,1e-05,1.1,0.67,0.67,56.63518138261465,0.4080701817657763,PIPELINE_06_RETIREMENT_SUMMARY,16.788501026694043,16.877802981487697,1.8064740681283364,6780788.183503765,725764.960546475,7506553.14405024,0.3313839687217212,916951.8572695575,98143.68337492959,1015095.5406444871,103710.1108308808,OK,False
E08290,PEN_DB_01,26.086242299794662,1.5222450376454484,60.0,33.91375770020534,35.436002737850785,pensionable_salary_annual,pensionable_salary_annual,619000.0,0.06,4465885.992766489,0.015,2373797.2239990416,101972.59186768657,0.07,0.03,Gompertz-Makeham,0.0002,1e-05,1.1,0.5,0.0,,0.1516002497897162,PIPELINE_06_RETIREMENT_SUMMARY,33.91375770020534,16.452696014800427,0.0,1677724.0558403572,0.0,1677724.0558403572,0.10080583776723756,25639.298100601834,0.0,25639.298100601834,16843.08207058421,OK,False
E08292,PEN_DB_01,45.4757015742642,19.638603696098563,60.0,14.5242984257358,34.162902121834364,pensionable_salary_annual,pensionable_salary_annual,642000.0,0.06,1496528.4142129084,0.015,766886.3060594937,440845.92670017213,0.07,0.03,Gompertz-Makeham,0.0002,1e-05,1.1,0.5,0.5,56.02190280629706,0.4940129603239417,PIPELINE_06_RETIREMENT_SUMMARY,14.5242984257358,16.45269919212516,1.317795191673461,7253105.422071589,580944.6424743178,7834050.064545907,0.374301221176745,1341169.2163881245,107422.27302269448,1448591.489410819,73762.44827928365,OK,False
E08293,PEN_DB_02,47.540041067761805,0.8678986995208761,60.0,12.459958932238195,13.32785763175907,pensionable_salary_annual,pensionable_salary_annual,2038000.0,0.065,4466621.677861092,0.02,1190609.9563492292,77531.50290934791,0.068,0.03,Gompertz-Makeham,0.0002,1e-05,1.1,0.67,0.67,63.11019849418207,0.9756065698367674,REVIEW_DB_MORTALITY_ONLY_FALLBACK,12.459958932238195,16.87779941727805,1.2752431684417584,1308561.1546240838,98871.51942416825,1407432.674048252,0.4405582768320765,562434.697187887,42496.1209427108,604930.8181305978,697006.2502277629,REVIEW_DB_MORTALITY_ONLY_FALLBACK,True
E08297,PEN_DB_01,45.111567419575636,3.4113620807665983,60.0,14.888432580424364,18.299794661190962,pensionable_salary_annual,pensionable_salary_annual,1818000.0,0.06,4328710.561629052,0.015,1188217.7163831037,221501.9860283285,0.07,0.03,Gompertz-Makeham,0.0002,1e-05,1.1,0.5,0.5,62.926762491444215,0.4021961764088643,PIPELINE_06_RETIREMENT_SUMMARY,14.888432580424364,16.452696014800427,0.9191850250019036,3644304.8427986605,203601.30856542045,3847906.151364081,0.3651922958134086,535271.6506784532,29904.74540884249,565176.3960872956,165674.7019830536,OK,False
E08315,PEN_DB_01,46.51882272416153,9.51129363449692,60.0,13.48117727583847,22.99247091033539,pensionable_salary_annual,pensionable_salary_annual,2330000.0,0.06,5111034.079649981,0.015,1762729.535971275,729188.1886120753,0.07,0.03,Gompertz-Makeham,0.0002,1e-05,1.1,0.5,0.5,61.256673511293634,0.9745263725276179,REVIEW_DB_MORTALITY_ONLY_FALLBACK,13.48117727583847,16.452696014800427,1.0101420706717577,11997111.604817433,736583.6667539899,12733695.271571424,0.4016724858170381,4696154.531915295,288328.62764838594,4984483.159563681,524059.4340905685,REVIEW_DB_MORTALITY_ONLY_FALLBACK,True
E08318,PEN_DB_01,39.03901437371663,2.1765913757700206,60.0,20.960985626283367,23.137577002053387,pensionable_salary_annual,pensionable_salary_annual,404000.0,0.06,1370305.0025015108,0.015,475583.06267516495,44738.91075928957,0.07,0.03,Gompertz-Makeham,0.0002,1e-05,1.1,0.5,0.5,53.530458590006845,0.28502154712900296,PIPELINE_06_RETIREMENT_SUMMARY,20.960985626283367,16.4526992082766,1.4727108682544245,736075.8416285209,65887.48010907056,801963.3217375914,0.2421514412761267,50802.760992199255,4547.447036101309,55350.20802830056,25429.765386587147,OK,False
E08327,PEN_DB_01,39.455167693360714,9.295003422313483,60.0,20.544832306639286,29.83983572895277,pensionable_salary_annual,pensionable_salary_annual,2070000.0,0.06,6852911.190983539,0.015,3067346.163060764,955467.4945950356,0.07,0.03,Gompertz-Makeham,0.0002,1e-05,1.1,0.5,0.0,,0.9689453905628571,REVIEW_DB_MORTALITY_ONLY_FALLBACK,20.544832306639286,16.452696014800427,0.0,15720016.24059509,0.0,15720016.24059509,0.24906644094941272,3793739.4994284795,0.0,3793739.4994284795,408148.2627882922,REVIEW_DB_MORTALITY_ONLY_FALLBACK,True
E08334,PEN_DB_01,42.168377823408626,0.6297056810403833,60.0,17.831622176591374,18.46132785763176,pensionable_salary_annual,pensionable_salary_annual,2128000.0,0.06,6014731.594806133,0.015,1665598.9792105851,56812.659827737596,0.07,0.03,Gompertz-Makeham,0.0002,1e-05,1.1,0.5,0.0,,0.31077131206355146,PIPELINE_06_RETIREMENT_SUMMARY,17.831622176591374,16.452696014800427,0.0,934721.4219380306,0.0,934721.4219380306,0.29925373405886474,86928.60204745071,0.0,86928.60204745071,138046.39955578858,OK,False
E08337,PEN_DB_01,44.75290896646133,2.97056810403833,60.0,15.247091033538673,18.217659137577,pensionable_salary_annual,pensionable_salary_annual,689000.0,0.06,1675174.4994429052,0.015,457766.3704021803,74643.29905115205,0.07,0.03,Gompertz-Makeham,0.0002,1e-05,1.1,0.5,0.5,55.30184804928132,0.39021577404266417,PIPELINE_06_RETIREMENT_SUMMARY,15.247091033538673,16.452699205198666,1.3621653537839593,1228083.7469722957,101676.5158596144,1329760.26283191,0.3564370714122982,170810.9357044336,14141.918949717368,184952.85465415096,62261.77895154711,OK,False
E08342,PEN_DB_01,54.390143737166326,6.934976043805612,60.0,5.609856262833674,12.544832306639286,pensionable_salary_annual,pensionable_salary_annual,1418000.0,0.06,1966248.9222737993,0.015,369993.9450455255,204538.337581911,0.07,0.03,Gompertz-Makeham,0.0002,1e-05,1.1,0.5,0.5,56.86789869952087,0.7065416382483222,PIPELINE_06_RETIREMENT_SUMMARY,5.609856262833674,16.45269919212516,1.2661798530407602,3365207.7414925303,258982.3222206655,3624190.0637131957,0.6841655948848264,1626712.7514854895,125189.84809503343,1751902.599580523,252618.40682857722,OK,False
E08344,PEN_DB_01,42.87200547570158,8.725530458590006,60.0,17.127994524298423,25.85352498288843,pensionable_salary_annual,pensionable_salary_annual,1292000.0,0.06,3505106.6382965418,0.015,1359290.430613316,458758.7209959375,0.07,0.03,Gompertz-Makeham,0.0002,1e-05,1.1,0.5,0.0,,0.3959414374780386,PIPELINE_06_RETIREMENT_SUMMARY,17.127994524298423,16.452696014800427,0.0,7547817.780684802,0.0,7547817.780684802,0.31384471281371573,937922.9852818531,0.0,937922.9852818531,107491.80118424752,OK,False
E08348,PEN_DB_01,39.419575633128,5.590691307323751,60.0,20.580424366872002,26.171115674195754,pensionable_salary_annual,pensionable_salary_annual,575000.0,0.06,1907538.406419753,0.015,748836.1243107358,159966.8758073567,0.07,0.03,Gompertz-Makeham,0.0002,1e-05,1.1,0.5,0.0,,0.31827079999321517,PIPELINE_06_RETIREMENT_SUMMARY,20.580424366872002,16.452696014800427,0.0,2631886.3800957724,0.0,2631886.3800957724,0.24846738297845478,208129.34531318623,0.0,208129.34531318623,37227.837108541265,OK,False
E08350,PEN_DB_01,43.59753593429158,6.072553045859,60.0,16.402464065708422,22.47501711156742,pensionable_salary_annual,pensionable_salary_annual,2064000.0,0.06,5367700.042401884,0.015,1809587.2545411526,488934.64862617565,0.07,0.03,Gompertz-Makeham,0.0002,1e-05,1.1,0.5,0.0,,0.39362246292809766,PIPELINE_06_RETIREMENT_SUMMARY,16.402464065708422,16.452696014800427,0.0,8044293.144949728,0.0,8044293.144949728,0.32963524621699053,1043761.816815899,0.0,1043761.816815899,171881.87718305096,OK,False
E08352,PEN_DB_01,60.65434633812457,21.54688569472964,60.0,0.0,21.54688569472964,pensionable_salary_annual,pensionable_salary_annual,1726000.0,0.06,1726000.0,0.015,557848.8706365504,557848.8706365504,0.07,0.03,Gompertz-Makeham,0.0002,1e-05,1.1,0.5,0.5,63.17864476386037,1.0,AT_RETIREMENT,0.0,16.452696014800427,0.905826907817553,9178117.89078289,505314.5175182206,9683432.408301111,1.0,9178117.89078289,505314.5175182206,9683432.408301111,449412.15846657945,OK,False
E08370,PEN_DB_01,28.451745379876797,3.6440793976728267,60.0,31.548254620123203,35.19233401779603,pensionable_salary_annual,pensionable_salary_annual,539000.0,0.06,3388009.7068670234,0.015,1788479.5388939925,185192.6455786451,0.07,0.03,Gompertz-Makeham,0.0002,1e-05,1.1,0.5,0.0,,0.18272318221906847,PIPELINE_06_RETIREMENT_SUMMARY,31.548254620123203,16.452696014800427,0.0,3046918.301882122,0.0,3046918.301882122,0.1183022759592129,65863.91765950026,0.0,65863.91765950026,18074.22684082079,OK,False
E08394,PEN_DB_01,37.9192334017796,2.349075975359343,60.0,22.0807665982204,24.429842573579744,pensionable_salary_annual,pensionable_salary_annual,652000.0,0.06,2360589.658588952,0.015,865032.5061022268,83178.06682009532,0.07,0.03,Gompertz-Makeham,0.0002,1e-05,1.1,0.5,0.5,61.045859000684466,0.2715333144380322,PIPELINE_06_RETIREMENT_SUMMARY,22.0807665982204,16.452696014800427,1.0219056949977867,1368503.448489786,85000.14018236185,1453503.5886721478,0.22448310622457487,83416.63759850716,5181.153103588475,88597.79070209563,37716.01754538512,OK,False
E08406,PEN_DB_01,41.880903490759756,16.462696783025326,60.0,18.119096509240244,34.58179329226557,pensionable_salary_annual,pensionable_salary_annual,1592000.0,0.06,4575752.001848177,0.015,2373565.6482687606,1129938.266411215,0.07,0.03,Gompertz-Makeham,0.0002,1e-05,1.1,0.5,0.0,,0.41073193020822596,PIPELINE_06_RETIREMENT_SUMMARY,18.119096509240244,16.452696014800427,0.0,18590530.812754303,0.0,18590530.812754303,0.29348945131006304,2241004.62447606,0.0,2241004.62447606,136126.2163794912,OK,False
E08413,PEN_DB_01,38.299794661190965,10.546201232032855,60.0,21.700205338809035,32.24640657084189,pensionable_salary_annual,pensionable_salary_annual,886000.0,0.06,3137445.5282128905,0.015,1517570.16144934,496321.97842612135,0.07,0.03,Gompertz-Makeham,0.0002,1e-05,1.1,0.5,0.5,61.620807665982205,0.327940236643666,PIPELINE_06_RETIREMENT_SUMMARY,21.700205338809035,16.452696014800427,0.9899677851115053,8165834.63650931,491342.76968466764,8657177.406193977,0.23033821162721085,616824.0197695665,37114.64115702013,653938.6609265866,62007.03424284417,OK,False
E08423,PEN_DB_01,40.39972621492129,6.573579739904175,60.0,19.600273785078713,26.17385352498289,pensionable_salary_annual,pensionable_salary_annual,452000.0,0.06,1416251.3027771632,0.015,556031.3123018348,139647.6130582328,0.07,0.03,Gompertz-Makeham,0.0002,1e-05,1.1,0.5,0.0,,0.33994515854126417,PIPELINE_06_RETIREMENT_SUMMARY,19.600273785078713,16.452696014800427,0.0,2297579.7268395787,0.0,2297579.7268395787,0.2655032933580865,207371.64052616566,0.0,207371.64052616566,31546.22728120867,OK,False
E08430,PEN_DB_02,40.79671457905544,4.856947296372348,60.0,19.20328542094456,24.060232717316907,pensionable_salary_annual,pensionable_salary_annual,464000.0,0.065,1554963.8781361007,0.02,748255.8554995238,151047.5520773959,0.068,0.03,Gompertz-Makeham,0.0002,1e-05,1.1,0.67,0.0,,0.3348406714674761,PIPELINE_06_RETIREMENT_SUMMARY,19.20328542094456,16.87779941727805,0.0,2549350.2864331487,0.0,2549350.2864331487,0.28270798795182495,241326.93464150885,0.0,241326.93464150885,49686.95765378303,REVIEW_SPOUSE_DOB_MISSING,True
E08444,PEN_DB_02,25.52498288843258,5.4811772758384665,60.0,34.475017111567425,39.956194387405894,pensionable_salary_annual,pensionable_salary_annual,542000.0,0.065,4752011.495498943,0.02,3797445.900906863,520932.3484730395,0.068,0.03,Gompertz-Makeham,0.0002,1e-05,1.1,0.67,0.67,60.37234770704997,0.16920878849589086,PIPELINE_06_RETIREMENT_SUMMARY,34.475017111567425,16.87779941727805,1.4901783378193143,8792191.687499553,776282.1011638659,9568473.788663419,0.10351554536632668,154001.74382119477,13597.15546766195,167598.89928885672,30577.171810816646,OK,False
E08450,PEN_DB_01,39.32101300479124,7.260780287474333,60.0,20.67898699520876,27.939767282683093,pensionable_salary_annual,pensionable_salary_annual,977000.0,0.06,3259824.522191871,0.015,1366181.0779863673,355033.0444703426,0.07,0.03,Gompertz-Makeham,0.0002,1e-05,1.1,0.5,0.0,,0.326966463442415,PIPELINE_06_RETIREMENT_SUMMARY,20.67898699520876,16.452696014800427,0.0,5841250.7558796685,0.0,5841250.7558796685,0.24681596231789574,471392.10382787685,0.0,471392.10382787685,64923.06407357919,OK,False
E08463,PEN_DB_01,42.90485968514716,6.329911019849418,60.0,17.09514031485284,23.42505133470226,pensionable_salary_annual,pensionable_salary_annual,892000.0,0.06,2415306.064774227,0.015,848680.0283453095,229330.0871358527,0.07,0.03,Gompertz-Makeham,0.0002,1e-05,1.1,0.5,0.5,56.54209445585216,0.3821195408174032,PIPELINE_06_RETIREMENT_SUMMARY,17.09514031485284,16.45269919212516,1.2859874068780173,3773098.939350036,294915.604074945,4068014.5434249807,0.3145431252051946,453500.3621798522,35446.813192636975,488947.1753724892,77243.92552110799,OK,False
E08465,PEN_DB_01,51.937029431895965,8.035592060232718,60.0,8.062970568104035,16.09856262833675,pensionable_salary_annual,pensionable_salary_annual,2472000.0,0.06,3954475.718880177,0.015,954920.6253394429,476648.3053352493,0.07,0.03,Gompertz-Makeham,0.0002,1e-05,1.1,0.5,0.5,58.04791238877481,0.9814296576897275,REVIEW_DB_MORTALITY_ONLY_FALLBACK,8.062970568104035,16.452698921686956,1.1952506927449795,7842151.059213171,569714.2171476772,8411865.276360847,0.5795347275086238,4460400.406301947,324037.8190185561,4784438.225320503,595405.8132191871,REVIEW_DB_MORTALITY_ONLY_FALLBACK,True
E08469,PEN_DB_02,35.370294318959616,4.046543463381246,60.0,24.629705681040384,28.676249144421632,pensionable_salary_annual,pensionable_salary_annual,698000.0,0.065,3292063.567925692,0.02,1888080.701462215,266429.56623650505,0.068,0.03,Gompertz-Makeham,0.0002,1e-05,1.1,0.67,0.0,,0.25341386743275696,PIPELINE_06_RETIREMENT_SUMMARY,24.629705681040384,16.87779941727805,0.0,4496744.777772129,0.0,4496744.777772129,0.19783287173506406,225437.9731059747,0.0,225437.9731059747,55711.244707007616,OK,False
E08472,PEN_DB_01,50.5242984257358,6.338124572210814,60.0,9.4757015742642,15.813826146475014,pensionable_salary_annual,pensionable_salary_annual,2144000.0,0.06,3724050.9008540655,0.015,883372.4026009478,354052.47784300457,0.07,0.03,Gompertz-Makeham,0.0002,1e-05,1.1,0.5,0.5,60.58316221765914,0.5656187849803462,PIPELINE_06_RETIREMENT_SUMMARY,9.4757015742642,16.452696014800427,1.0479345979913974,5825117.791237818,371023.8410362671,6196141.632274086,0.5267057888002548,1735388.151106709,110533.45195541819,1845921.603062127,291240.9786256769,OK,False
E08473,PEN_DB_01,47.89596167008898,8.402464065708418,60.0,12.10403832991102,20.50650239561944,pensionable_salary_annual,pensionable_salary_annual,1775000.0,0.06,3593366.54842508,0.015,1105310.6960042648,452896.9994709063,0.07,0.03,Gompertz-Makeham,0.0002,1e-05,1.1,0.5,0.5,61.98220396988364,0.5052803586215397,PIPELINE_06_RETIREMENT_SUMMARY,12.10403832991102,16.452696014800427,0.9701303435221431,7451376.658310051,439369.12167685817,7890745.77998691,0.4408974922301933,1659994.1678632898,97881.26583420024,1757875.43369749,209209.51520300045,OK,False
E08477,PEN_DB_01,26.94318959616701,8.85968514715948,60.0,33.05681040383299,41.91649555099247,pensionable_salary_annual,pensionable_salary_annual,360000.0,0.06,2470777.8022374297,0.015,1553495.2013246424,328354.70094621443,0.07,0.03,Gompertz-Makeham,0.0002,1e-05,1.1,0.5,0.5,59.29363449691992,0.19359065731383074,PIPELINE_06_RETIREMENT_SUMMARY,33.05681040383299,16.452698200221736,1.1219245446147295,5402320.797292128,368389.1983311873,5770709.995623316,0.1068233103274668,111719.96633484021,7618.28672897551,119338.25306381572,13469.807457218381,OK,False
E08487,PEN_DB_01,46.17659137577002,15.392197125256674,60.0,13.823408624229977,29.21560574948665,pensionable_salary_annual,pensionable_salary_annual,875000.0,0.06,1958039.141501597,0.015,858079.4940026094,452077.8666744139,0.07,0.03,Gompertz-Makeham,0.0002,1e-05,1.1,0.5,0.0,,0.4956541618618141,PIPELINE_06_RETIREMENT_SUMMARY,13.823408624229977,16.452696014800427,0.0,7437899.715413609,0.0,7437899.715413609,0.39247864738095556,1446921.9660418483,0.0,1446921.9660418483,94003.60158249468,OK,False
E08489,PEN_DB_02,36.83504449007529,14.74880219028063,60.0,23.16495550992471,37.91375770020534,pensionable_salary_annual,pensionable_salary_annual,611000.0,0.065,2627808.16401936,0.02,1992601.6402650294,775140.4561025213,0.068,0.03,Gompertz-Makeham,0.0002,1e-05,1.1,0.67,0.0,,0.323168061037122,PIPELINE_06_RETIREMENT_SUMMARY,23.16495550992471,16.87779941727805,0.0,13082665.138315776,0.0,13082665.138315776,0.2178453040231576,921028.0576093885,0.0,921028.0576093885,62447.651390723804,OK,False
E08495,PEN_DB_01,46.87200547570158,1.9520876112251881,60.0,13.127994524298423,15.080082135523611,pensionable_salary_annual,pensionable_salary_annual,986000.0,0.06,2118810.7883652137,0.015,479277.61077271437,62041.56435747011,0.07,0.03,Gompertz-Makeham,0.0002,1e-05,1.1,0.5,0.0,,0.4236679515901643,PIPELINE_06_RETIREMENT_SUMMARY,13.127994524298423,16.452696014800427,0.0,1020750.9986561327,0.0,1020750.9986561327,0.41138639731581456,177907.9493893107,0.0,177907.9493893107,91137.27701885797,OK,False
E08505,PEN_DB_02,42.71047227926078,2.8528405201916494,60.0,17.289527720739223,20.14236824093087,pensionable_salary_annual,pensionable_salary_annual,1378000.0,0.065,4093652.930146163,0.02,1649117.2953913936,233570.779094445,0.068,0.03,Gompertz-Makeham,0.0002,1e-05,1.1,0.67,0.67,59.846680355920604,0.350096889553217,PIPELINE_06_RETIREMENT_SUMMARY,17.289527720739223,16.87780186690075,1.5332080424961878,3942161.3314536866,358112.5969997035,4300273.9284533905,0.3206391396628198,442526.3956874183,40199.84558625402,482726.2412736723,169208.98236584337,OK,False
E08509,PEN_DB_01,34.63381245722108,2.3709787816563996,60.0,25.366187542778917,27.737166324435318,pensionable_salary_annual,pensionable_salary_annual,772000.0,0.06,3384781.390436474,0.015,1408263.6659758487,120378.67285905487,0.07,0.03,Gompertz-Makeham,0.0002,1e-05,1.1,0.5,0.5,58.53798767967146,0.23227553632183284,PIPELINE_06_RETIREMENT_SUMMARY,25.366187542778917,16.452698921686956,1.1662016863018376,1980554.0611422788,140385.81128300706,2120939.872425286,0.17974035061451715,82686.71860584685,5861.007432999137,88547.72603884598,37346.48606892436,OK,False
E08522,PEN_DB_01,36.3586584531143,1.270362765229295,60.0,23.641341546885698,24.911704312114992,pensionable_salary_annual,pensionable_salary_annual,546000.0,0.06,2164996.7391472855,0.015,809006.3790349548,41254.96866383328,0.07,0.03,Gompertz-Makeham,0.0002,1e-05,1.1,0.5,0.0,,0.2407976029403725,PIPELINE_06_RETIREMENT_SUMMARY,23.641341546885698,16.452696014800427,0.0,678755.4585261663,0.0,678755.4585261663,0.2019891659015305,33013.65209978107,0.0,33013.65209978107,25987.578511735,OK,False
E08524,PEN_DB_01,50.16563997262149,4.369609856262834,60.0,9.834360027378509,14.203969883641342,pensionable_salary_annual,pensionable_salary_annual,1146000.0,0.06,2032598.5313747462,0.015,433064.52487770776,133224.93864780676,0.07,0.03,Gompertz-Makeham,0.0002,1e-05,1.1,0.5,0.5,62.60369609856263,0.5385491449381213,PIPELINE_06_RETIREMENT_SUMMARY,9.834360027378509,16.452696014800427,0.9364599882252305,2191909.4171628016,124759.82447743216,2316669.241640234,0.5140783937889802,606844.3244130288,34540.56577615959,641384.8901891884,146783.10221904828,OK,False
E08529,PEN_DB_02,44.16974674880219,4.958247775496235,60.0,15.83025325119781,20.788501026694046,pensionable_salary_annual,pensionable_salary_annual,2419000.0,0.065,6555217.194217219,0.02,2725462.7874437426,650047.8214224441,0.068,0.03,Gompertz-Makeham,0.0002,1e-05,1.1,0.67,0.67,57.73305954825462,0.3966674328721237,PIPELINE_06_RETIREMENT_SUMMARY,15.83025325119781,16.8778029178778,1.7112150906385426,10971379.017163834,1112371.6416547948,12083750.658818629,0.35294727580122387,1536022.5735614118,155735.02192370896,1691757.5954851208,341200.6967150416,OK,False
E08542,PEN_DB_01,41.95482546201232,14.811772758384668,60.0,18.045174537987677,32.85694729637235,pensionable_salary_annual,pensionable_salary_annual,1890000.0,0.06,5408920.019965888,0.015,2665809.0003946866,1201735.413060183,0.07,0.03,Gompertz-Makeham,0.0002,1e-05,1.1,0.5,0.5,62.850102669404514,0.40613049462351425,PIPELINE_06_RETIREMENT_SUMMARY,18.045174537987677,16.452696014800427,0.9232698412807299,19771787.44129982,1109526.0640775075,20881313.505377326,0.2949610041463976,2368514.9810607475,132913.07690045552,2501428.057961203,168881.071750523,OK,False
E08544,PEN_DB_02,24.44626967830253,6.444900752908967,60.0,35.55373032169747,41.998631074606436,pensionable_salary_annual,pensionable_salary_annual,757000.0,0.065,7103566.635208436,0.02,5966801.4885200495,915635.6391118773,0.068,0.03,Gompertz-Makeham,0.0002,1e-05,1.1,0.67,0.0,,0.16539497576058224,PIPELINE_06_RETIREMENT_SUMMARY,35.55373032169747,16.87779941727805,0.0,15453914.65624146,0.0,15453914.65624146,0.09642405401038809,246459.86662030843,0.0,246459.86662030843,38241.0646911927,OK,False
E08559,PEN_DB_01,24.265571526351813,4.457221081451061,60.0,35.73442847364819,40.19164955509925,pensionable_salary_annual,pensionable_salary_annual,382000.0,0.06,3064460.269856498,0.015,1847485.6986239585,204884.65377110385,0.07,0.03,Gompertz-Makeham,0.0002,1e-05,1.1,0.5,0.0,,0.15583116230710428,PIPELINE_06_RETIREMENT_SUMMARY,35.73442847364819,16.452696014800427,0.0,3370904.926593606,0.0,3370904.926593606,0.08912252821803635,46815.35401038654,0.0,46815.35401038654,10503.260474381868,OK,False
E08566,PEN_DB_01,43.17043121149897,2.7707049965776864,60.0,16.829568788501028,19.600273785078713,pensionable_salary_annual,pensionable_salary_annual,1448000.0,0.06,3860604.940239966,0.015,1135033.7070709616,160448.9609660306,0.07,0.03,Gompertz-Makeham,0.0002,1e-05,1.1,0.5,0.0,,0.3575398021688796,PIPELINE_06_RETIREMENT_SUMMARY,16.829568788501028,16.452696014800427,0.0,2639817.980664681,0.0,2639817.980664681,0.3202459839551052,302260.96903781884,0.0,302260.96903781884,109091.71832120881,OK,False
E08567,PEN_DB_01,32.95003422313484,9.27583846680356,60.0,27.049965776865157,36.32580424366871,pensionable_salary_annual,pensionable_salary_annual,793000.0,0.06,3835270.2943512155,0.015,2089789.169012399,533630.2159039802,0.07,0.03,Gompertz-Makeham,0.0002,1e-05,1.1,0.5,0.0,,0.2531659920423264,PIPELINE_06_RETIREMENT_SUMMARY,27.049965776865157,16.452696014800427,0.0,8779655.726580506,0.0,8779655.726580506,0.16038724194239112,356494.3669248589,0.0,356494.3669248589,38432.57600923987,REVIEW_SPOUSE_DOB_MISSING,True
E08569,PEN_DB_01,34.42573579739904,16.03832991101985,60.0,25.574264202600958,41.61259411362081,pensionable_salary_annual,pensionable_salary_annual,510000.0,0.06,2263336.151170101,0.015,1412749.3290198918,544501.9783800597,0.07,0.03,Gompertz-Makeham,0.0002,1e-05,1.1,0.5,0.5,59.293634496919914,0.29525406734325166,PIPELINE_06_RETIREMENT_SUMMARY,25.574264202600958,16.452698200221736,1.1219245446147301,8958526.719710782,610890.1341358682,9569416.85384665,0.1772276611562885,468774.510092668,31966.16277539339,500740.6728680614,31221.49722858645,OK,False
E08572,PEN_DB_01,35.611225188227245,9.826146475017111,60.0,24.388774811772755,34.21492128678987,pensionable_salary_annual,pensionable_salary_annual,656000.0,0.06,2716957.7734783306,0.015,1394407.445386394,400458.37572951656,0.07,0.03,Gompertz-Makeham,0.0002,1e-05,1.1,0.5,0.5,60.45722108145106,0.2874857358148284,PIPELINE_06_RETIREMENT_SUMMARY,24.388774811772755,16.452696014800427,1.055068347428131,6588619.922458469,422510.95669469464,7011130.879153163,0.19202848824273822,363727.735867335,23324.90801812094,387052.6438854559,39390.07472253073,OK,False
E08576,PEN_DB_01,44.97467488021903,4.336755646817249,60.0,15.025325119780973,19.362080766598222,pensionable_salary_annual,pensionable_salary_annual,1259000.0,0.06,3021722.5331490943,0.015,877602.536116238,196567.08388123882,0.07,0.03,Gompertz-Makeham,0.0002,1e-05,1.1,0.5,0.0,,0.40799139920358535,PIPELINE_06_RETIREMENT_SUMMARY,15.025325119780973,16.452696014800427,0.0,3234058.4776137993,0.0,3234058.4776137993,0.36182551342078656,477417.2022411371,0.0,477417.2022411371,110086.25828192887,OK,False
E08580,PEN_DB_02,52.936344969199176,1.4565366187542779,60.0,7.063655030800824,8.520191649555102,pensionable_salary_annual,pensionable_salary_annual,4654000.0,0.065,7261303.235799063,0.02,1237353.9038908524,211527.08125640528,0.068,0.03,Gompertz-Makeham,0.0002,1e-05,1.1,0.67,0.67,62.984257357973995,0.9830800469429064,REVIEW_DB_MORTALITY_ONLY_FALLBACK,7.063655030800824,16.87779941727805,1.2847701803413527,3570111.648767884,271763.6863328718,3841875.3351007556,0.6283223774015969,2205226.5208688783,167866.03542697898,2373092.5562958573,1629270.7823065072,REVIEW_DB_MORTALITY_ONLY_FALLBACK,True
E08582,PEN_DB_01,51.37303216974675,11.863107460643395,60.0,8.62696783025325,20.490075290896645,pensionable_salary_annual,pensionable_salary_annual,4643000.0,0.06,7675586.480316421,0.015,2359100.173252078,1365844.6085918297,0.07,0.03,Gompertz-Makeham,0.0002,1e-05,1.1,0.5,0.5,61.04859685147159,0.6227100004537475,PIPELINE_06_RETIREMENT_SUMMARY,8.62696783025325,16.452696014800427,1.0217525322453278,22471826.148615446,1395555.1874823305,23867381.336097777,0.5578367155857406,7806049.516966795,484774.7052287581,8290824.222195553,698874.5781576103,OK,False
E08593,PEN_DB_01,39.52908966461328,3.7754962354551678,60.0,20.47091033538672,24.246406570841888,pensionable_salary_annual,pensionable_salary_annual,679000.0,0.06,2238225.673916256,0.015,814033.9453060518,126756.18908954895,0.07,0.03,Gompertz-Makeham,0.0002,1e-05,1.1,0.5,0.5,53.39082819986311,0.3066869249767371,PIPELINE_06_RETIREMENT_SUMMARY,20.47091033538672,16.4526992082766,1.481493261279705,2085481.4518777807,187788.43996166284,2273269.8918394437,0.2503152573071347,160099.10878062263,14416.22118005182,174515.32996067445,46223.15030321709,OK,False
E08602,PEN_DB_02,58.48870636550308,5.722108145106092,60.0,1.5112936344969228,7.233401779603015,pensionable_salary_annual,pensionable_salary_annual,4124000.0,0.065,4535779.61397625,0.02,656182.3266324577,519084.42947079334,0.068,0.03,Gompertz-Makeham,0.0002,1e-05,1.1,0.67,0.67,63.011635865845314,0.9021106093805308,PIPELINE_06_RETIREMENT_SUMMARY,1.5112936344969228,16.87779941727805,1.2826959956266863,8761002.881240265,665827.5190743497,9426830.400314614,0.9053582171862466,7155402.3828564985,543803.475599539,7699205.858456038,1345519.1099526638,OK,False
E08608,PEN_DB_01,49.549623545516766,13.330595482546201,60.0,10.450376454483234,23.780971937029435,pensionable_salary_annual,pensionable_salary_annual,1198000.0,0.06,2202483.3631537836,0.015,785657.9257640151,440406.2215686149,0.07,0.03,Gompertz-Makeham,0.0002,1e-05,1.1,0.5,0.0,,0.5740448675336125,PIPELINE_06_RETIREMENT_SUMMARY,10.450376454483234,16.452696014800427,0.0,7245869.686495264,0.0,7245869.686495264,0.4930925733777849,2050996.0267792419,0.0,2050996.0267792419,153856.29467675457,OK,False
E08613,PEN_DB_01,37.842573579739906,2.0506502395619437,60.0,22.157426420260094,24.208076659822037,pensionable_salary_annual,pensionable_salary_annual,1084000.0,0.06,3942231.5544910915,0.015,1431507.6552283461,121262.07122438715,0.07,0.03,Gompertz-Makeham,0.0002,1e-05,1.1,0.5,0.5,58.836413415468854,0.26757345275707034,PIPELINE_06_RETIREMENT_SUMMARY,22.157426420260094,16.452698921686956,1.1486390722362252,1995088.3484750013,139286.3529886231,2134374.7014636244,0.22332179400089924,119216.47133762966,8323.05372415402,127539.52506178367,62194.674938339784,OK,False
E08616,PEN_DB_01,44.48733744010951,3.07460643394935,60.0,15.512662559890487,18.587268993839835,pensionable_salary_annual,pensionable_salary_annual,632000.0,0.06,1560552.655117859,0.015,435096.17969589913,71971.27850913165,0.07,0.03,Gompertz-Makeham,0.0002,1e-05,1.1,0.5,0.5,55.02258726899384,0.3859582296158118,PIPELINE_06_RETIREMENT_SUMMARY,15.512662559890487,16.452699205198666,1.3794702322747951,1184121.796724322,99282.2362821058,1283404.0330064278,0.3500897310135468,159998.5523167265,13415.017036125324,173413.56935285183,56401.875517479195,OK,False
E08620,PEN_DB_01,38.43394934976044,4.991101984941821,60.0,21.56605065023956,26.55715263518138,pensionable_salary_annual,pensionable_salary_annual,756000.0,0.06,2656252.5697707133,0.015,1058137.573994904,198864.41210234127,0.07,0.03,Gompertz-Makeham,0.0002,1e-05,1.1,0.5,0.0,,0.29973819271890995,PIPELINE_06_RETIREMENT_SUMMARY,21.56605065023956,16.452696014800427,0.0,3271855.72048182,0.0,3271855.72048182,0.23243844541444547,227952.4114254423,0.0,227952.4114254423,45671.75988652924,OK,False
E08626,PEN_DB_01,52.17796030116359,13.379876796714578,60.0,7.822039698836413,21.20191649555099,pensionable_salary_annual,pensionable_salary_annual,1710000.0,0.06,2697364.2245334852,0.015,857839.365699684,541356.0150018538,0.07,0.03,Gompertz-Makeham,0.0002,1e-05,1.1,0.5,0.5,64.13689253935661,0.6550089594922923,PIPELINE_06_RETIREMENT_SUMMARY,7.822039698836413,16.452696014800427,0.8559162398351253,8906765.95060924,463355.4047725144,9370121.355381755,0.5890591745005803,3436577.996891472,178780.60315181452,3615358.6000432866,270208.6614826704,OK,False
E08628,PEN_DB_02,52.85694729637235,3.154004106776181,60.0,7.143052703627653,10.297056810403834,pensionable_salary_annual,pensionable_salary_annual,3688000.0,0.065,5782965.509876961,0.02,1190950.4877561808,364789.9393499389,0.068,0.03,Gompertz-Makeham,0.0002,1e-05,1.1,0.67,0.67,54.770704996577685,0.6153301278765945,PIPELINE_06_RETIREMENT_SUMMARY,7.143052703627653,16.8778029992237,1.9718101041407705,6156852.73244703,719296.4882991083,6876149.220746138,0.6250489589988603,2367996.09300303,276649.66956682724,2644645.7625698573,838504.2228981253,OK,False
E08629,PEN_DB_02,46.064339493497606,6.135523613963039,60.0,13.935660506502394,20.071184120465432,pensionable_salary_annual,pensionable_salary_annual,2092000.0,0.065,5031489.0182082895,0.02,2019758.8496911686,617416.3936922534,0.068,0.03,Gompertz-Makeham,0.0002,1e-05,1.1,0.67,0.0,,0.4460955803044215,PIPELINE_06_RETIREMENT_SUMMARY,13.935660506502394,16.87779941727805,0.0,10420630.049677031,0.0,10420630.049677031,0.39979809667201704,1858500.2364527483,0.0,1858500.2364527483,302908.1710684365,OK,False
E08665,PEN_DB_02,52.668035592060235,4.421629021218344,60.0,7.331964407939765,11.753593429158109,pensionable_salary_annual,pensionable_salary_annual,2894000.0,0.065,4592243.17690298,0.02,1079507.1845828604,406103.9140697228,0.068,0.03,Gompertz-Makeham,0.0002,1e-05,1.1,0.67,0.67,56.11225188227241,0.6215045008826,PIPELINE_06_RETIREMENT_SUMMARY,7.331964407939765,16.877802981487697,1.8524270213964786,6854141.851679792,752277.8639176282,7606419.71559742,0.6173288764130851,2629746.9405407174,288628.4605547014,2918375.4010954187,660022.6719814871,OK,False
E08668,PEN_DB_01,42.85831622176591,12.071184120465434,60.0,17.14168377823409,29.21286789869952,pensionable_salary_annual,pensionable_salary_annual,1523000.0,0.06,4135090.7336528264,0.015,1811967.8902700476,748731.6240113063,0.07,0.03,Gompertz-Makeham,0.0002,1e-05,1.1,0.5,0.0,,0.412015705857073,PIPELINE_06_RETIREMENT_SUMMARY,17.14168377823409,16.452696014800427,0.0,12318653.806525871,0.0,12318653.806525871,0.3135541655369965,1591437.533413078,0.0,1591437.533413078,131837.73170313603,OK,False
E08672,PEN_DB_01,51.45790554414784,5.6098562628336754,60.0,8.542094455852158,14.151950718685834,pensionable_salary_annual,pensionable_salary_annual,5148000.0,0.06,8468444.187850531,0.015,1797675.072156033,712601.3199550611,0.07,0.03,Gompertz-Makeham,0.0002,1e-05,1.1,0.5,0.5,57.22108145106092,0.589799840235811,PIPELINE_06_RETIREMENT_SUMMARY,8.542094455852158,16.452699135693468,1.2448124800498401,11724215.120918658,887055.0163800492,12611270.137298707,0.5610492621370576,3879622.0998538807,293532.50600067707,4173154.605854558,743896.8861827122,OK,False
E08686,PEN_DB_02,42.69952087611225,1.9767282683093772,60.0,17.300479123887747,19.277207392197123,pensionable_salary_annual,pensionable_salary_annual,618000.0,0.065,1837171.8969866664,0.02,708310.8734665635,72631.79245034212,0.068,0.03,Gompertz-Makeham,0.0002,1e-05,1.1,0.67,0.67,61.125256673511295,0.3400598606527684,PIPELINE_06_RETIREMENT_SUMMARY,17.300479123887747,16.87779941727805,1.429494045071511,1225864.8242942446,103826.714790634,1329691.5390848788,0.3204082125988422,133567.74535859522,11312.748296337588,144880.4936549328,73293.07521809447,OK,False
E08698,PEN_DB_01,42.09993155373032,9.204654346338124,60.0,17.900068446269678,27.104722792607802,pensionable_salary_annual,pensionable_salary_annual,1168000.0,0.06,3314511.7512998194,0.015,1347583.8331773393,457634.02496386005,0.07,0.03,Gompertz-Makeham,0.0002,1e-05,1.1,0.5,0.0,,0.3841332886775544,PIPELINE_06_RETIREMENT_SUMMARY,17.900068446269678,16.452696014800427,0.0,7529313.498759979,0.0,7529313.498759979,0.2978710993225814,861520.6525497978,0.0,861520.6525497978,93596.19819863583,OK,False
E08700,PEN_DB_01,38.06160164271047,7.148528405201916,60.0,21.93839835728953,29.086926762491444,pensionable_salary_annual,pensionable_salary_annual,3200000.0,0.06,11490002.714088865,0.015,5013133.01168296,1232049.1616626703,0.07,0.03,Gompertz-Makeham,0.0002,1e-05,1.1,0.5,0.5,57.37713894592745,0.307639675624099,PIPELINE_06_RETIREMENT_SUMMARY,21.93839835728953,16.452699135693468,1.235407881468208,20270534.17721928,1522083.244674361,21792617.42189364,0.22665587463128717,1413430.694020409,106132.33761223171,1519563.0316326406,212570.04875673,OK,False
E08702,PEN_DB_02,37.94387405886379,16.191649555099247,60.0,22.05612594113621,38.247775496235455,pensionable_salary_annual,pensionable_salary_annual,2309000.0,0.065,9260838.837827468,0.02,7084129.695520862,2998965.140967099,0.068,0.03,Gompertz-Makeham,0.0002,1e-05,1.1,0.67,0.67,56.427104722792606,0.3442657971860255,PIPELINE_06_RETIREMENT_SUMMARY,22.05612594113621,16.877802981487697,1.8247167120926617,50615942.79759218,5472261.811705991,56088204.60929817,0.23433051787053585,4083288.4535985305,441458.2093266906,4524746.662925221,279449.39442567417,OK,False
E08723,PEN_DB_01,35.006160164271044,14.127310061601642,60.0,24.993839835728956,39.121149897330596,pensionable_salary_annual,pensionable_salary_annual,1642000.0,0.06,7044722.592616149,0.015,4133964.727962717,1492844.705457878,0.07,0.03,Gompertz-Makeham,0.0002,1e-05,1.1,0.5,0.5,59.8631074606434,0.29633702562412445,PIPELINE_06_RETIREMENT_SUMMARY,24.993839835728956,16.452698200221736,1.088995955341914,24561323.398697376,1625701.84619722,26187025.244894598,0.18432598644552706,1341603.7012993314,88800.08534812988,1430403.7866474614,101250.96571181885,OK,False
E08724,PEN_DB_02,42.91854893908282,5.059548254620124,60.0,17.081451060917182,22.140999315537307,pensionable_salary_annual,pensionable_salary_annual,739000.0,0.065,2166783.027762157,0.02,959494.8306919953,219258.86572509055,0.068,0.03,Gompertz-Makeham,0.0002,1e-05,1.1,0.67,0.67,57.82067077344285,0.37331395975291115,PIPELINE_06_RETIREMENT_SUMMARY,17.081451060917182,16.8778029178778,1.7036898932961024,3700607.9237055103,373549.113551404,4074157.037256914,0.32505851379621037,449064.63032699906,45329.766904344055,494394.3972313431,97715.12640083767,OK,False
E08752,PEN_DB_02,34.417522245037645,10.885694729637235,60.0,25.582477754962355,36.46817248459959,pensionable_salary_annual,pensionable_salary_annual,1244000.0,0.065,6230043.985120694,0.02,4543966.372720474,1356367.13948473,0.068,0.03,Gompertz-Makeham,0.0002,1e-05,1.1,0.67,0.0,,0.2769246088838972,PIPELINE_06_RETIREMENT_SUMMARY,25.582477754962355,16.87779941727805,0.0,22892492.516410474,0.0,22892492.516410474,0.1858132003957331,1177961.7687154522,0.0,1177961.7687154522,108211.90543846048,OK,False
E08753,PEN_DB_01,37.267624914442166,8.123203285420944,60.0,22.732375085557834,30.855578370978776,pensionable_salary_annual,pensionable_salary_annual,650000.0,0.06,2444419.7145787235,0.015,1131359.7611212404,297847.77384620416,0.07,0.03,Gompertz-Makeham,0.0002,1e-05,1.1,0.5,0.0,,0.3016204428206597,PIPELINE_06_RETIREMENT_SUMMARY,22.732375085557834,16.452696014800427,0.0,4900398.8817766225,0.0,4900398.8817766225,0.21480131918939313,317489.34110022074,0.0,317489.34110022074,39084.25407376328,OK,False
E08755,PEN_DB_01,35.18412046543463,6.190280629705681,60.0,24.81587953456537,31.00616016427105,pensionable_salary_annual,pensionable_salary_annual,956000.0,0.06,4059244.362515156,0.015,1887923.712750889,376917.92622779333,0.07,0.03,Gompertz-Makeham,0.0002,1e-05,1.1,0.5,0.5,56.31759069130733,0.2643589132508913,PIPELINE_06_RETIREMENT_SUMMARY,24.81587953456537,16.45269919212516,1.2996882655990771,6201317.260345506,489875.80581220164,6691193.066157707,0.18655878845014506,305839.53242304,24159.929431931094,329999.46185497113,53309.28944826545,OK,False
E08757,PEN_DB_02,50.13826146475017,5.749486652977413,60.0,9.861738535249827,15.611225188227241,pensionable_salary_annual,pensionable_salary_annual,364000.0,0.065,677354.5689101429,0.02,211486.69415061656,77888.82106564271,0.068,0.03,Gompertz-Makeham,0.0002,1e-05,1.1,0.67,0.0,,0.549512365877107,PIPELINE_06_RETIREMENT_SUMMARY,9.861738535249827,16.87779941727805,0.0,1314591.898794179,0.0,1314591.898794179,0.5226822793343348,377577.5793518008,0.0,377577.5793518008,65671.52898011677,REVIEW_SPOUSE_DOB_MISSING,True
E08767,PEN_DB_01,23.33196440793977,1.9657768651608487,60.0,36.668035592060235,38.63381245722108,pensionable_salary_annual,pensionable_salary_annual,336000.0,0.06,2846135.980329618,0.015,1649356.255377053,83923.02397850783,0.07,0.03,Gompertz-Makeham,0.0002,1e-05,1.1,0.5,0.5,59.13210130047912,0.1370510594056754,PIPELINE_06_RETIREMENT_SUMMARY,36.668035592060235,16.452698200221736,1.131334813912107,1380760.1855683613,94945.03871566647,1475705.2242840277,0.08366707648122094,15832.709617961376,1088.702617125704,16921.412235087082,8608.002533238936,OK,False
E08781,PEN_DB_01,25.66735112936345,4.413415468856948,60.0,34.33264887063655,38.74606433949349,pensionable_salary_annual,pensionable_salary_annual,754000.0,0.06,5574279.3907193085,0.015,3239720.818786843,369024.16336096614,0.07,0.03,Gompertz-Makeham,0.0002,1e-05,1.1,0.5,0.0,,0.16539739695665734,PIPELINE_06_RETIREMENT_SUMMARY,34.33264887063655,16.452696014800427,0.0,6071442.38189403,0.0,6071442.38189403,0.09798894418510319,98400.57278449957,0.0,98400.57278449957,22295.78735083031,OK,False
E08782,PEN_DB_01,34.15468856947297,2.7405886379192332,60.0,25.845311430527033,28.585900068446268,pensionable_salary_annual,pensionable_salary_annual,463000.0,0.06,2087463.833420031,0.015,895080.4880796116,85813.19495907395,0.07,0.03,Gompertz-Makeham,0.0002,1e-05,1.1,0.5,0.5,61.694729637234765,0.23010606649218823,PIPELINE_06_RETIREMENT_SUMMARY,25.845311430527033,16.452696014800427,0.9858949735776908,1411858.4107204482,84602.79757679345,1496461.2082972417,0.17400715833207828,56530.95582703156,3387.5047075127604,59918.46053454432,21863.354355886426,OK,False
E08790,PEN_DB_01,45.02395619438741,6.417522245037645,60.0,14.97604380561259,21.393566050650236,pensionable_salary_annual,pensionable_salary_annual,1926000.0,0.06,4609332.414022831,0.015,1479150.8617320082,443707.3995264688,0.07,0.03,Gompertz-Makeham,0.0002,1e-05,1.1,0.5,0.5,62.06981519507187,0.42514521084478957,PIPELINE_06_RETIREMENT_SUMMARY,14.97604380561259,16.452696014800427,0.9653495450386582,7300182.963926595,428332.73626316286,7728515.700189757,0.36303396435704627,1126725.9436849374,66109.79599580845,1192835.7396807459,185871.69535767596,OK,False
E08806,PEN_DB_02,28.71457905544148,6.809034907597536,60.0,31.28542094455852,38.09445585215606,pensionable_salary_annual,pensionable_salary_annual,485000.0,0.065,3478449.722948243,0.02,2650192.9880959266,473697.71175755135,0.068,0.03,Gompertz-Makeham,0.0002,1e-05,1.1,0.67,0.67,64.94729637234771,0.20055751190833285,PIPELINE_06_RETIREMENT_SUMMARY,31.28542094455852,16.87779941727805,1.1405289460229044,7994974.963467547,540265.9519243017,8535240.915391847,0.1276839568080511,204735.13248589056,13835.11790221589,218570.25038810645,32100.03375724,OK,False
E08809,PEN_DB_01,39.030800821355236,2.193018480492813,60.0,20.969199178644764,23.16221765913758,pensionable_salary_annual,pensionable_salary_annual,444000.0,0.06,1506699.6911246981,0.015,523477.59289178427,49563.30400783914,0.07,0.03,Gompertz-Makeham,0.0002,1e-05,1.1,0.5,0.5,55.879534565366185,0.28507649174331984,PIPELINE_06_RETIREMENT_SUMMARY,20.969199178644764,16.452699205198666,1.3265385908556415,815450.132456795,65747.63545670871,881197.7679135037,0.24201691078129728,56260.62161046819,4536.148432606791,60796.77004307498,27722.871733125015,OK,False
E08818,PEN_DB_01,39.449691991786445,9.284052019164955,60.0,20.550308008213555,29.83436002737851,pensionable_salary_annual,pensionable_salary_annual,697000.0,0.06,2308214.1747556278,0.015,1032961.3906493665,321443.70704707736,0.07,0.03,Gompertz-Makeham,0.0002,1e-05,1.1,0.5,0.0,,0.3396510767373366,PIPELINE_06_RETIREMENT_SUMMARY,20.550308008213555,16.452696014800427,0.0,5288615.597916125,0.0,5288615.597916125,0.24897418426166065,447228.3391909694,0.0,447228.3391909694,48171.67528442984,OK,False
E08826,PEN_DB_01,26.305270362765228,4.418891170431212,60.0,33.69472963723477,38.11362080766598,pensionable_salary_annual,pensionable_salary_annual,1036000.0,0.06,7379620.756851915,0.015,4218961.008465524,489146.1150537573,0.07,0.03,Gompertz-Makeham,0.0002,1e-05,1.1,0.5,0.0,,0.1700959061890869,PIPELINE_06_RETIREMENT_SUMMARY,33.69472963723477,16.452696014800427,0.0,8047772.337800064,0.0,8047772.337800064,0.1023108175773515,140052.57516324503,0.0,140052.57516324503,31694.05395190536,OK,False
E08828,PEN_DB_01,25.30321697467488,7.077344284736482,60.0,34.69678302532512,41.7741273100616,pensionable_salary_annual,pensionable_salary_annual,368000.0,0.06,2778944.894995626,0.015,1741319.9674678955,295013.2465529237,0.07,0.03,Gompertz-Makeham,0.0002,1e-05,1.1,0.5,0.0,,0.17405993078267082,PIPELINE_06_RETIREMENT_SUMMARY,34.69678302532512,16.452696014800427,0.0,4853763.265874623,0.0,4853763.265874623,0.09560430334367567,80770.88439914066,0.0,80770.88439914066,11412.597882702565,OK,False
E08829,PEN_DB_01,49.98494182067078,3.8439425051334704,60.0,10.015058179329223,13.859000684462693,pensionable_salary_annual,pensionable_salary_annual,1424000.0,0.06,2552405.6788036497,0.015,530606.8807434937,147169.51018646098,0.07,0.03,Gompertz-Makeham,0.0002,1e-05,1.1,0.5,0.0,,0.5280183389110119,PIPELINE_06_RETIREMENT_SUMMARY,10.015058179329223,16.452696014800427,0.0,2421335.2137449174,0.0,2421335.2137449174,0.5078316414510312,649267.5259472248,0.0,649267.5259472248,168906.6694104158,OK,False
E08846,PEN_DB_02,31.301848049281315,1.0951403148528405,60.0,28.698151950718685,29.793292265571527,pensionable_salary_annual,pensionable_salary_annual,755000.0,0.065,4600766.065769925,0.02,2741439.360860141,100769.68795663079,0.068,0.03,Gompertz-Makeham,0.0002,1e-05,1.1,0.67,0.0,,0.18791187000741982,PIPELINE_06_RETIREMENT_SUMMARY,28.698151950718685,16.87779941727805,0.0,1700770.5806737142,0.0,1700770.5806737142,0.15137628709484385,48379.10148712016,0.0,48379.10148712016,44176.167045426606,OK,False
E08856,PEN_DB_01,51.05544147843943,7.832991101984942,60.0,8.944558521560573,16.777549623545514,pensionable_salary_annual,pensionable_salary_annual,954000.0,0.06,1606564.504831881,0.015,404313.2355486556,188763.0820666945,0.07,0.03,Gompertz-Makeham,0.0002,1e-05,1.1,0.5,0.5,63.189596167008894,0.5921136279087408,PIPELINE_06_RETIREMENT_SUMMARY,8.944558521560573,16.452696014800427,0.9052483392859851,3105661.608060151,170877.46655937933,3276539.0746195302,0.5459779215569328,1004001.2905960691,55241.43278010366,1059242.7233761728,135228.38333210314,OK,False
E08863,PEN_DB_01,42.59548254620123,2.535249828884326,60.0,17.404517453798768,19.939767282683093,pensionable_salary_annual,pensionable_salary_annual,3457000.0,0.06,9530940.387989672,0.015,2850670.9998245905,362449.7248163629,0.07,0.03,Gompertz-Makeham,0.0002,1e-05,1.1,0.5,0.5,56.80766598220397,0.971080493834629,REVIEW_DB_MORTALITY_ONLY_FALLBACK,17.404517453798768,16.45269919212516,1.2698348596189517,5963276.29467216,460251.29543111386,6423527.590103274,0.308027526495622,1783732.3580604563,137670.1477396251,1921402.5058000814,757875.0164616412,REVIEW_DB_MORTALITY_ONLY_FALLBACK,True
E08889,PEN_DB_01,41.31416837782341,6.910335386721424,60.0,18.685831622176593,25.596167008898018,pensionable_salary_annual,pensionable_salary_annual,3757000.0,0.06,11160980.06570107,0.015,4285174.646169992,1156891.7324775974,0.07,0.03,Gompertz-Makeham,0.0002,1e-05,1.1,0.5,0.5,55.9315537303217,0.3572868481238711,PIPELINE_06_RETIREMENT_SUMMARY,18.685831622176593,16.452699205198666,1.323342432381836,19033991.687435076,1530963.91925934,20564955.606694415,0.28244876344935266,1920819.6194396652,154497.57365969822,2075317.1930993635,300320.7625909439,OK,False
E08891,PEN_DB_01,33.073237508555785,8.900752908966462,60.0,26.926762491444215,35.827515400410675,pensionable_salary_annual,pensionable_salary_annual,1478000.0,0.06,7097076.028249256,0.015,3814059.0104997847,947539.8015539356,0.07,0.03,Gompertz-Makeham,0.0002,1e-05,1.1,0.5,0.0,,0.25294907881153145,PIPELINE_06_RETIREMENT_SUMMARY,26.926762491444215,16.452696014800427,0.0,15589584.316891225,0.0,15589584.316891225,0.16172978051700032,637760.5250352605,0.0,637760.5250352605,71652.42441375849,OK,False
E08897,PEN_DB_02,31.81656399726215,3.1485284052019167,60.0,28.18343600273785,31.331964407939765,pensionable_salary_annual,pensionable_salary_annual,514000.0,0.065,3032278.170389636,0.02,1900144.6341924155,190944.27903890933,0.068,0.03,Gompertz-Makeham,0.0002,1e-05,1.1,0.67,0.67,61.568788501026695,0.20935862562208843,PIPELINE_06_RETIREMENT_SUMMARY,28.18343600273785,16.87779941727805,1.394287588381558,3222719.2414954817,266231.23833641614,3488950.4798318977,0.15658996542606726,105651.8871766095,8727.981138858233,114379.86831546773,36328.04078454312,OK,False
E08912,PEN_DB_02,39.252566735112936,1.9904175222450375,60.0,20.747433264887064,22.737850787132103,pensionable_salary_annual,pensionable_salary_annual,338000.0,0.065,1248391.6707741022,0.02,567714.8706792017,49696.41312267062,0.068,0.03,Gompertz-Makeham,0.0002,1e-05,1.1,0.67,0.0,,0.2860486974699114,PIPELINE_06_RETIREMENT_SUMMARY,20.747433264887064,16.87779941727805,0.0,838766.0924426196,0.0,838766.0924426196,0.25539938165787995,61277.449619144245,0.0,61277.449619144245,30786.228986784645,OK,False
E08913,PEN_DB_02,42.17932922655715,2.2258726899383983,60.0,17.82067077344285,20.046543463381248,pensionable_salary_annual,pensionable_salary_annual,1418000.0,0.065,4355766.4633193305,0.02,1746361.2344653876,193907.63228904124,0.068,0.03,Gompertz-Makeham,0.0002,1e-05,1.1,0.67,0.67,60.03832991101985,0.3340516851485916,PIPELINE_06_RETIREMENT_SUMMARY,17.82067077344285,16.87779941727805,1.5174578465246236,3272734.123253747,294246.6581180171,3566980.781371764,0.30962863072000907,338505.32411266776,30434.510297549776,368939.83441021753,165750.64516399996,OK,False
E08924,PEN_DB_01,36.70636550308008,9.820670773442847,60.0,23.29363449691992,33.11430527036277,pensionable_salary_annual,pensionable_salary_annual,1037000.0,0.06,4029436.652081565,0.015,2001479.9304692622,593576.5614380523,0.07,0.03,Gompertz-Makeham,0.0002,1e-05,1.1,0.5,0.5,55.63860369609856,0.30197746037386863,PIPELINE_06_RETIREMENT_SUMMARY,23.29363449691992,16.452699205198666,1.3413680934053638,9765936.620596401,796204.660506272,10562141.281102674,0.20679737536135578,609864.6380934517,49721.505063210534,659586.1431566622,67163.04398884051,OK,False
E08934,PEN_DB_01,27.017111567419576,4.418891170431212,60.0,32.982888432580424,37.40177960301163,pensionable_salary_annual,pensionable_salary_annual,508000.0,0.06,3471556.5412201863,0.015,1947635.8895116616,230106.45821475895,0.07,0.03,Gompertz-Makeham,0.0002,1e-05,1.1,0.5,0.0,,0.17548692860297813,PIPELINE_06_RETIREMENT_SUMMARY,32.982888432580424,16.452696014800427,0.0,3785871.6080498057,0.0,3785871.6080498057,0.10735892121432267,71326.15176137215,0.0,71326.15176137215,16141.187689492677,OK,False
E08941,PEN_DB_01,59.50992470910335,7.025325119780972,60.0,0.49007529089664814,7.51540041067762,pensionable_salary_annual,pensionable_salary_annual,2634000.0,0.06,2710301.1533642677,0.015,305534.9760158077,285611.20162352,0.07,0.03,Gompertz-Makeham,0.0002,1e-05,1.1,0.5,0.5,58.313483915126625,0.9679417670368047,PIPELINE_06_RETIREMENT_SUMMARY,0.49007529089664814,16.452698921686956,1.1794776346555684,4699075.108973003,336872.024522044,5035947.133495047,0.9673858632556661,4400087.911710889,315437.9294901234,4715525.841201013,671218.1658217731,OK,False
E08956,PEN_DB_01,45.880903490759756,11.764544832306639,60.0,14.119096509240244,25.883641341546884,pensionable_salary_annual,pensionable_salary_annual,637000.0,0.06,1450224.9957540478,0.015,563056.5548196619,255918.554692203,0.07,0.03,Gompertz-Makeham,0.0002,1e-05,1.1,0.5,0.0,,0.47392117501811476,PIPELINE_06_RETIREMENT_SUMMARY,14.119096509240244,16.452696014800427,0.0,4210550.184897893,0.0,4210550.184897893,0.38470480175432,767666.464157365,0.0,767666.464157365,65252.54271200317,OK,False
E08967,PEN_DB_01,51.79192334017796,4.854209445585216,60.0,8.20807665982204,13.062286105407257,pensionable_salary_annual,pensionable_salary_annual,2417000.0,0.06,3899322.2909608143,0.015,764010.9507258335,283921.90644244454,0.07,0.03,Gompertz-Makeham,0.0002,1e-05,1.1,0.5,0.5,55.68788501026694,0.5947012875508609,PIPELINE_06_RETIREMENT_SUMMARY,8.20807665982204,16.452699205198666,1.338331324518692,4671281.724464097,379981.58110898896,5051263.305573086,0.5738728784108451,1594228.7590053321,129681.2310256804,1723909.9900310126,355137.125695898,OK,False
E08985,PEN_DB_01,38.73511293634497,6.50239561943874,60.0,21.26488706365503,27.76728268309377,pensionable_salary_annual,pensionable_salary_annual,1265000.0,0.06,4367338.884727395,0.015,1819037.000776396,425972.4784898383,0.07,0.03,Gompertz-Makeham,0.0002,1e-05,1.1,0.5,0.5,62.836413415468854,0.31372371824000655,PIPELINE_06_RETIREMENT_SUMMARY,21.26488706365503,16.452696014800427,0.9240002148673703,7008395.699264423,393598.66165219684,7401994.36091662,0.23722326884433131,521582.79116649023,29292.622356567965,550875.4135230582,84718.83991128296,OK,False
E08989,PEN_DB_01,52.37234770704997,5.700205338809035,60.0,7.627652292950032,13.327857631759066,pensionable_salary_annual,pensionable_salary_annual,1339000.0,0.06,2088357.8456836613,0.015,417500.0407715836,178561.0281196461,0.07,0.03,Gompertz-Makeham,0.0002,1e-05,1.1,0.5,0.0,,0.6216219016957811,PIPELINE_06_RETIREMENT_SUMMARY,7.627652292950032,16.452696014800427,0.0,2937810.3157427683,0.0,2937810.3157427683,0.5968576446660383,1089985.7491293577,0.0,1089985.7491293577,191218.68149351486,OK,False
E09002,PEN_DB_01,28.484599589322382,2.113620807665982,60.0,31.515400410677618,33.6290212183436,pensionable_salary_annual,pensionable_salary_annual,800000.0,0.06,5018968.425736334,0.015,2531744.9352492564,159122.94146482338,0.07,0.03,Gompertz-Makeham,0.0002,1e-05,1.1,0.5,0.0,,0.17329872553075565,PIPELINE_06_RETIREMENT_SUMMARY,31.515400410677618,16.452696014800427,0.0,2618001.3849016214,0.0,2618001.3849016214,0.1185655391976767,53792.746849499126,0.0,53792.746849499126,25450.51915385953,REVIEW_SPOUSE_DOB_MISSING,True
E09022,PEN_DB_01,30.61738535249829,5.319644079397673,60.0,29.38261464750171,34.70225872689939,pensionable_salary_annual,pensionable_salary_annual,390000.0,0.06,2160812.554247196,0.015,1124776.1447672774,172421.30566333886,0.07,0.03,Gompertz-Makeham,0.0002,1e-05,1.1,0.5,0.5,61.002053388090346,0.21079237465225414,PIPELINE_06_RETIREMENT_SUMMARY,29.38261464750171,16.452696014800427,1.024357680517302,2836795.3285539015,176621.08874106256,3013416.417294964,0.13697073410069843,81905.05057706135,5099.472302672858,87004.52287973421,16355.327834185757,OK,False
E09023,PEN_DB_02,42.39835728952772,5.388090349075975,60.0,17.601642710472277,22.98973305954825,pensionable_salary_annual,pensionable_salary_annual,985000.0,0.065,2984243.48777511,0.02,1372139.2233729006,321587.470715478,0.068,0.03,Gompertz-Makeham,0.0002,1e-05,1.1,0.67,0.67,56.298425735797395,0.36623524640862765,PIPELINE_06_RETIREMENT_SUMMARY,17.601642710472277,16.877802981487697,1.8360265726528169,5427689.972050782,590443.1416658273,6018133.11371661,0.3141224805514412,624416.2397771985,67926.18742405986,692342.4272012584,128494.95504840428,OK,False
E09033,PEN_DB_01,21.357973990417523,2.830937713894593,60.0,38.64202600958248,41.47296372347707,pensionable_salary_annual,pensionable_salary_annual,782000.0,0.06,7431502.989195195,0.015,4623096.808227057,315571.83124549617,0.07,0.03,Gompertz-Makeham,0.0002,1e-05,1.1,0.5,0.0,,0.1303120993517669,PIPELINE_06_RETIREMENT_SUMMARY,38.64202600958248,16.452696014800427,0.0,5192007.410316048,0.0,5192007.410316048,0.07320677892056167,49530.34390920306,0.0,49530.34390920306,17496.091018217037,OK,False
E09036,PEN_DB_02,37.21286789869952,13.018480492813142,60.0,22.78713210130048,35.80561259411362,pensionable_salary_annual,pensionable_salary_annual,779000.0,0.065,3271572.7560389857,0.02,2342813.33352377,851818.1221062492,0.068,0.03,Gompertz-Makeham,0.0002,1e-05,1.1,0.67,0.0,,0.3222316653493595,PIPELINE_06_RETIREMENT_SUMMARY,22.78713210130048,16.87779941727805,0.0,14376815.404911738,0.0,14376815.404911738,0.2233279557502048,1034603.6421683311,0.0,1034603.6421683311,79471.92014763049,OK,False
E09039,PEN_DB_01,42.33538672142368,6.324435318275154,60.0,17.66461327857632,23.98904859685147,pensionable_salary_annual,pensionable_salary_annual,427000.0,0.06,1195215.4504801424,0.015,430081.22287913784,113385.94211947141,0.07,0.03,Gompertz-Makeham,0.0002,1e-05,1.1,0.5,0.0,,0.37157906858496326,PIPELINE_06_RETIREMENT_SUMMARY,17.66461327857632,16.452696014800427,0.0,1865504.438043419,0.0,1865504.438043419,0.30265435710284116,209794.67408985045,0.0,209794.67408985045,33172.079961609474,OK,False
E09040,PEN_DB_02,46.724161533196444,4.101300479123887,60.0,13.275838466803556,17.37713894592744,pensionable_salary_annual,pensionable_salary_annual,1831000.0,0.065,4224519.501298505,0.02,1468201.2470768846,346520.4770948753,0.068,0.03,Gompertz-Makeham,0.0002,1e-05,1.1,0.67,0.0,,0.4446881771494313,PIPELINE_06_RETIREMENT_SUMMARY,13.275838466803556,16.87779941727805,0.0,5848503.106386798,0.0,5848503.106386798,0.4175347868029747,1085907.8495499867,0.0,1085907.8495499867,264771.5901522915,OK,False
E09047,PEN_DB_01,29.579739904175224,11.496235455167694,60.0,30.420260095824776,41.91649555099247,pensionable_salary_annual,pensionable_salary_annual,964000.0,0.06,5673983.090783525,0.015,3567502.304718512,978441.683704313,0.07,0.03,Gompertz-Makeham,0.0002,1e-05,1.1,0.5,0.0,,0.22650721122620307,PIPELINE_06_RETIREMENT_SUMMARY,30.420260095824776,16.452696014800427,0.0,16098003.59019657,0.0,16098003.59019657,0.12768440005312973,465577.40266621584,0.0,465577.40266621584,40498.248707748346,OK,False
E09050,PEN_DB_01,31.159479808350444,11.028062970568104,60.0,28.840520191649556,39.86858316221766,pensionable_salary_annual,pensionable_salary_annual,548000.0,0.06,2941811.7388576167,0.015,1759287.9893734956,486637.27655517374,0.07,0.03,Gompertz-Makeham,0.0002,1e-05,1.1,0.5,0.5,52.22724161533196,0.24070588508437166,PIPELINE_06_RETIREMENT_SUMMARY,28.840520191649556,16.452699208341844,1.5549684801868637,8006496.734728938,756705.626327273,8763202.36105621,0.14208772684579205,273833.01351198263,25880.35552426721,299713.3690362498,27177.33566049907,OK,False
E09052,PEN_DB_02,54.902121834360024,3.378507871321013,60.0,5.097878165639976,8.476386036960989,pensionable_salary_annual,pensionable_salary_annual,562000.0,0.065,774749.4629870565,0.02,131341.5106041302,52349.94318006996,0.068,0.03,Gompertz-Makeham,0.0002,1e-05,1.1,0.67,0.67,57.23203285420945,0.700665870821231,PIPELINE_06_RETIREMENT_SUMMARY,5.097878165639976,16.8778029178778,1.7544717924327915,883552.0237553219,91846.49864489213,975398.522400214,0.7150678211327227,442680.4312710331,46017.2650140572,488697.69628509035,144648.97371809505,OK,False
E09065,PEN_DB_01,34.83367556468173,5.221081451060917,60.0,25.166324435318273,30.38740588637919,pensionable_salary_annual,pensionable_salary_annual,334000.0,0.06,1447445.0392792202,0.015,659761.498602056,113358.42669016315,0.07,0.03,Gompertz-Makeham,0.0002,1e-05,1.1,0.5,0.5,63.854893908281994,0.2546058294818582,PIPELINE_06_RETIREMENT_SUMMARY,25.166324435318273,16.452696014800427,0.8704526274007016,1865051.7350492936,98673.14035046233,1963724.875399756,0.1821873914327064,86512.23740548793,4577.049517244951,91089.28692273288,17446.44050788054,OK,False
E09081,PEN_DB_01,38.85831622176591,1.51129363449692,60.0,21.14168377823409,22.65297741273101,pensionable_salary_annual,pensionable_salary_annual,1345000.0,0.06,4610318.035071325,0.015,1566561.4547096568,104513.1644911446,0.07,0.03,Gompertz-Makeham,0.0002,1e-05,1.1,0.5,0.0,,0.27510651785099066,PIPELINE_06_RETIREMENT_SUMMARY,21.14168377823409,16.452696014800427,0.0,1719523.3249176363,0.0,1719523.3249176363,0.2392089716057317,113158.30020487135,0.0,113158.30020487135,74875.12527142983,REVIEW_SPOUSE_DOB_MISSING,True
E09095,PEN_DB_01,53.55783709787816,4.85968514715948,60.0,6.4421629021218365,11.301848049281316,pensionable_salary_annual,pensionable_salary_annual,2736000.0,0.06,3982360.7552046077,0.015,675120.541991155,290295.29119047965,0.07,0.03,Gompertz-Makeham,0.0002,1e-05,1.1,0.5,0.5,56.49007529089665,0.9841803830394344,REVIEW_DB_MORTALITY_ONLY_FALLBACK,6.4421629021218365,16.45269919212516,1.2891582952712535,4776141.102847342,374236.5827163909,5150377.685563733,0.6467030623412022,3039882.313371999,238191.2812705893,3278073.5946425884,674544.4396863128,REVIEW_DB_MORTALITY_ONLY_FALLBACK,True
E09103,PEN_DB_01,36.550308008213555,7.326488706365503,60.0,23.449691991786445,30.776180698151947,pensionable_salary_annual,pensionable_salary_annual,608000.0,0.06,2384066.280855662,0.015,1100586.8198397737,262002.52022873724,0.07,0.03,Gompertz-Makeham,0.0002,1e-05,1.1,0.5,0.5,58.255989048596845,0.2877992681560055,PIPELINE_06_RETIREMENT_SUMMARY,23.449691991786445,16.452698921686956,1.1828861840461622,4310648.58204661,309919.1613638484,4620567.743410459,0.2046253634141851,253858.53426109036,18251.458578861766,272109.9928399521,37140.573574287184,OK,False
E09146,PEN_DB_01,50.8145106091718,8.405201916495551,60.0,9.185489390828202,17.590691307323752,pensionable_salary_annual,pensionable_salary_annual,4924000.0,0.06,8409395.945903892,0.015,2218906.322481828,1060240.0638162196,0.07,0.03,Gompertz-Makeham,0.0002,1e-05,1.1,0.5,0.5,56.65982203969884,0.9797356204227076,REVIEW_DB_MORTALITY_ONLY_FALLBACK,9.185489390828202,16.45269919212516,1.2788195748362463,17443810.841407843,1355855.7476338125,18799666.589041654,0.5371500516284887,9180067.794372652,713539.4780320643,9893607.272404715,1177081.4515458704,REVIEW_DB_MORTALITY_ONLY_FALLBACK,True
E09149,PEN_DB_01,56.47638603696099,3.3155373032169746,60.0,3.5236139630390113,6.8391512662559855,pensionable_salary_annual,pensionable_salary_annual,2983000.0,0.06,3662868.7204787424,0.015,375763.69871687447,182165.6681930085,0.07,0.03,Gompertz-Makeham,0.0002,1e-05,1.1,0.5,0.5,55.474332648870636,0.7753459834599152,PIPELINE_06_RETIREMENT_SUMMARY,3.5236139630390113,16.452699205198666,1.351503203536549,2997116.9442935945,246197.484137227,3243314.4284308213,0.787885142117145,1830889.5297124882,150398.0005874103,1981287.5302998985,597576.6064756714,OK,False
E09151,PEN_DB_01,42.78165639972622,7.175906913073238,60.0,17.218343600273784,24.39425051334702,pensionable_salary_annual,pensionable_salary_annual,1957000.0,0.06,5337229.882101544,0.015,1952965.8418695997,574491.9721145029,0.07,0.03,Gompertz-Makeham,0.0002,1e-05,1.1,0.5,0.0,,0.3852435952611054,PIPELINE_06_RETIREMENT_SUMMARY,17.218343600273784,16.452696014800427,0.0,9451941.78014312,0.0,9451941.78014312,0.3119320644740406,1135838.236844311,0.0,1135838.236844311,158284.97367698763,OK,False
E09170,PEN_DB_02,38.280629705681044,4.61327857631759,60.0,21.719370294318956,26.332648870636547,pensionable_salary_annual,pensionable_salary_annual,460000.0,0.065,1806234.321491042,0.02,951258.6833183211,166653.24198288325,0.068,0.03,Gompertz-Makeham,0.0002,1e-05,1.1,0.67,0.0,,0.2949465670793406,PIPELINE_06_RETIREMENT_SUMMARY,21.719370294318956,16.87779941727805,0.0,2812739.990426205,0.0,2812739.990426205,0.23957990203755092,198757.40439089443,0.0,198757.40439089443,43083.763770785874,REVIEW_SPOUSE_DOB_MISSING,True
E09188,PEN_DB_01,31.496235455167692,6.4722792607802875,60.0,28.503764544832308,34.9760438056126,pensionable_salary_annual,pensionable_salary_annual,464000.0,0.06,2442476.5661802157,0.015,1281422.5105935219,237125.85636345093,0.07,0.03,Gompertz-Makeham,0.0002,1e-05,1.1,0.5,0.5,62.072553045859,0.22511415221237885,PIPELINE_06_RETIREMENT_SUMMARY,28.503764544832308,16.452696014800427,0.9652003246113313,3901359.6319970875,228873.95353574277,4130233.58553283,0.14536227771819876,127664.60443939376,7489.466622092377,135154.07106148615,20881.99004027403,OK,False
E09193,PEN_DB_01,43.46885694729637,21.598904859685145,60.0,16.531143052703626,38.130047912388775,pensionable_salary_annual,pensionable_salary_annual,2832000.0,0.06,7420413.857399802,0.015,4244111.038686121,2404092.1938820137,0.07,0.03,Gompertz-Makeham,0.0002,1e-05,1.1,0.5,0.0,,0.45739572839482645,PIPELINE_06_RETIREMENT_SUMMARY,16.531143052703626,16.452696014800427,0.0,39553798.05749542,0.0,39553798.05749542,0.3267778173476738,5911978.744971076,0.0,5911978.744971076,273716.5973635043,OK,False
E09198,PEN_DB_01,33.51403148528405,10.732375085557837,60.0,26.48596851471595,37.21834360027378,pensionable_salary_annual,pensionable_salary_annual,619000.0,0.06,2896950.000742715,0.015,1617295.207806836,466367.310181168,0.07,0.03,Gompertz-Makeham,0.0002,1e-05,1.1,0.5,0.5,56.7419575633128,0.2655295548648304,PIPELINE_06_RETIREMENT_SUMMARY,26.48596851471595,16.45269919212516,1.2738257412572807,7673001.067451287,594070.6845896905,8267071.752040978,0.16662577768360734,339484.78542227513,26284.10410877029,365768.88953104545,34080.8895156159,OK,False
E09210,PEN_DB_01,42.704996577686515,5.49760438056126,60.0,17.295003422313485,22.792607802874745,pensionable_salary_annual,pensionable_salary_annual,2345000.0,0.06,6424034.629772927,0.015,2196307.5274274996,529752.0138227531,0.07,0.03,Gompertz-Makeham,0.0002,1e-05,1.1,0.5,0.5,59.630390143737166,0.37261956883546926,PIPELINE_06_RETIREMENT_SUMMARY,17.295003422313485,16.452698200221736,1.1024051933429893,8715850.00438545,584001.37122211,9299851.375607561,0.3103183549814977,1007819.764193465,67528.48247016461,1075348.2466636295,195603.06130173837,OK,False
E09218,PEN_DB_01,34.614647501711154,3.238877481177276,60.0,25.385352498288846,28.624229979466122,pensionable_salary_annual,pensionable_salary_annual,2144000.0,0.06,9410725.181632636,0.015,4040621.428089085,457202.7880850681,0.07,0.03,Gompertz-Makeham,0.0002,1e-05,1.1,0.5,0.0,,0.23895666549713399,PIPELINE_06_RETIREMENT_SUMMARY,25.385352498288846,16.452696014800427,0.0,7522218.489482844,0.0,7522218.489482844,0.17950743683693496,322661.79000333464,0.0,322661.79000333464,99621.48672757226,OK,False
E09222,PEN_DB_01,38.31895961670089,18.102669404517453,60.0,21.681040383299113,39.78370978781656,pensionable_salary_annual,pensionable_salary_annual,1274000.0,0.06,4506370.702538992,0.015,2689202.1633919547,1223660.0856339966,0.07,0.03,Gompertz-Makeham,0.0002,1e-05,1.1,0.5,0.5,65.81519507186859,0.3561430755051728,PIPELINE_06_RETIREMENT_SUMMARY,21.681040383299113,16.452696014800427,0.7721182190041183,20132507.414380807,944810.2459861484,21077317.660366956,0.23063707915012208,1653680.1062237981,77606.5234093823,1731286.6296331803,95637.09036199623,OK,False
E09255,PEN_DB_01,29.963039014373717,1.1307323750855578,60.0,30.036960985626283,31.16769336071184,pensionable_salary_annual,pensionable_salary_annual,724000.0,0.06,4167252.865224657,0.015,1948254.891898049,70680.71594816359,0.07,0.03,Gompertz-Makeham,0.0002,1e-05,1.1,0.5,0.0,,0.1770149455825676,PIPELINE_06_RETIREMENT_SUMMARY,30.036960985626283,16.452696014800427,0.0,1162888.3336035921,0.0,1162888.3336035921,0.1310390138398088,26974.19952187302,0.0,26974.19952187302,23855.511804755733,OK,False
E09267,PEN_DB_02,34.08350444900753,2.0451745379876796,60.0,25.916495550992472,27.961670088980153,pensionable_salary_annual,pensionable_salary_annual,780000.0,0.065,3989335.7685358627,0.02,2230969.812679358,163177.75874586115,0.068,0.03,Gompertz-Makeham,0.0002,1e-05,1.1,0.67,0.67,56.11225188227242,0.2235410573988949,PIPELINE_06_RETIREMENT_SUMMARY,25.916495550992472,16.877802981487697,1.8524270213964775,2754082.0630733757,302274.8895917486,3056356.952665124,0.18177462472281164,111909.62342750149,12282.665618196186,124192.28904569767,60724.54293700277,OK,False
E09270,PEN_DB_01,45.06776180698152,2.6885694729637235,60.0,14.932238193018478,17.620807665982202,pensionable_salary_annual,pensionable_salary_annual,870000.0,0.06,2076789.4093712291,0.015,548920.601179188,83753.88911714772,0.07,0.03,Gompertz-Makeham,0.0002,1e-05,1.1,0.5,0.0,,0.3935546691690399,PIPELINE_06_RETIREMENT_SUMMARY,14.932238193018478,16.452696014800427,0.0,1377977.2777017332,0.0,1377977.2777017332,0.36411153085530384,197461.10279029282,0.0,197461.10279029282,73444.67188814099,OK,False
E09288,PEN_DB_01,37.98494182067078,8.731006160164272,60.0,22.015058179329223,30.746064339493493,pensionable_salary_annual,pensionable_salary_annual,2198000.0,0.06,7927527.991626856,0.015,3656104.285255424,1038229.4359465317,0.07,0.03,Gompertz-Makeham,0.0002,1e-05,1.1,0.5,0.5,58.3709787816564,0.3148162639036396,PIPELINE_06_RETIREMENT_SUMMARY,22.015058179329223,16.452698921686956,1.176072574648329,17081676.32126116,1221033.1658093198,18302709.48707048,0.22548332208511082,1212556.7499309091,86676.03689743055,1299232.7868283396,148806.7655657106,OK,False
E09293,PEN_DB_02,19.912388774811774,1.9110198494182067,60.0,40.087611225188226,41.998631074606436,pensionable_salary_annual,pensionable_salary_annual,628000.0,0.065,7840433.712092096,0.02,6585749.658781259,299664.4890371134,0.068,0.03,Gompertz-Makeham,0.0002,1e-05,1.1,0.67,0.0,,0.11791658530269558,PIPELINE_06_RETIREMENT_SUMMARY,40.087611225188226,16.87779941727805,0.0,5057677.138449517,0.0,5057677.138449517,0.07155611112527645,42674.921045989206,0.0,42674.921045989206,22330.966922704236,OK,False
E09295,PEN_DB_01,36.37782340862423,8.993839835728952,60.0,23.62217659137577,32.616016427104725,pensionable_salary_annual,pensionable_salary_annual,514000.0,0.06,2035835.7528872367,0.015,996012.7853858584,274649.71039977705,0.07,0.03,Gompertz-Makeham,0.0002,1e-05,1.1,0.5,0.0,,0.2937703657261608,PIPELINE_06_RETIREMENT_SUMMARY,23.62217659137577,16.452696014800427,0.0,4518728.195760503,0.0,4518728.195760503,0.20225125008305406,268482.1503609733,0.0,268482.1503609733,29851.78247164247,OK,False
E09296,PEN_DB_02,20.306639288158795,1.998631074606434,60.0,39.69336071184121,41.691991786447645,pensionable_salary_annual,pensionable_salary_annual,1246000.0,0.065,15174552.378829068,0.02,12653146.262823222,606566.6385514152,0.068,0.03,Gompertz-Makeham,0.0002,1e-05,1.1,0.67,0.0,,0.12040218716928557,PIPELINE_06_RETIREMENT_SUMMARY,39.69336071184121,16.87779941727805,0.0,10237510.058683382,0.0,10237510.058683382,0.07343632934593855,90518.98563151596,0.0,90518.98563151596,45290.492468371514,OK,False
E09297,PEN_DB_01,44.0,7.586584531143052,60.0,16.0,23.586584531143053,pensionable_salary_annual,pensionable_salary_annual,1590000.0,0.06,4039159.1786502204,0.015,1429049.5410296365,459651.3381535835,0.07,0.03,Gompertz-Makeham,0.0002,1e-05,1.1,0.5,0.5,56.4435318275154,0.41146091453666833,PIPELINE_06_RETIREMENT_SUMMARY,16.0,16.45269919212516,1.2919973104830398,7562505.199898712,593868.2926543602,8156373.492553072,0.3387345977965976,1054032.083162981,82771.01530314343,1136803.0984661246,149843.85843188452,OK,False
E09300,PEN_DB_02,34.98973305954826,5.763175906913073,60.0,25.010266940451743,30.773442847364816,pensionable_salary_annual,pensionable_salary_annual,391000.0,0.065,1888851.209389727,0.02,1162529.0947866137,217715.6356339699,0.068,0.03,Gompertz-Makeham,0.0002,1e-05,1.1,0.67,0.67,55.9151266255989,0.2596180986169668,PIPELINE_06_RETIREMENT_SUMMARY,25.010266940451743,16.877802996251773,1.8698405564161742,3674561.607433877,407093.52527432336,4081655.1327082003,0.19294136350699223,184062.72247037993,20391.750245925014,204454.47271630494,35476.00767678404,OK,False
E09308,PEN_DB_02,42.02053388090349,3.597535934291581,60.0,17.979466119096507,21.57700205338809,pensionable_salary_annual,pensionable_salary_annual,1100000.0,0.065,3412903.678850142,0.02,1472804.5937313056,245560.8724987864,0.068,0.03,Gompertz-Makeham,0.0002,1e-05,1.1,0.67,0.0,,0.34515302460268615,PIPELINE_06_RETIREMENT_SUMMARY,17.979466119096507,16.87779941727805,0.0,4144527.150766307,0.0,4144527.150766307,0.306410843400085,438319.51085428,0.0,438319.51085428,121838.81380481414,OK,False
E09315,PEN_DB_01,25.10609171800137,6.910335386721424,60.0,34.893908281998634,41.804243668720055,pensionable_salary_annual,pensionable_salary_annual,413000.0,0.06,3154791.0000227885,0.015,1978254.7753325652,327009.9582775162,0.07,0.03,Gompertz-Makeham,0.0002,1e-05,1.1,0.5,0.0,,0.1719579797310793,PIPELINE_06_RETIREMENT_SUMMARY,34.893908281998634,16.452696014800427,0.0,5380195.437352545,0.0,5380195.437352545,0.09433767235871963,87278.15207351398,0.0,87278.15207351398,12630.089161985332,OK,False
E09318,PEN_DB_02,45.78507871321013,3.4113620807665983,60.0,14.214921286789867,17.626283367556464,pensionable_salary_annual,pensionable_salary_annual,557000.0,0.065,1363413.898746506,0.02,480638.3945314171,93021.96949147963,0.068,0.03,Gompertz-Makeham,0.0002,1e-05,1.1,0.67,0.67,58.61738535249829,0.41662633920330006,PIPELINE_06_RETIREMENT_SUMMARY,14.214921286789867,16.87780267710021,1.6358151607172613,1570006.4457124288,152166.74797394092,1722173.1936863698,0.39252009195189297,256749.76218312935,24884.46876201269,281634.23094514204,82557.70694439256,OK,False
E09320,PEN_DB_01,38.65023956194388,13.705681040383299,60.0,21.349760438056123,35.05544147843942,pensionable_salary_annual,pensionable_salary_annual,1014000.0,0.06,3518131.886267896,0.015,1849944.9967874386,723275.9023678475,0.07,0.03,Gompertz-Makeham,0.0002,1e-05,1.1,0.5,0.5,57.71115674195756,0.34619003222435,PIPELINE_06_RETIREMENT_SUMMARY,21.349760438056123,16.452699135693468,1.2153564202598517,11899840.813755399,879038.0115620011,12778878.8253174,0.23586493750758705,971670.676556522,71777.04918758472,1043447.7257441068,76132.49736876448,OK,False
E09330,PEN_DB_01,51.80835044490075,6.431211498973306,60.0,8.191649555099247,14.622861054072551,pensionable_salary_annual,pensionable_salary_annual,744000.0,0.06,1199139.5179000935,0.015,263022.75832050917,115678.79784588578,0.07,0.03,Gompertz-Makeham,0.0002,1e-05,1.1,0.5,0.5,61.70294318959617,0.6075541582472721,PIPELINE_06_RETIREMENT_SUMMARY,8.191649555099247,16.452696014800427,0.9854429170755347,1903228.0963159092,113994.85199304076,2017222.9483089498,0.5745110557982729,664315.2597095293,39789.513329429305,704104.7730389587,109482.44714877805,OK,False
E09341,PEN_DB_01,53.1854893908282,2.403832991101985,60.0,6.814510609171798,9.218343600273784,pensionable_salary_annual,pensionable_salary_annual,3656000.0,0.06,5438176.193930961,0.015,751964.6507172707,196087.01019595002,0.07,0.03,Gompertz-Makeham,0.0002,1e-05,1.1,0.5,0.5,56.24914442162902,0.6181141269106115,PIPELINE_06_RETIREMENT_SUMMARY,6.814510609171798,16.45269919212516,1.3038735232994754,3226160.5942371446,255672.6608574535,3481833.255094598,0.6306144749863638,1257530.6729042719,99659.08511362392,1357189.7580178957,564594.0308838683,OK,False
E09343,PEN_DB_02,39.85763175906913,7.077344284736482,60.0,20.14236824093087,27.219712525667354,pensionable_salary_annual,pensionable_salary_annual,1362000.0,0.065,4842425.842695488,0.02,2636188.7873006733,685430.2972412229,0.068,0.03,Gompertz-Makeham,0.0002,1e-05,1.1,0.67,0.0,,0.33427960848319305,PIPELINE_06_RETIREMENT_SUMMARY,20.14236824093087,16.87779941727805,0.0,11568555.071362633,0.0,11568555.071362633,0.26577082660839124,1027770.8841823988,0.0,1027770.8841823988,145219.8512369908,OK,False
E09364,PEN_DB_02,39.35386721423682,9.61533196440794,60.0,20.64613278576318,30.26146475017112,pensionable_salary_annual,pensionable_salary_annual,557000.0,0.065,2044178.559878676,0.02,1237196.7486564822,393109.10895517643,0.068,0.03,Gompertz-Makeham,0.0002,1e-05,1.1,0.67,0.0,,0.3397571446731351,PIPELINE_06_RETIREMENT_SUMMARY,20.64613278576318,16.87779941727805,0.0,6634816.690050371,0.0,6634816.690050371,0.25710713150974246,579577.6768033344,0.0,579577.6768033344,60276.40844317137,OK,False
E09376,PEN_DB_02,35.81930184804928,8.205338809034908,60.0,24.180698151950722,32.38603696098563,pensionable_salary_annual,pensionable_salary_annual,864000.0,0.065,3961378.613972952,0.02,2565867.084171721,650089.0735702635,0.068,0.03,Gompertz-Makeham,0.0002,1e-05,1.1,0.67,0.0,,0.28271565591337955,PIPELINE_06_RETIREMENT_SUMMARY,24.180698151950722,16.87779941727805,0.0,10972072.987083022,0.0,10972072.987083022,0.20376386174962763,632070.774122711,0.0,632070.774122711,77031.6483978379,OK,False
E09398,PEN_DB_01,35.23613963039014,16.37782340862423,60.0,24.76386036960986,41.14168377823409,pensionable_salary_annual,pensionable_salary_annual,444000.0,0.06,1879550.00307063,0.015,1159917.7780756615,461744.07056954864,0.07,0.03,Gompertz-Makeham,0.0002,1e-05,1.1,0.5,0.0,,0.30677554955976816,PIPELINE_06_RETIREMENT_SUMMARY,24.76386036960986,16.452696014800427,0.0,7596934.82971734,0.0,7596934.82971734,0.18721654758952821,436318.2471457007,0.0,436318.2471457007,26640.79568204065,OK,False
E09405,PEN_DB_02,32.591375770020534,7.98631074606434,60.0,27.408624229979466,35.39493497604381,pensionable_salary_annual,pensionable_salary_annual,452000.0,0.065,2539531.2252842705,0.02,1797730.8517713922,405629.71028907417,0.068,0.03,Gompertz-Makeham,0.0002,1e-05,1.1,0.67,0.0,,0.24361000554948362,PIPELINE_06_RETIREMENT_SUMMARY,27.408624229979466,16.87779941727805,0.0,6846136.887947601,0.0,6846136.887947601,0.16477877548303932,274815.9729968256,0.0,274815.9729968256,34410.879032255936,OK,False
E09407,PEN_DB_01,42.587268993839835,18.414784394250514,60.0,17.412731006160165,35.827515400410675,pensionable_salary_annual,pensionable_salary_annual,2380000.0,0.06,6564795.195638551,0.015,3528004.514584233,1813339.321801433,0.07,0.03,Gompertz-Makeham,0.0002,1e-05,1.1,0.5,0.5,57.23750855578371,0.9710742774194148,REVIEW_DB_MORTALITY_ONLY_FALLBACK,17.412731006160165,16.452699135693468,1.243821456467102,29834326.292521417,2255470.3563121255,32089796.648833543,0.3078563976543392,8919014.475451874,674276.085863654,9593290.561315527,520955.8991258544,REVIEW_DB_MORTALITY_ONLY_FALLBACK,True
E09409,PEN_DB_01,49.790554414784395,7.312799452429843,60.0,10.209445585215605,17.522245037645447,pensionable_salary_annual,pensionable_salary_annual,2714000.0,0.06,4920040.726502348,0.015,1293152.388074539,539689.0669604834,0.07,0.03,Gompertz-Makeham,0.0002,1e-05,1.1,0.5,0.5,57.0321697467488,0.9783233925322647,REVIEW_DB_MORTALITY_ONLY_FALLBACK,10.209445585215605,16.452699135693468,1.2562269956622396,8879341.84552396,677971.9751795253,9557313.820703486,0.5011963743311012,4353826.664582123,332431.44759248156,4686258.112174605,640829.5677543145,REVIEW_DB_MORTALITY_ONLY_FALLBACK,True
E09419,PEN_DB_01,27.534565366187543,4.769336071184121,60.0,32.46543463381246,37.23477070499658,pensionable_salary_annual,pensionable_salary_annual,1866000.0,0.06,12373072.395573588,0.015,6910627.7034825785,885170.1073137245,0.07,0.03,Gompertz-Makeham,0.0002,1e-05,1.1,0.5,0.0,,0.18128026783304482,PIPELINE_06_RETIREMENT_SUMMARY,32.46543463381246,16.452696014800427,0.0,14563434.697020981,0.0,14563434.697020981,0.1111841515407192,293533.2027435049,0.0,293533.2027435049,61545.925546535684,REVIEW_SPOUSE_DOB_MISSING,True
E09432,PEN_DB_01,35.945242984257355,3.898699520876112,60.0,24.054757015742645,27.953456536618756,pensionable_salary_annual,pensionable_salary_annual,1388000.0,0.06,5637881.016269608,0.015,2363973.9292038074,329706.06025330274,0.07,0.03,Gompertz-Makeham,0.0002,1e-05,1.1,0.5,0.5,58.579055441478445,0.2592826533345238,PIPELINE_06_RETIREMENT_SUMMARY,24.054757015742645,16.452698921686956,1.1637790220455781,5424554.542003169,383704.99636408914,5808259.538367257,0.19641758526691142,276259.93809333874,19541.20245650691,295801.14054984564,75871.74619791513,OK,False
E09439,PEN_DB_01,39.775496235455165,7.704312114989733,60.0,20.224503764544835,27.928815879534568,pensionable_salary_annual,pensionable_salary_annual,1464000.0,0.06,4757071.116721824,0.015,1992890.4501716355,549749.4095464152,0.07,0.03,Gompertz-Makeham,0.0002,1e-05,1.1,0.5,0.0,,0.3365471682382821,PIPELINE_06_RETIREMENT_SUMMARY,20.224503764544835,16.452696014800427,0.0,9044859.919583194,0.0,9044859.919583194,0.2545233774658685,774774.758750875,0.0,774774.758750875,100563.78131974308,OK,False
E09444,PEN_DB_01,40.54757015742642,5.1854893908282,60.0,19.45242984257358,24.637919233401778,pensionable_salary_annual,pensionable_salary_annual,809000.0,0.06,2513096.065784293,0.015,928761.8684185977,195474.4948088481,0.07,0.03,Gompertz-Makeham,0.0002,1e-05,1.1,0.5,0.5,57.949349760438054,0.3331732636475236,PIPELINE_06_RETIREMENT_SUMMARY,19.45242984257358,16.452699135693468,1.2011241573542055,3216083.0517916526,234789.1378615167,3450872.1896531694,0.2681724292380747,287350.2137398236,20977.91252956313,308328.12626938673,59459.79309392476,OK,False
E09450,PEN_DB_01,51.57015742642026,7.561943874058864,60.0,8.42984257357974,15.991786447638605,pensionable_salary_annual,pensionable_salary_annual,1294000.0,0.06,2114748.554137925,0.015,507279.1090233931,239874.14811207185,0.07,0.03,Gompertz-Makeham,0.0002,1e-05,1.1,0.5,0.5,61.35797399041752,0.6070840852381761,PIPELINE_06_RETIREMENT_SUMMARY,8.42984257357974,16.452696014800427,1.004511137915973,3946576.440697132,240956.25347668194,4187532.6941738143,0.5653265470691826,1354467.9931496414,82696.3668352937,1437164.359984935,190052.23840857984,OK,False
E09460,PEN_DB_01,31.29637234770705,5.984941820670773,60.0,28.70362765229295,34.68856947296372,pensionable_salary_annual,pensionable_salary_annual,510000.0,0.06,2716065.944020466,0.015,1413246.6328845706,243832.4498410159,0.07,0.03,Gompertz-Makeham,0.0002,1e-05,1.1,0.5,0.5,58.209445585215605,0.22072411102989906,PIPELINE_06_RETIREMENT_SUMMARY,28.70362765229295,16.452698921686956,1.1856480259512174,4011701.8845715714,289099.46281684976,4300801.347388421,0.14340985156947278,126986.4595970648,9151.157865372053,136137.61746243684,22746.690200436897,OK,False
E09491,PEN_DB_02,32.2217659137577,9.659137577002053,60.0,27.7782340862423,37.43737166324435,pensionable_salary_annual,pensionable_salary_annual,1015000.0,0.065,5837002.094965275,0.02,4370440.336567018,1127608.125450376,0.068,0.03,Gompertz-Makeham,0.0002,1e-05,1.1,0.67,0.0,,0.24673149195427066,PIPELINE_06_RETIREMENT_SUMMARY,27.7782340862423,16.87779941727805,0.0,19031543.76264435,0.0,19031543.76264435,0.16082036911328315,755161.1816914721,0.0,755161.1816914721,78181.01519637478,REVIEW_SPOUSE_DOB_MISSING,True
E09495,PEN_DB_01,47.32101300479124,3.0088980150581794,60.0,12.67898699520876,15.687885010266939,pensionable_salary_annual,pensionable_salary_annual,2096000.0,0.06,4387771.620963596,0.015,1032522.8496148419,198035.3598126896,0.07,0.03,Gompertz-Makeham,0.0002,1e-05,1.1,0.5,0.5,59.865845311430526,0.4476693792087896,PIPELINE_06_RETIREMENT_SUMMARY,12.67898699520876,16.452698200221736,1.08883859433492,3258216.007970502,215628.54280705904,3473844.550777561,0.42407577541652464,618558.4262399164,40936.16008418691,659494.5863241033,219181.43553674134,OK,False
E09496,PEN_DB_02,39.23613963039014,9.60164271047228,60.0,20.76386036960986,30.36550308008214,pensionable_salary_annual,pensionable_salary_annual,983000.0,0.065,3634435.407563119,0.02,2207229.1912543494,697931.0047542155,0.068,0.03,Gompertz-Makeham,0.0002,1e-05,1.1,0.67,0.0,,0.3378508615481517,PIPELINE_06_RETIREMENT_SUMMARY,20.76386036960986,16.87779941727805,0.0,11779539.505340982,0.0,11779539.505340982,0.25512352009787503,1015322.1068216112,0.0,1015322.1068216112,105744.62489780253,OK,False
E09501,PEN_DB_02,53.204654346338124,15.813826146475018,60.0,6.795345653661876,22.60917180013689,pensionable_salary_annual,pensionable_salary_annual,2142000.0,0.065,3286014.7219111975,0.02,1485881.4277093865,1039289.3105412226,0.068,0.03,Gompertz-Makeham,0.0002,1e-05,1.1,0.67,0.67,58.71321013004791,0.6982837502714756,PIPELINE_06_RETIREMENT_SUMMARY,6.795345653661876,16.87780267710021,1.6277218429480773,17540919.90773428,1691673.9119103954,19232593.819644675,0.6395116525853591,7833083.632767888,755434.9088341141,8588518.541602002,543101.8693421279,OK,False
E09504,PEN_DB_01,48.709103353867214,21.924709103353866,60.0,11.290896646132786,33.215605749486656,pensionable_salary_annual,pensionable_salary_annual,1265000.0,0.06,2442397.994916868,0.015,1216885.9332374309,803232.9832975061,0.07,0.03,Gompertz-Makeham,0.0002,1e-05,1.1,0.5,0.5,57.82067077344285,0.579032019510447,PIPELINE_06_RETIREMENT_SUMMARY,11.290896646132786,16.452699135693468,1.208805823377153,13215350.610059364,970952.7077386288,14186303.317797992,0.4658335920973557,3564610.42519543,261897.56492289537,3826507.990118325,174529.4759478919,OK,False
E09510,PEN_DB_01,38.496919917864474,8.684462696783026,60.0,21.503080082135526,30.18754277891855,pensionable_salary_annual,pensionable_salary_annual,1183000.0,0.06,4141320.0210653287,0.015,1875244.1294565222,539477.0885757381,0.07,0.03,Gompertz-Makeham,0.0002,1e-05,1.1,0.5,0.0,,0.32209642362015595,PIPELINE_06_RETIREMENT_SUMMARY,21.503080082135526,16.452696014800427,0.0,8875852.545286184,0.0,8875852.545286184,0.23343086282976525,667350.9094925337,0.0,667350.9094925337,76844.23697734799,OK,False
E09511,PEN_DB_01,38.888432580424364,1.5496235455167693,60.0,21.111567419575636,22.661190965092405,pensionable_salary_annual,pensionable_salary_annual,1884000.0,0.06,6446550.351292649,0.015,2191297.6286508935,149845.89317583732,0.07,0.03,Gompertz-Makeham,0.0002,1e-05,1.1,0.5,0.0,,0.2759768057975421,PIPELINE_06_RETIREMENT_SUMMARY,21.111567419575636,16.452696014800427,0.0,2465368.929488309,0.0,2465368.929488309,0.23969688841924233,163086.08168100292,0.0,163086.08168100292,105242.3875158769,OK,False
E09513,PEN_DB_02,35.455167693360714,12.487337440109513,60.0,24.544832306639286,37.0321697467488,pensionable_salary_annual,pensionable_salary_annual,2030000.0,0.065,9523302.386737598,0.02,7053371.010705695,2378413.808947854,0.068,0.03,Gompertz-Makeham,0.0002,1e-05,1.1,0.67,0.0,,0.2962317081676358,PIPELINE_06_RETIREMENT_SUMMARY,24.544832306639286,16.87779941727805,0.0,40142391.198706165,0.0,40142391.198706165,0.19894058646004661,2365691.8607434314,0.0,2365691.8607434314,189447.2598413809,OK,False
E09517,PEN_DB_02,43.76454483230664,7.542778918548939,60.0,16.23545516769336,23.7782340862423,pensionable_salary_annual,pensionable_salary_annual,304000.0,0.065,845097.6897828658,0.02,401898.6138679912,127487.70077217222,0.068,0.03,Gompertz-Makeham,0.0002,1e-05,1.1,0.67,0.67,62.65845311430527,0.4064757435776327,PIPELINE_06_RETIREMENT_SUMMARY,16.23545516769336,16.87779941727805,1.309583997828722,2151711.841802687,166955.85285121316,2318667.6946539,0.3436629453076747,300574.0284493622,23322.17181211658,323896.2002614788,42941.229453903856,OK,False
E09518,PEN_DB_01,43.79739904175222,11.236139630390143,60.0,16.20260095824778,27.43874058863792,pensionable_salary_annual,pensionable_salary_annual,1501000.0,0.06,3858349.183216797,0.015,1588023.6350800304,650294.2524813855,0.07,0.03,Gompertz-Makeham,0.0002,1e-05,1.1,0.5,0.5,67.22245037645449,0.4267434961822736,PIPELINE_06_RETIREMENT_SUMMARY,16.20260095824778,16.452696014800427,0.7055775100996613,10699093.656248113,458832.99949793646,11157926.65574605,0.33412300258248684,1525528.324704412,65422.61985289,1590950.944557302,141592.30811392653,OK,False
E09521,PEN_DB_01,40.46817248459959,3.7344284736481863,60.0,19.53182751540041,23.266255989048595,pensionable_salary_annual,pensionable_salary_annual,535000.0,0.06,1669642.832670212,0.015,582695.0633277807,93527.4260271938,0.07,0.03,Gompertz-Makeham,0.0002,1e-05,1.1,0.5,0.5,58.70773442847364,0.32074051423921596,PIPELINE_06_RETIREMENT_SUMMARY,19.53182751540041,16.452698921686956,1.1561999197253958,1538778.581345768,108136.40246476437,1646914.9838105324,0.26673568574804774,131647.03320160182,9251.387261402087,140898.42046300392,37729.58069949573,OK,False
E09540,PEN_DB_01,41.596167008898014,8.777549623545516,60.0,18.403832991101986,27.181382614647504,pensionable_salary_annual,pensionable_salary_annual,2706000.0,0.06,7907745.98431394,0.015,3224152.038286193,1041159.4918156258,0.07,0.03,Gompertz-Makeham,0.0002,1e-05,1.1,0.5,0.0,,0.3728470945403283,PIPELINE_06_RETIREMENT_SUMMARY,18.403832991101986,16.452696014800427,0.0,17129880.621766586,0.0,17129880.621766586,0.28788952479022284,1838700.3652922972,0.0,1838700.3652922972,209477.63831035924,REVIEW_SPOUSE_DOB_MISSING,True
E09542,PEN_DB_01,32.21081451060917,2.3928815879534566,60.0,27.78918548939083,30.18206707734429,pensionable_salary_annual,pensionable_salary_annual,895000.0,0.06,4519104.864543956,0.015,2045938.8922682782,162205.24236597196,0.07,0.03,Gompertz-Makeham,0.0002,1e-05,1.1,0.5,0.0,,0.20764093941631448,PIPELINE_06_RETIREMENT_SUMMARY,27.78918548939083,16.452696014800427,0.0,2668713.544654364,0.0,2668713.544654364,0.1525628353981361,84540.28282766281,0.0,84540.28282766281,35329.90652494719,OK,False
E09545,PEN_DB_01,40.53661875427789,5.711156741957564,60.0,19.46338124572211,25.174537987679674,pensionable_salary_annual,pensionable_salary_annual,1192000.0,0.06,3705219.6518190317,0.015,1399157.8931612321,317416.3529237988,0.07,0.03,Gompertz-Makeham,0.0002,1e-05,1.1,0.5,0.0,,0.33661900383021065,PIPELINE_06_RETIREMENT_SUMMARY,19.46338124572211,16.452696014800427,0.0,5222354.76478187,0.0,5222354.76478187,0.26797379856046993,471082.8934367381,0.0,471082.8934367381,82484.67249653337,REVIEW_SPOUSE_DOB_MISSING,True
E09550,PEN_DB_01,36.05201916495551,5.883641341546886,60.0,23.94798083504449,29.831622176591374,pensionable_salary_annual,pensionable_salary_annual,974000.0,0.06,3931726.8039372675,0.015,1759346.8277495056,346993.0555096997,0.07,0.03,Gompertz-Makeham,0.0002,1e-05,1.1,0.5,0.0,,0.2733635718253852,PIPELINE_06_RETIREMENT_SUMMARY,23.94798083504449,16.452696014800427,0.0,5708971.26154786,0.0,5708971.26154786,0.19784170910619847,308756.6728594257,0.0,308756.6728594257,52477.140419686,OK,False
E09559,PEN_DB_01,41.50581793292265,16.908966461327857,60.0,18.494182067077347,35.403148528405204,pensionable_salary_annual,pensionable_salary_annual,1745000.0,0.06,5126331.782921854,0.015,2722324.28275,1300214.58280597,0.07,0.03,Gompertz-Makeham,0.0002,1e-05,1.1,0.5,0.5,58.984257357973995,0.4054293227480884,PIPELINE_06_RETIREMENT_SUMMARY,18.494182067077347,16.452698921686956,1.1399749999325983,21392039.064493436,1482212.118946599,22874251.183440037,0.28613505387158505,2481637.8511077757,171947.78331598203,2653585.634423758,156933.63875862656,OK,False
E09573,PEN_DB_01,54.32169746748802,4.046543463381246,60.0,5.678302532511978,9.724845995893224,pensionable_salary_annual,pensionable_salary_annual,1272000.0,0.06,1770848.7536446326,0.015,258318.47116820267,107487.2467304627,0.07,0.03,Gompertz-Makeham,0.0002,1e-05,1.1,0.5,0.5,56.21081451060917,0.6823275963591435,PIPELINE_06_RETIREMENT_SUMMARY,5.678302532511978,16.45269919212516,1.3062189053229283,1768455.3374460414,140401.8737604405,1908857.2112064818,0.6810045612561811,821744.967966148,65240.28671387389,886985.2546800219,219195.78096879434,OK,False
E09574,PEN_DB_01,46.332648870636554,24.985626283367555,60.0,13.667351129363446,38.652977412731005,pensionable_salary_annual,pensionable_salary_annual,1013000.0,0.06,2246330.177743926,0.015,1302410.24432808,841889.4949524052,0.07,0.03,Gompertz-Makeham,0.0002,1e-05,1.1,0.5,0.0,,0.528166212319812,PIPELINE_06_RETIREMENT_SUMMARY,13.667351129363446,16.452696014800427,0.0,13851351.938505782,0.0,13851351.938505782,0.3966446427243352,2901779.2588065006,0.0,2901779.2588065006,116137.94370798537,OK,False
E09581,PEN_DB_01,37.57152635181382,7.403148528405202,60.0,22.428473648186177,29.83162217659138,pensionable_salary_annual,pensionable_salary_annual,1259000.0,0.06,4651549.665274465,0.015,2081449.0822517693,516541.6958892055,0.07,0.03,Gompertz-Makeham,0.0002,1e-05,1.1,0.5,0.5,58.735112936344976,0.3020946848060988,PIPELINE_06_RETIREMENT_SUMMARY,22.428473648186177,16.452698921686956,1.154589691479705,8498505.002962682,596393.7172931214,9094898.720255803,0.21926368894215578,562927.3312991436,39504.16262182048,602431.4939209641,81375.0381489024,OK,False
E09582,PEN_DB_01,39.696098562628336,6.551676933607118,60.0,20.303901437371664,26.855578370978783,pensionable_salary_annual,pensionable_salary_annual,662000.0,0.06,2161054.8184421244,0.015,870545.6556098069,212377.99509371677,0.07,0.03,Gompertz-Makeham,0.0002,1e-05,1.1,0.5,0.5,60.369609856262834,0.32861037378043584,PIPELINE_06_RETIREMENT_SUMMARY,20.303901437371664,16.452696014800427,1.0600430927606466,3494190.5935096988,225129.82675344896,3719320.420263148,0.2531597592644272,290684.9410244738,18728.758109025766,309413.6991334996,47226.64170852936,OK,False
E09587,PEN_DB_01,29.637234770704996,6.836413415468857,60.0,30.362765229295004,37.19917864476386,pensionable_salary_annual,pensionable_salary_annual,520000.0,0.06,3050418.24317844,0.015,1702095.7975386225,312808.8030068404,0.07,0.03,Gompertz-Makeham,0.0002,1e-05,1.1,0.5,0.0,,0.20895800122235753,PIPELINE_06_RETIREMENT_SUMMARY,30.362765229295004,16.452696014800427,0.0,5146548.146625135,0.0,5146548.146625135,0.12818206288966089,137848.58167257163,0.0,137848.58167257163,20163.874431680728,OK,False
E09590,PEN_DB_01,44.087611225188226,2.921286789869952,60.0,15.912388774811774,18.833675564681727,pensionable_salary_annual,pensionable_salary_annual,2006000.0,0.06,5069996.914850896,0.015,1432300.155123586,222163.72518053002,0.07,0.03,Gompertz-Makeham,0.0002,1e-05,1.1,0.5,0.0,,0.3764506843095251,PIPELINE_06_RETIREMENT_SUMMARY,15.912388774811774,16.452696014800427,0.0,3655192.2359109237,0.0,3655192.2359109237,0.34074846319092084,468869.7553522824,0.0,468869.7553522824,160501.10416346873,OK,False
E09610,PEN_DB_01,19.581108829568787,1.5797399041752225,60.0,40.41889117043121,41.99863107460643,pensionable_salary_annual,pensionable_salary_annual,380000.0,0.06,4005148.3851984935,0.015,2523161.2414351082,94906.39089361523,0.07,0.03,Gompertz-Makeham,0.0002,1e-05,1.1,0.5,0.5,58.74606433949349,0.11443961304608148,PIPELINE_06_RETIREMENT_SUMMARY,40.41889117043121,16.452698921686956,1.1539458321112386,1561466.275116584,109516.8342124073,1670983.1093289913,0.06491428644320331,11599.767296358703,813.5749149004004,12413.342211259103,7857.839242049196,OK,False
E09613,PEN_DB_01,32.145106091718,5.546885694729637,60.0,27.854893908282,33.40177960301164,pensionable_salary_annual,pensionable_salary_annual,742000.0,0.06,3760937.3371539176,0.015,1884330.0005452896,312922.3427135046,0.07,0.03,Gompertz-Makeham,0.0002,1e-05,1.1,0.5,0.5,56.70362765229295,0.2269839173166009,PIPELINE_06_RETIREMENT_SUMMARY,27.854893908282,16.45269919212516,1.2761554772678545,5148417.175160389,399337.56161332765,5547754.736773717,0.15188608571092005,177495.2794185328,13767.44146198001,191262.72088051282,34481.10009951001,OK,False
E09616,PEN_DB_01,50.47501711156742,3.8357289527720737,60.0,9.524982888432582,13.360711841204656,pensionable_salary_annual,pensionable_salary_annual,2586000.0,0.06,4504706.022743244,0.015,902791.1864881738,259182.4697274449,0.07,0.03,Gompertz-Makeham,0.0002,1e-05,1.1,0.5,0.5,57.66461327857632,0.9792539924302442,REVIEW_DB_MORTALITY_ONLY_FALLBACK,9.524982888432582,16.452699135693468,1.2181440038919917,4264251.195671631,315721.57141240465,4579972.767084036,0.5249525145446728,2192088.8401931585,162300.4137288806,2354389.253922039,613804.9072055854,REVIEW_DB_MORTALITY_ONLY_FALLBACK,True
E09623,PEN_DB_02,34.6694045174538,4.358658453114305,60.0,25.3305954825462,29.689253935660506,pensionable_salary_annual,pensionable_salary_annual,1170000.0,0.065,5767235.859714183,0.02,3424498.598918034,502748.2266209434,0.068,0.03,Gompertz-Makeham,0.0002,1e-05,1.1,0.67,0.67,55.36755646817248,0.2473355889200062,PIPELINE_06_RETIREMENT_SUMMARY,25.3305954825462,16.877802996251773,1.9184492715618888,8485285.525623225,964496.9691399803,9449782.494763205,0.18891792012983735,396484.51240975416,45067.20597384538,441551.71838359954,101304.50071583525,OK,False
E09628,PEN_DB_02,36.6735112936345,3.4223134839151266,60.0,23.326488706365502,26.748802190280628,pensionable_salary_annual,pensionable_salary_annual,943000.0,0.065,4097151.372649225,0.02,2191877.8322126176,280434.72776517627,0.068,0.03,Gompertz-Makeham,0.0002,1e-05,1.1,0.67,0.67,59.723477070499655,0.26475244876499343,PIPELINE_06_RETIREMENT_SUMMARY,23.326488706365502,16.87780186690075,1.5433685520696336,4733121.771818896,432814.139740982,5165935.911559878,0.21554254018327149,270097.5596999726,24698.718643521774,294796.2783434944,86139.47253196906,OK,False
E09635,PEN_DB_01,39.553730321697465,5.8261464750171115,60.0,20.446269678302535,26.272416153319647,pensionable_salary_annual,pensionable_salary_annual,770000.0,0.06,2534552.3792744563,0.015,998832.2230602745,221500.1011538416,0.07,0.03,Gompertz-Makeham,0.0002,1e-05,1.1,0.5,0.0,,0.32185809967220547,PIPELINE_06_RETIREMENT_SUMMARY,20.446269678302535,16.452696014800427,0.0,3644273.831531701,0.0,3644273.831531701,0.2507329193350609,294094.4322341528,0.0,294094.4322341528,50478.37940485164,OK,False
E09639,PEN_DB_01,32.4435318275154,7.715263518138261,60.0,27.5564681724846,35.27173169062286,pensionable_salary_annual,pensionable_salary_annual,737000.0,0.06,3671197.5816803323,0.015,1942342.4412643823,424863.85154723516,0.07,0.03,Gompertz-Makeham,0.0002,1e-05,1.1,0.5,0.0,,0.24078808525498474,PIPELINE_06_RETIREMENT_SUMMARY,27.5564681724846,16.452696014800427,0.0,6990155.797183956,0.0,6990155.797183956,0.15498399999000187,260860.7352993743,0.0,260860.7352993743,33810.99487867156,OK,False
E09649,PEN_DB_02,49.95756331279945,0.49007529089664614,60.0,10.04243668720055,10.532511978097196,pensionable_salary_annual,pensionable_salary_annual,2689000.0,0.065,5061130.163114647,0.02,1066128.2813142808,49606.69673908402,0.068,0.03,Gompertz-Makeham,0.0002,1e-05,1.1,0.67,0.67,58.0889801505818,0.9785456123674691,REVIEW_DB_MORTALITY_ONLY_FALLBACK,10.04243668720055,16.87780267710021,1.6807168346381465,837252.0390250105,83374.81032016776,920626.8493451783,0.5165055633937944,423167.4862482344,42139.65121027888,465307.13745851326,949460.5137247038,REVIEW_DB_MORTALITY_ONLY_FALLBACK,True
E09650,PEN_DB_01,46.521560574948666,27.132101300479125,60.0,13.478439425051334,40.610540725530456,pensionable_salary_annual,pensionable_salary_annual,616000.0,0.06,1351027.795876407,0.015,822989.5398864372,549843.3452622257,0.07,0.03,Gompertz-Makeham,0.0002,1e-05,1.1,0.5,0.0,,0.537663728128947,PIPELINE_06_RETIREMENT_SUMMARY,13.478439425051334,16.452696014800427,0.0,9046405.415360356,0.0,9046405.415360356,0.40174689823254406,1954066.4050621844,0.0,1954066.4050621844,72020.45958112643,OK,False
E09655,PEN_DB_01,49.18275154004107,3.7207392197125255,60.0,10.817248459958932,14.537987679671458,pensionable_salary_annual,pensionable_salary_annual,1134000.0,0.06,2129868.9712266573,0.015,464460.132945115,118870.30521137688,0.07,0.03,Gompertz-Makeham,0.0002,1e-05,1.1,0.5,0.0,,0.5037656143440096,PIPELINE_06_RETIREMENT_SUMMARY,10.817248459958932,16.452696014800427,0.0,1955736.996829331,0.0,1955736.996829331,0.48100365458940125,473900.6975294216,0.0,473900.6975294216,127367.35082606417,OK,False
E09659,PEN_DB_01,40.56673511293634,3.5537303216974676,60.0,19.433264887063658,22.986995208761126,pensionable_salary_annual,pensionable_salary_annual,1766000.0,0.06,5479819.861524049,0.015,1889468.8935259103,292107.02999007044,0.07,0.03,Gompertz-Makeham,0.0002,1e-05,1.1,0.5,0.0,,0.32075552643932326,PIPELINE_06_RETIREMENT_SUMMARY,19.433264887063658,16.452696014800427,0.0,4805948.168212821,0.0,4805948.168212821,0.26852038726498334,413933.4233974043,0.0,413933.4233974043,116478.56925724339,OK,False
E09661,PEN_DB_01,46.81724845995893,3.7207392197125255,60.0,13.182751540041068,16.903490759753595,pensionable_salary_annual,pensionable_salary_annual,554000.0,0.06,1194292.48355419,0.015,302815.67940302135,66654.76325051926,0.07,0.03,Gompertz-Makeham,0.0002,1e-05,1.1,0.5,0.5,61.48665297741273,0.44320042812753774,PIPELINE_06_RETIREMENT_SUMMARY,13.182751540041068,16.452696014800427,0.997378871806459,1096650.5576992843,66480.05257132952,1163130.6102706138,0.40986511862802005,199209.20143617294,12076.26083914405,211285.462275317,56785.88307289148,OK,False
E09680,PEN_DB_01,48.32032854209446,9.453798767967145,60.0,11.679671457905542,21.133470225872685,pensionable_salary_annual,pensionable_salary_annual,1630000.0,0.06,3219228.4463751847,0.015,1020502.0278262852,456509.06880219764,0.07,0.03,Gompertz-Makeham,0.0002,1e-05,1.1,0.5,0.5,59.474332648870636,0.5222799574740976,PIPELINE_06_RETIREMENT_SUMMARY,11.679671457905542,16.452698200221736,1.1114339826947166,7510805.934666818,507379.69247508293,8018185.627141901,0.4537400665878666,1779905.853407944,120238.5060128416,1900144.3594207857,200992.68093786328,OK,False
E09686,PEN_DB_01,42.72689938398357,11.471594798083505,60.0,17.27310061601643,28.744695414099933,pensionable_salary_annual,pensionable_salary_annual,1829000.0,0.06,5004082.514713353,0.015,2157612.4156868784,861072.1041744947,0.07,0.03,Gompertz-Makeham,0.0002,1e-05,1.1,0.5,0.5,58.90485968514716,0.4068278673131089,PIPELINE_06_RETIREMENT_SUMMARY,17.27310061601643,16.452698921686956,1.1446248682146736,14166960.079846429,985604.5437640627,15152564.623610491,0.3107785610893387,1791176.636093499,124613.31303736677,1915789.9491308657,167002.93052984457,OK,False
E09689,PEN_DB_01,45.78781656399726,6.658453114305271,60.0,14.21218343600274,20.87063655030801,pensionable_salary_annual,pensionable_salary_annual,1586000.0,0.06,3630402.537805689,0.015,1136532.1784678756,362592.97626051074,0.07,0.03,Gompertz-Makeham,0.0002,1e-05,1.1,0.5,0.5,59.624914442162904,0.44351615279408696,PIPELINE_06_RETIREMENT_SUMMARY,14.21218343600274,16.452698200221736,1.1027214976842343,5965632.807934348,399839.06983177445,6365471.877766122,0.3822894926816107,1011482.3790854795,67793.34005721446,1079275.719142694,162091.05938193624,OK,False
E09690,PEN_DB_01,27.953456536618756,5.87542778918549,60.0,32.04654346338124,37.92197125256673,pensionable_salary_annual,pensionable_salary_annual,1072000.0,0.06,6936817.940853255,0.015,3945867.1580598936,611351.5934731452,0.07,0.03,Gompertz-Makeham,0.0002,1e-05,1.1,0.5,0.5,61.232032854209436,0.18991247100786524,PIPELINE_06_RETIREMENT_SUMMARY,32.04654346338124,16.452696014800427,1.0115138981213307,10058381.925577506,618390.6334367081,10676772.559014214,0.11438036847636128,218490.7713953517,13432.841139156582,231923.61253450828,39473.48531138358,OK,False
E09691,PEN_DB_02,28.744695414099933,2.751540041067762,60.0,31.255304585900067,34.006844626967826,pensionable_salary_annual,pensionable_salary_annual,707000.0,0.065,5061039.59593892,0.02,3442199.7438005377,278513.0619531069,0.068,0.03,Gompertz-Makeham,0.0002,1e-05,1.1,0.67,0.0,,0.1796877889214724,PIPELINE_06_RETIREMENT_SUMMARY,31.255304585900067,16.87779941727805,0.0,4700687.594736474,0.0,4700687.594736474,0.12793718617317412,108062.93243374424,0.0,108062.93243374424,39273.6179815175,REVIEW_SPOUSE_DOB_MISSING,True
E09698,PEN_DB_01,30.390143737166323,1.8288843258042438,60.0,29.609856262833677,31.43874058863792,pensionable_salary_annual,pensionable_salary_annual,839000.0,0.06,4710478.153324785,0.015,2221372.5106623615,129223.79492488528,0.07,0.03,Gompertz-Makeham,0.0002,1e-05,1.1,0.5,0.0,,0.18669124883766866,PIPELINE_06_RETIREMENT_SUMMARY,29.609856262833677,16.452696014800427,0.0,2126079.815778048,0.0,2126079.815778048,0.13488093451680086,53537.007420741895,0.0,53537.007420741895,29273.041856925112,OK,False
E09702,PEN_DB_01,51.578370978781656,7.052703627652293,60.0,8.421629021218344,15.474332648870636,pensionable_salary_annual,pensionable_salary_annual,1282000.0,0.06,2094134.8029539865,0.015,486080.07828730723,221539.6818237975,0.07,0.03,Gompertz-Makeham,0.0002,1e-05,1.1,0.5,0.5,55.10746064339494,0.6041064460793913,PIPELINE_06_RETIREMENT_SUMMARY,8.421629021218344,16.452699205198666,1.3742055013362042,3644925.7470623585,304441.0495265348,3949366.7965888935,0.5656407964324685,1245497.558186049,104029.71421365695,1349527.272399706,191348.92711335118,OK,False
E09706,PEN_DB_01,31.638603696098563,12.731006160164272,60.0,28.361396303901437,41.09240246406571,pensionable_salary_annual,pensionable_salary_annual,535000.0,0.06,2792951.895040601,0.015,1721536.5500067507,533356.3167120655,0.07,0.03,Gompertz-Makeham,0.0002,1e-05,1.1,0.5,0.0,,0.2517888954836753,PIPELINE_06_RETIREMENT_SUMMARY,28.361396303901437,16.452696014800427,0.0,8775149.346437234,0.0,8775149.346437234,0.1467692368870454,324284.45108769985,0.0,324284.45108769985,25472.020593501587,OK,False
E09708,PEN_DB_02,61.106091718001366,7.044490075290897,60.0,0.0,7.044490075290897,pensionable_salary_annual,pensionable_salary_annual,2113752.6025719536,0.065,2113752.6025719536,0.02,297806.1846087686,297806.1846087686,0.068,0.03,Gompertz-Makeham,0.0002,1e-05,1.1,0.67,0.67,57.72758384668035,1.0,AT_RETIREMENT,0.0,16.8778029178778,1.7116858064574503,5026314.09155193,509750.6192700764,5536064.710822006,1.0,5026314.09155193,509750.6192700764,5536064.710822006,785871.6034309125,OK,False
E09711,PEN_DB_01,21.738535249828885,3.3155373032169746,60.0,38.261464750171115,41.57700205338809,pensionable_salary_annual,pensionable_salary_annual,294000.0,0.06,2732667.566148557,0.015,1704241.8751347836,135903.91879285016,0.07,0.03,Gompertz-Makeham,0.0002,1e-05,1.1,0.5,0.5,61.90280629705681,0.13479277430185316,PIPELINE_06_RETIREMENT_SUMMARY,38.261464750171115,16.452696014800427,0.9744725316296039,2235985.863118887,132434.6358044528,2368420.49892334,0.07511620281430692,22639.62825096232,1340.9167614245234,23980.545012386843,7232.7779238433495,OK,False
E09717,PEN_DB_02,34.24503764544832,5.06776180698152,60.0,25.75496235455168,30.8227241615332,pensionable_salary_annual,pensionable_salary_annual,458000.0,0.065,2318748.2364648087,0.02,1429402.745851927,235017.27505524224,0.068,0.03,Gompertz-Makeham,0.0002,1e-05,1.1,0.67,0.0,,0.24690266707921077,PIPELINE_06_RETIREMENT_SUMMARY,25.75496235455168,16.87779941727805,0.0,3966574.427977643,0.0,3966574.427977643,0.1837166266703838,179924.31231798898,0.0,179924.31231798898,35503.703443622624,REVIEW_SPOUSE_DOB_MISSING,True
E09722,PEN_DB_02,28.92539356605065,8.577686516084873,60.0,31.07460643394935,39.65229295003422,pensionable_salary_annual,pensionable_salary_annual,389000.0,0.065,2753137.4818464653,0.02,2183364.2792379116,472311.00509924575,0.068,0.03,Gompertz-Makeham,0.0002,1e-05,1.1,0.67,0.0,,0.20971718197363223,PIPELINE_06_RETIREMENT_SUMMARY,31.07460643394935,16.87779941727805,0.0,7971570.406638061,0.0,7971570.406638061,0.12946714386042796,216439.97088321255,0.0,216439.97088321255,25232.907553492943,OK,False
E09723,PEN_DB_01,46.940451745379875,8.28747433264887,60.0,13.059548254620125,21.347022587268995,pensionable_salary_annual,pensionable_salary_annual,536000.0,0.06,1147223.2982791718,0.015,367347.0249151007,142613.75457458122,0.07,0.03,Gompertz-Makeham,0.0002,1e-05,1.1,0.5,0.5,51.62765229295004,0.48075479240135643,PIPELINE_06_RETIREMENT_SUMMARY,13.059548254620125,16.45269920834965,1.5929866945608722,2346381.206988984,227181.8134986776,2573563.0204876615,0.41329593847055174,466211.87481462647,45139.66395550941,511351.5387701359,61701.73423712987,OK,False
E09731,PEN_DB_01,36.40246406570842,2.1409993155373033,60.0,23.597535934291578,25.73853524982888,pensionable_salary_annual,pensionable_salary_annual,1138000.0,0.06,4500889.252910778,0.015,1737694.4503743004,144546.0121468677,0.07,0.03,Gompertz-Makeham,0.0002,1e-05,1.1,0.5,0.5,53.62628336755647,0.2504682282572882,PIPELINE_06_RETIREMENT_SUMMARY,23.597535934291578,16.4526992082766,1.466688704849745,2378172.0596083095,212004.00334688489,2590176.0629551946,0.2025887151987209,120673.29359638465,10757.514888851721,131430.80848523637,61387.5994875097,OK,False
E09735,PEN_DB_01,41.56605065023956,14.754277891854894,60.0,18.43394934976044,33.18822724161534,pensionable_salary_annual,pensionable_salary_annual,1093000.0,0.06,3199684.8168411544,0.015,1592878.0020430586,708135.5843103483,0.07,0.03,Gompertz-Makeham,0.0002,1e-05,1.1,0.5,0.0,,0.39883139249586913,PIPELINE_06_RETIREMENT_SUMMARY,18.43394934976044,16.452696014800427,0.0,11650739.505921239,0.0,11650739.505921239,0.2873035090913747,1335007.6594614224,0.0,1335007.6594614224,90482.75146006396,OK,False
E09744,PEN_DB_01,41.478439425051334,3.4496919917864477,60.0,18.521560574948666,21.971252566735114,pensionable_salary_annual,pensionable_salary_annual,799000.0,0.06,2350990.6164266802,0.015,774813.1292330229,121652.90253378302,0.07,0.03,Gompertz-Makeham,0.0002,1e-05,1.1,0.5,0.0,,0.33462919414877523,PIPELINE_06_RETIREMENT_SUMMARY,18.521560574948666,16.452696014800427,0.0,2001518.2247064768,0.0,2001518.2247064768,0.2856055099596733,191288.98296755817,0.0,191288.98296755817,55451.03256261954,OK,False
E09749,PEN_DB_01,38.31074606433949,9.73305954825462,60.0,21.68925393566051,31.42231348391513,pensionable_salary_annual,pensionable_salary_annual,530000.0,0.06,1875604.246710793,0.015,884037.3691786355,273830.51733293093,0.07,0.03,Gompertz-Makeham,0.0002,1e-05,1.1,0.5,0.5,54.7378507871321,0.32440200608765235,PIPELINE_06_RETIREMENT_SUMMARY,21.68925393566051,16.452699207825372,1.3971668827329196,4505251.135601925,382586.93029919383,4887838.065901118,0.23050894561426302,336891.7068334069,28608.918810788702,365500.6256441956,37552.49044065891,OK,False
E09751,PEN_DB_02,41.672826830937716,2.5626283367556466,60.0,18.327173169062284,20.889801505817932,pensionable_salary_annual,pensionable_salary_annual,1687000.0,0.065,5350028.313203675,0.02,2235220.5902666138,274202.683157215,0.068,0.03,Gompertz-Makeham,0.0002,1e-05,1.1,0.67,0.67,53.190965092402465,0.3292385830088658,PIPELINE_06_RETIREMENT_SUMMARY,18.327173169062284,16.877802999735188,2.1146434090547928,4627938.868326281,579840.8966835444,5207779.765009826,0.29948129626554765,456318.4637541604,57172.77490576727,513491.2386599277,200376.78944501982,OK,False
E09754,PEN_DB_01,42.392881587953454,11.561943874058864,60.0,17.607118412046546,29.169062286105408,pensionable_salary_annual,pensionable_salary_annual,1428000.0,0.06,3983745.387806096,0.015,1743031.7602335173,690897.6087353241,0.07,0.03,Gompertz-Makeham,0.0002,1e-05,1.1,0.5,0.5,57.33607118412047,0.400933997427897,PIPELINE_06_RETIREMENT_SUMMARY,17.607118412046546,16.452699135693468,1.237880571725986,11367130.49009235,855248.7269053996,12222379.21699775,0.3038339830068799,1384713.978959198,104184.15348228689,1488898.132441485,128775.76198774624,OK,False
E09763,PEN_DB_01,27.633127994524298,9.631759069130732,60.0,32.3668720054757,41.99863107460643,pensionable_salary_annual,pensionable_salary_annual,593000.0,0.06,3909546.6116071325,0.015,2462934.0871479837,564837.1654880448,0.07,0.03,Gompertz-Makeham,0.0002,1e-05,1.1,0.5,0.0,,0.20219670423263245,PIPELINE_06_RETIREMENT_SUMMARY,32.3668720054757,16.452696014800427,0.0,9293094.181636324,0.0,9293094.181636324,0.11192807346236777,210316.54541392316,0.0,210316.54541392316,21835.73570563827,OK,False
E09764,PEN_DB_01,35.75359342915811,5.5249828884325805,60.0,24.24640657084189,29.771389459274474,pensionable_salary_annual,pensionable_salary_annual,1046000.0,0.06,4296432.393749032,0.015,1918661.43119618,356065.7318515625,0.07,0.03,Gompertz-Makeham,0.0002,1e-05,1.1,0.5,0.0,,0.26751133852933345,PIPELINE_06_RETIREMENT_SUMMARY,24.24640657084189,16.452696014800427,0.0,5858241.2474412,0.0,5858241.2474412,0.19388712891935608,303849.43030321173,0.0,303849.43030321173,54995.54232817051,OK,False
E09771,PEN_DB_02,39.38672142368241,5.177275838466803,60.0,20.61327857631759,25.790554414784395,pensionable_salary_annual,pensionable_salary_annual,588000.0,0.065,2153487.772043532,0.02,1110792.8713292305,222984.00421269372,0.068,0.03,Gompertz-Makeham,0.0002,1e-05,1.1,0.67,0.67,61.880903490759756,0.31499214156965544,PIPELINE_06_RETIREMENT_SUMMARY,20.61327857631759,16.87779941727805,1.3697616503069097,3763479.2963633286,305434.93760242226,4068914.233965751,0.25766344493784715,305451.3573361049,24789.698287613905,330241.0556237188,63786.64493208002,OK,False
E09786,PEN_DB_02,41.322381930184804,14.568104038329912,60.0,18.677618069815196,33.24572210814511,pensionable_salary_annual,pensionable_salary_annual,2453000.0,0.065,7952855.225391544,0.02,5287968.295793541,2317160.446505594,0.068,0.03,Gompertz-Makeham,0.0002,1e-05,1.1,0.67,0.67,59.460643394934976,0.39376573760511085,PIPELINE_06_RETIREMENT_SUMMARY,18.677618069815196,16.87780186690075,1.5651380083614679,39108574.90994069,3626675.886297735,42735250.79623842,0.292655745302661,4506786.345470085,417930.1700829231,4924716.515553008,338047.8683153047,OK,False
E09801,PEN_DB_01,44.84599589322382,9.598904859685147,60.0,15.154004106776178,24.752908966461327,pensionable_salary_annual,pensionable_salary_annual,1968000.0,0.06,4758940.558077836,0.015,1766964.33616352,685209.2647482913,0.07,0.03,Gompertz-Makeham,0.0002,1e-05,1.1,0.5,0.0,,0.44043599834062297,PIPELINE_06_RETIREMENT_SUMMARY,15.154004106776178,16.452696014800427,0.0,11273539.739428544,0.0,11273539.739428544,0.35868904461300827,1780988.9317552086,0.0,1780988.9317552086,185540.84635584423,OK,False
E09809,PEN_DB_01,47.748117727583846,5.7440109514031485,60.0,12.251882272416154,17.9958932238193,pensionable_salary_annual,pensionable_salary_annual,388000.0,0.06,792275.466120473,0.015,213865.57038233549,68262.58430886046,0.07,0.03,Gompertz-Makeham,0.0002,1e-05,1.1,0.5,0.5,53.90554414784394,0.4836402530829959,PIPELINE_06_RETIREMENT_SUMMARY,12.251882272416154,16.4526992082766,1.4491626657270003,1123103.766813303,98923.58864644232,1222027.3554597455,0.43650921369144874,237102.2846199972,20884.097769017,257986.3823890142,44913.97815423615,OK,False
E09816,PEN_DB_02,43.81108829568789,25.50034223134839,60.0,16.188911704312112,41.6892539356605,pensionable_salary_annual,pensionable_salary_annual,2573000.0,0.065,7131816.685130988,0.02,5946402.336180126,3637275.3240416166,0.068,0.03,Gompertz-Makeham,0.0002,1e-05,1.1,0.67,0.67,55.52361396303901,0.47465984818619517,PIPELINE_06_RETIREMENT_SUMMARY,16.188911704312112,16.877802996251773,1.9045607513344902,61389216.362302236,6927411.823967103,68316628.18626934,0.34471685026591004,10044702.961983267,1133485.6215856527,11178188.58356892,438354.45352679276,OK,False
E09848,PEN_DB_01,31.860369609856264,5.908281998631074,60.0,28.139630390143736,34.04791238877481,pensionable_salary_annual,pensionable_salary_annual,709000.0,0.06,3653792.924333931,0.015,1866060.3206167049,323814.5844235163,0.07,0.03,Gompertz-Makeham,0.0002,1e-05,1.1,0.5,0.0,,0.22597429634439808,PIPELINE_06_RETIREMENT_SUMMARY,28.139630390143736,16.452696014800427,0.0,5327622.922679043,0.0,5327622.922679043,0.14898802271216274,179367.55080317336,0.0,179367.55080317336,30358.664472131175,REVIEW_SPOUSE_DOB_MISSING,True
E09856,PEN_DB_02,45.883641341546884,2.4722792607802875,60.0,14.116358658453116,16.588637919233403,pensionable_salary_annual,pensionable_salary_annual,1691000.0,0.065,4113585.0421267636,0.02,1364775.4562763073,203398.61974212006,0.068,0.03,Gompertz-Makeham,0.0002,1e-05,1.1,0.67,0.0,,0.4083188595305092,PIPELINE_06_RETIREMENT_SUMMARY,14.116358658453116,16.87779941727805,0.0,3432921.105758714,0.0,3432921.105758714,0.3950735453062108,553785.0305504112,0.0,553785.0305504112,223997.76567944372,OK,False
E09857,PEN_DB_01,23.496235455167692,4.008213552361396,60.0,36.50376454483231,40.511978097193705,pensionable_salary_annual,pensionable_salary_annual,606000.0,0.06,5084309.402345652,0.015,3089631.4672077456,305684.96776320465,0.07,0.03,Gompertz-Makeham,0.0002,1e-05,1.1,0.5,0.0,,0.14872137143172318,PIPELINE_06_RETIREMENT_SUMMARY,36.50376454483231,16.452696014800427,0.0,5029341.850902074,0.0,5029341.850902074,0.08460216909230327,63279.93665485835,0.0,63279.93665485835,15787.56616337911,OK,False
E09860,PEN_DB_01,42.46680355920602,3.0691307323750854,60.0,17.53319644079398,20.602327173169066,pensionable_salary_annual,pensionable_salary_annual,2044000.0,0.06,5677715.123824475,0.015,1754612.1686562293,261384.74964300767,0.07,0.03,Gompertz-Makeham,0.0002,1e-05,1.1,0.5,0.0,,0.3479654025261071,PIPELINE_06_RETIREMENT_SUMMARY,17.53319644079398,16.452696014800427,0.0,4300483.82878112,0.0,4300483.82878112,0.3053574032097963,456942.79905777617,0.0,456942.79905777617,148883.45883662155,OK,False
E09866,PEN_DB_01,37.42368240930869,6.354551676933607,60.0,22.57631759069131,28.930869267624917,pensionable_salary_annual,pensionable_salary_annual,2363000.0,0.06,8805965.360266095,0.015,3821463.489196379,839369.4292064725,0.07,0.03,Gompertz-Makeham,0.0002,1e-05,1.1,0.5,0.0,,0.2941825523326277,PIPELINE_06_RETIREMENT_SUMMARY,22.57631759069131,16.452696014800427,0.0,13809890.06285064,0.0,13809890.06285064,0.21708134461616796,881920.9022012918,0.0,881920.9022012918,138785.69992633426,OK,False
E09872,PEN_DB_01,56.0848733744011,13.02943189596167,60.0,3.9151266255989015,16.944558521560573,pensionable_salary_annual,pensionable_salary_annual,3107000.0,0.06,3903165.0842061504,0.015,992061.1378296453,762840.354650393,0.07,0.03,Gompertz-Makeham,0.0002,1e-05,1.1,0.5,0.5,56.46269678302532,0.8026773040307941,PIPELINE_06_RETIREMENT_SUMMARY,3.9151266255989015,16.45269919212516,1.290828087272025,12550782.886676991,984695.75588728,13535478.64256427,0.76728867757965,7729841.517842202,606459.5495776103,8336301.067419813,639805.4139262633,OK,False
E09876,PEN_DB_01,43.422313483915126,8.61054072553046,60.0,16.577686516084874,25.188227241615333,pensionable_salary_annual,pensionable_salary_annual,1412000.0,0.06,3709773.5298346225,0.015,1401639.2802660586,479147.3409170385,0.07,0.03,Gompertz-Makeham,0.0002,1e-05,1.1,0.5,0.5,60.34496919917864,0.4059282928175168,PIPELINE_06_RETIREMENT_SUMMARY,16.577686516084874,16.452696014800427,1.061444022600197,7883265.546407981,508588.0809611694,8391853.62736915,0.3257503904038872,1042414.4503532462,67251.26303945419,1109665.7133927003,128872.9417541125,OK,False
E09890,PEN_DB_01,33.98220396988364,2.116358658453114,60.0,26.017796030116358,28.134154688569474,pensionable_salary_annual,pensionable_salary_annual,422000.0,0.06,1921831.430642678,0.015,811036.5413258382,61009.268824919505,0.07,0.03,Gompertz-Makeham,0.0002,1e-05,1.1,0.5,0.5,60.87611225188227,0.2231061326829112,PIPELINE_06_RETIREMENT_SUMMARY,26.017796030116358,16.452696014800427,1.0314215623467853,1003766.9540616411,62926.275369033494,1066693.2294306746,0.1719882848776071,38516.185315125105,2414.5844545859086,40930.76976971101,19340.185845261254,OK,False
E09895,PEN_DB_02,27.876796714579054,4.772073921971253,60.0,32.12320328542094,36.8952772073922,pensionable_salary_annual,pensionable_salary_annual,1937000.0,0.065,14644907.436057413,0.02,10806558.390598752,1397731.6173058492,0.068,0.03,Gompertz-Makeham,0.0002,1e-05,1.1,0.67,0.0,,0.18404485515806218,PIPELINE_06_RETIREMENT_SUMMARY,32.12320328542094,16.87779941727805,0.0,23590633.87607577,0.0,23590633.87607577,0.12083697414058542,524642.095125644,0.0,524642.095125644,109940.06038132044,REVIEW_SPOUSE_DOB_MISSING,True
E09898,PEN_DB_01,43.12662559890486,17.6290212183436,60.0,16.87337440109514,34.502395619438744,pensionable_salary_annual,pensionable_salary_annual,3170000.0,0.06,8473339.379184647,0.015,4385257.612175972,2240650.1955880877,0.07,0.03,Gompertz-Makeham,0.0002,1e-05,1.1,0.5,0.5,58.95140314852841,0.43840078473843996,PIPELINE_06_RETIREMENT_SUMMARY,16.87337440109514,16.452698921686956,1.1418982190942755,36864743.056829795,2558594.4679552773,39423337.52478507,0.3192982349434193,5160348.732675823,358153.58050347975,5518502.313179303,313035.0939414103,OK,False
E09904,PEN_DB_01,24.175222450376456,6.1738535249828885,60.0,35.82477754962355,41.998631074606436,pensionable_salary_annual,pensionable_salary_annual,288000.0,0.06,2322573.580401474,0.015,1463173.6642036394,215088.43629590655,0.07,0.03,Gompertz-Makeham,0.0002,1e-05,1.1,0.5,0.0,,0.1624348432514195,PIPELINE_06_RETIREMENT_SUMMARY,35.82477754962355,16.452696014800427,0.0,3538784.658675317,0.0,3538784.658675317,0.08857939319404422,50917.37787205725,0.0,50917.37787205725,8247.260429165815,OK,False
E09906,PEN_DB_01,46.85557837097878,7.345653661875428,60.0,13.144421629021217,20.490075290896645,pensionable_salary_annual,pensionable_salary_annual,853000.0,0.06,1834763.086053806,0.015,563916.5066130054,202163.01272617502,0.07,0.03,Gompertz-Makeham,0.0002,1e-05,1.1,0.5,0.0,,0.4728753013613332,PIPELINE_06_RETIREMENT_SUMMARY,13.144421629021217,16.452696014800427,0.0,3326126.5938199875,0.0,3326126.5938199875,0.41092942178224967,646327.5119731457,0.0,646327.5119731457,87987.74645851341,OK,False
E09913,PEN_DB_02,33.492128678986994,7.94798083504449,60.0,26.507871321013006,34.455852156057496,pensionable_salary_annual,pensionable_salary_annual,1301000.0,0.065,6906486.705063919,0.02,4759377.696549182,1097852.479386752,0.068,0.03,Gompertz-Makeham,0.0002,1e-05,1.1,0.67,0.0,,0.2534149903273858,PIPELINE_06_RETIREMENT_SUMMARY,26.507871321013006,16.87779941727805,0.0,18529333.936850987,0.0,18529333.936850987,0.17483843489272916,820973.2746747517,0.0,820973.2746747517,103293.31332240893,REVIEW_SPOUSE_DOB_MISSING,True
E09917,PEN_DB_01,34.625598904859686,4.717316906228611,60.0,25.374401095140314,30.091718001368925,pensionable_salary_annual,pensionable_salary_annual,630000.0,0.06,2763514.354280563,0.015,1247383.4196261875,195545.59476079713,0.07,0.03,Gompertz-Makeham,0.0002,1e-05,1.1,0.5,0.5,59.79739904175222,0.24911399135335976,PIPELINE_06_RETIREMENT_SUMMARY,25.374401095140314,16.452698200221736,1.092775387264371,3217252.654982256,213687.41304257186,3430940.0680248276,0.17964049344174315,143975.1459345684,9562.716944079843,153537.86287864824,32547.710050160345,OK,False
E09918,PEN_DB_01,32.799452429842574,14.743326488706366,60.0,27.200547570157426,41.94387405886379,pensionable_salary_annual,pensionable_salary_annual,1436000.0,0.06,7006285.522303274,0.015,4408061.363518938,1549439.3239262064,0.07,0.03,Gompertz-Makeham,0.0002,1e-05,1.1,0.5,0.0,,0.27144325246177536,PIPELINE_06_RETIREMENT_SUMMARY,27.200547570157426,16.452696014800427,0.0,25492454.189935766,0.0,25492454.189935766,0.15876148675033927,1098590.5407140518,0.0,1098590.5407140518,74514.42804007564,OK,False
E09930,PEN_DB_01,33.43189596167009,4.418891170431212,60.0,26.568104038329913,30.986995208761126,pensionable_salary_annual,pensionable_salary_annual,1720000.0,0.06,8088301.059928338,0.015,3759482.192865254,536119.8320626011,0.07,0.03,Gompertz-Makeham,0.0002,1e-05,1.1,0.5,0.0,,0.2339931418364823,PIPELINE_06_RETIREMENT_SUMMARY,26.568104038329913,16.452696014800427,0.0,8820616.624431832,0.0,8820616.624431832,0.16570237661975182,342003.7064011222,0.0,342003.7064011222,77395.82017534689,OK,False
E09935,PEN_DB_01,47.19233401779603,8.621492128678987,60.0,12.807665982203972,21.42915811088296,pensionable_salary_annual,pensionable_salary_annual,1076000.0,0.06,2269453.773535526,0.015,729487.2560764912,293491.1676740604,0.07,0.03,Gompertz-Makeham,0.0002,1e-05,1.1,0.5,0.5,57.22655715263518,0.4888608257305226,PIPELINE_06_RETIREMENT_SUMMARY,12.807665982203972,16.452699135693468,1.244482111179648,4828721.88072468,365244.5079595947,5193966.388684275,0.4203996929060535,992384.1499189914,75063.9339968914,1067448.0839158827,123812.45241355227,OK,False
E09936,PEN_DB_02,28.733744010951405,3.6030116358658453,60.0,31.266255989048595,34.86926762491444,pensionable_salary_annual,pensionable_salary_annual,492000.0,0.065,3524397.9556322847,0.02,2457863.5106328693,253968.93687129839,0.068,0.03,Gompertz-Makeham,0.0002,1e-05,1.1,0.67,0.0,,0.18479821298210633,PIPELINE_06_RETIREMENT_SUMMARY,31.266255989048595,16.87779941727805,0.0,4286436.774733126,0.0,4286436.774733126,0.12784504471219216,101269.36548202616,0.0,101269.36548202616,28106.866065585145,OK,False
E09949,PEN_DB_02,42.36824093086927,3.1156741957563314,60.0,17.63175906913073,20.74743326488706,pensionable_salary_annual,pensionable_salary_annual,1538000.0,0.065,4668507.1726053655,0.02,1937190.820205528,290910.94660779776,0.068,0.03,Gompertz-Makeham,0.0002,1e-05,1.1,0.67,0.67,62.704996577686515,0.9709098458973012,REVIEW_DB_MORTALITY_ONLY_FALLBACK,17.63175906913073,16.87779941727805,1.306024442123867,4909936.605136896,379936.8067511751,5289873.41188807,0.3135007298415793,1494491.145230611,115645.52439287424,1610136.6696234853,516785.9565729156,REVIEW_DB_MORTALITY_ONLY_FALLBACK,True
